CASE_ID,ACCIDENT_YEAR,PROC_DATE,JURIS,COLLISION_DATE,COLLISION_TIME,OFFICER_ID,REPORTING_DISTRICT,DAY_OF_WEEK,CHP_SHIFT,POPULATION,CNTY_CITY_LOC,SPECIAL_COND,BEAT_TYPE,CHP_BEAT_TYPE,CITY_DIVISION_LAPD,CHP_BEAT_CLASS,BEAT_NUMBER,PRIMARY_RD,SECONDARY_RD,DISTANCE,DIRECTION,INTERSECTION,WEATHER_1,WEATHER_2,STATE_HWY_IND,CALTRANS_COUNTY,CALTRANS_DISTRICT,STATE_ROUTE,ROUTE_SUFFIX,POSTMILE_PREFIX,POSTMILE,LOCATION_TYPE,RAMP_INTERSECTION,SIDE_OF_HWY,TOW_AWAY,COLLISION_SEVERITY,NUMBER_KILLED,NUMBER_INJURED,PARTY_COUNT,PRIMARY_COLL_FACTOR,PCF_CODE_OF_VIOL,PCF_VIOL_CATEGORY,PCF_VIOLATION,PCF_VIOL_SUBSECTION,HIT_AND_RUN,TYPE_OF_COLLISION,MVIW,PED_ACTION,ROAD_SURFACE,ROAD_COND_1,ROAD_COND_2,LIGHTING,CONTROL_DEVICE,CHP_ROAD_TYPE,PEDESTRIAN_ACCIDENT,BICYCLE_ACCIDENT,MOTORCYCLE_ACCIDENT,TRUCK_ACCIDENT,NOT_PRIVATE_PROPERTY,ALCOHOL_INVOLVED,STWD_VEHTYPE_AT_FAULT,CHP_VEHTYPE_AT_FAULT,COUNT_SEVERE_INJ,COUNT_VISIBLE_INJ,COUNT_COMPLAINT_PAIN,COUNT_PED_KILLED,COUNT_PED_INJURED,COUNT_BICYCLIST_KILLED,COUNT_BICYCLIST_INJURED,COUNT_MC_KILLED,COUNT_MC_INJURED,PRIMARY_RAMP,SECONDARY_RAMP,LATITUDE,LONGITUDE,COUNTY,CITY,POINT_X,POINT_Y
91570259,2021,2021-09-14,9740,2021-09-04,1515,017952,,6,2,9,4000,0,3,5,,2,024,"SANTA ROSA CREEK RD.","CURTI CREEK RD.",7392.00,S,N,A,-,N,,,,,,,,,,N,2,0,1,1,A,-,08,22107,,N,F,A,A,A,H,-,A,D,0,,Y,,,Y,,L,04,1,0,0,0,0,0,1,0,0,"- ","- ",35.574710845947266,-120.98446655273438,"SAN LUIS OBISPO",UNINCORPORATED,-120.98486328125,35.575206756591797
91672932,2021,2022-01-06,9745,2021-12-31,1155,016390,,5,1,9,4000,0,1,3,,1,041,SR-1,"S. 4TH STREET",300.00,N,N,A,-,Y,,,1,,,,,,,N,3,0,1,1,A,-,08,22107,,N,F,A,A,A,H,-,A,D,0,,Y,,,Y,,L,04,0,1,0,0,0,0,1,0,0,"- ","- ",35.103420257568359,-120.61959075927734,"SAN LUIS OBISPO",UNINCORPORATED,-120.61958312988281,35.103443145751953
9251684,2021,2021-04-30,4001,2021-03-19,2231,P0148,462,5,5,3,4001,0,0,0,,0,OPERAT,"WEST BRANCH ST","BRISCO RD",0.00,,Y,C,-,N,,,,,,,,,,Y,4,0,1,2,A,-,08,22107,,N,A,C,A,B,H,-,C,A,0,,,,,Y,,A,01,0,0,1,0,0,0,0,0,0,"- ","- ",,,"SAN LUIS OBISPO","ARROYO GRANDE",-120.59297943115234,35.124820709228516
9287977,2021,2021-08-09,4006,2021-06-22,1139,89870,,2,5,4,4006,0,0,0,,0,,HIGUERA,OSOS,0.00,,Y,A,-,N,,,,,,,,,,N,4,0,1,2,A,-,08,22100,B,N,D,C,A,A,H,-,A,A,0,,,,,Y,,A,07,0,0,1,0,0,0,0,0,0,"- ","- ",35.16510009765625,-120.393798828125,"SAN LUIS OBISPO","SAN LUIS OBISPO",-120.66078186035156,35.281162261962891
9301780,2021,2023-06-20,4006,2021-06-25,0719,48750,,5,5,4,4006,0,0,0,,0,,"SOUTH HIGUERA",SUBURBAN,0.00,,Y,A,-,N,,,,,,,,,,N,1,1,0,2,A,-,08,22107,,N,D,G,A,A,H,-,A,A,0,,Y,,Y,Y,,F,25,0,0,0,0,0,1,0,0,0,"- ","- ",,,"SAN LUIS OBISPO","SAN LUIS OBISPO",-120.67539978027344,35.244026184082031
9392894,2021,2022-01-31,4005,2021-11-17,1736,P115,12,3,5,2,4005,0,0,0,,0,,"OAK PARK",BRANCH,32.00,W,N,A,-,N,,,,,,,,,,N,3,0,1,2,A,-,12,21453,A,N,D,C,A,A,H,-,B,A,0,,,,,Y,,A,01,0,1,0,0,0,0,0,0,0,"- ","- ",,,"SAN LUIS OBISPO","PISMO BEACH",-120.60623168945312,35.131366729736328
91675565,2021,2022-01-11,9740,2021-12-31,2055,018069,,5,2,9,4000,0,1,3,,2,010,SR-41,SR-46E,22704.00,N,N,A,-,Y,,,41,,,,,,,Y,4,0,1,1,A,-,08,22107,,N,F,A,A,A,H,-,D,D,0,,,,,Y,,A,07,0,0,1,0,0,0,0,0,0,"- ","- ",35.774810791015625,-120.22942352294922,"SAN LUIS OBISPO",UNINCORPORATED,-120.22943115234375,35.774818420410156
9380724,2021,2022-02-01,4006,2021-12-18,1342,1796,554,6,5,4,4006,0,0,0,,0,OHV264,"OCEANO DUNES SVRA","CXT I",700.00,E,N,A,-,N,,,,,,,,,,N,3,0,1,1,A,-,00,38305,A,N,A,A,A,A,H,-,A,D,0,,,Y,,Y,,C,06,0,1,0,0,0,0,0,0,1,"- ","- ",,,"SAN LUIS OBISPO","SAN LUIS OBISPO",,
91481448,2021,2021-05-27,9740,2021-05-19,0540,017498,,3,3,9,4000,0,3,5,,2,017,"CRESTON RD","S. EL POMAR RD",4752.00,E,N,A,-,N,,,,,,,,,,Y,4,0,1,2,A,-,08,22107,,N,B,C,A,A,H,-,A,D,0,,,,,Y,,E,22,0,0,1,0,0,0,0,0,0,"- ","- ",35.572368621826172,-120.58746337890625,"SAN LUIS OBISPO",UNINCORPORATED,-120.59313201904297,35.572662353515625
91524538,2021,2021-07-20,9740,2021-07-14,0730,017498,,3,1,4,4008,0,1,2,,2,002,"US-101 SOUTHBOUND","DEL RIO RD",1584.00,N,N,A,-,Y,,,101,,,,,,S,Y,4,0,1,2,A,-,01,23152,F,N,C,C,A,A,H,-,A,D,0,,,,,Y,,A,07,0,0,1,0,0,0,0,0,0,"- ","- ",35.517509460449219,-120.70256805419922,"SAN LUIS OBISPO",ATASCADERO,-120.70256805419922,35.517509460449219
91535887,2021,2021-08-03,9745,2021-07-24,0550,019070,,6,3,9,4000,0,3,5,,2,004,"DIVISION ST","BONITA SCHOOL ROAD",0.00,,Y,E,-,N,,,,,,,,,,Y,3,0,3,2,A,-,09,21802,A,N,D,C,A,A,H,-,B,A,0,,,,,Y,,A,01,0,2,1,0,0,0,0,0,0,"- ","- ",35.003578186035156,-120.51888275146484,"SAN LUIS OBISPO",UNINCORPORATED,-120.51895141601562,35.003547668457031
91559884,2021,2021-08-31,9740,2021-08-21,1250,015675,,6,1,9,4000,0,3,5,,2,016,"GINGER RD.","BELMONT TRL.",200.00,S,N,A,-,N,,,,,,,,,,N,3,0,1,1,A,-,08,22107,,N,E,I,A,A,H,-,A,D,0,,,Y,,Y,,C,06,0,1,0,0,0,0,0,0,1,"- ","- ",35.306198120117188,-119.99185943603516,"SAN LUIS OBISPO",UNINCORPORATED,-119.99142456054688,35.30731201171875
91571405,2021,2021-09-15,9745,2021-09-04,1855,017379,,6,2,9,4000,0,1,3,,1,021,SR-1,"TORO CREEK RD",225.00,N,N,A,-,Y,,,1,,,,,,,Y,3,0,2,3,A,-,08,22107,,N,C,C,A,A,H,-,A,D,0,,,,,Y,,D,22,0,1,1,0,0,0,0,0,0,"- ","- ",35.415771484375,-120.87449645996094,"SAN LUIS OBISPO",UNINCORPORATED,-120.87448883056641,35.415779113769531
91636953,2021,2021-11-29,9740,2021-11-22,1745,019259,,1,2,9,4000,0,1,2,,2,002,"US-101 NORTHBOUND","SAN RAMON RD.",1320.00,N,N,A,-,Y,,,101,,,,,,N,Y,4,0,1,3,A,-,03,22350,,N,C,C,A,A,H,-,D,D,0,,,,,Y,,A,07,0,0,1,0,0,0,0,0,0,"- ","- ",35.529659271240234,-120.70735931396484,"SAN LUIS OBISPO",UNINCORPORATED,-120.70733642578125,35.529685974121094
9371052,2021,2022-01-26,4002,2021-11-12,1400,478,,5,5,3,4002,0,0,0,,0,,"S 13TH ST","FARROLL AV",0.00,,Y,A,-,N,,,,,,,,,,N,2,0,1,2,A,-,09,21801,A,N,G,B,C,A,H,-,A,A,0,Y,,,,Y,,A,07,1,0,0,0,1,0,0,0,0,"- ","- ",,,"SAN LUIS OBISPO","GROVER BEACH",-120.61605072021484,35.111869812011719
91501463,2021,2021-06-21,9740,2021-06-09,1327,017498,,3,1,3,4004,0,1,2,,2,003,"US-101 NORTHBOUND","NIBLICK RD",4752.00,S,N,A,-,Y,,,101,,,,,,N,Y,2,0,1,1,A,-,01,23152,A,N,F,A,A,A,H,-,A,D,0,,,,,Y,Y,A,01,1,0,0,0,0,0,0,0,0,"- ","- ",35.601421356201172,-120.69277954101562,"SAN LUIS OBISPO","PASO ROBLES",-120.69265747070312,35.601371765136719
91645521,2021,2021-12-07,9745,2021-12-02,1915,017061,,4,2,9,4000,0,2,4,,1,025,"LOS OSOS VALLEY ROAD","W.FOOTHILL BLVD",8.00,E,N,A,-,N,,,,,,,,,,Y,4,0,1,2,A,-,03,22350,,N,C,C,A,A,H,-,C,A,0,,,,,Y,,A,01,0,0,1,0,0,0,0,0,0,"- ","- ",35.27655029296875,-120.71153259277344,"SAN LUIS OBISPO",UNINCORPORATED,-120.71160888671875,35.276603698730469
9377319,2021,2021-12-23,4006,2021-10-24,1859,99143,,7,5,4,4006,0,0,0,,0,,OSOS,MILL,0.00,,Y,C,-,N,,,,,,,,,,Y,4,0,1,2,A,-,09,21802,A,N,D,C,A,B,H,-,C,A,0,,,,,Y,,A,01,0,0,1,0,0,0,0,0,0,"- ","- ",35.283500671386719,-120.66285705566406,"SAN LUIS OBISPO","SAN LUIS OBISPO",-120.66290283203125,35.283493041992188
9380726,2021,2022-02-01,4006,2021-12-28,1414,1633,554,2,5,4,4006,0,0,0,,0,OHV264,"OCEANO DUNES SVRA","CXT G",2000.00,N,-,A,-,N,,,,,,,,,,N,2,0,1,1,A,-,03,38305,,N,H,A,A,A,H,-,A,D,0,,,Y,,Y,,C,02,1,0,0,0,0,0,0,0,1,"- ","- ",,,"SAN LUIS OBISPO","SAN LUIS OBISPO",,
91486474,2021,2021-06-01,9745,2021-03-27,2310,018454,,6,3,9,4000,0,1,2,,2,505,"US-101 NORTHBOUND","TEFFT STREET",737.00,S,N,A,-,Y,,,101,,,,,,N,Y,1,1,3,2,A,-,01,23152,A,F,A,C,A,A,H,-,C,D,0,,,,,Y,Y,A,07,2,1,0,0,0,0,0,0,0,"- ","- ",35.034679412841797,-120.482177734375,"SAN LUIS OBISPO",UNINCORPORATED,-120.48215484619141,35.034709930419922
91501747,2021,2021-06-21,9740,2021-06-12,1938,021275,,6,2,9,4000,0,3,5,,2,017,"TEMPLETON RD","BLUE BIRD HILL LN",630.00,S,N,A,-,N,,,,,,,,,,Y,2,0,1,1,A,-,01,23152,A,N,F,A,A,A,H,-,A,D,0,,,,,Y,Y,D,22,1,0,0,0,0,0,0,0,0,"- ","- ",35.513710021972656,-120.65422821044922,"SAN LUIS OBISPO",UNINCORPORATED,-120.65420532226562,35.513713836669922
91501954,2021,2021-06-21,9740,2021-06-15,1219,019486,,2,1,9,4000,0,1,2,,2,002,"US-101 SOUTHBOUND","LAS TABLAS ROAD",1056.00,N,N,A,-,Y,,,101,,,,,,S,Y,4,0,1,4,A,-,03,22350,,N,C,C,A,A,H,-,A,D,0,,,,,Y,,A,01,0,0,1,0,0,0,0,0,0,"- ","- ",35.556060791015625,-120.71067810058594,"SAN LUIS OBISPO",UNINCORPORATED,-120.71067810058594,35.556056976318359
81513784,2021,2021-07-06,4004,2021-06-05,2348,1384,,6,5,3,4004,0,0,0,,0,,"24TH ST","SPRING ST",0.00,,Y,A,-,N,,,,,,,,,,N,4,0,1,2,A,-,09,21801,A,N,A,C,A,A,H,-,C,A,0,,,,,Y,,A,07,0,0,1,0,0,0,0,0,0,"- ","- ",35.639259338378906,-120.69246673583984,"SAN LUIS OBISPO","PASO ROBLES",-120.69243621826172,35.639125823974609
91395890,2021,2021-01-28,9745,2021-01-20,0026,017541,,3,3,9,4000,0,1,2,,2,303,"US-101 SOUTHBOUND","HIGUERA ST",1584.00,N,N,A,-,Y,,,101,,,,,,S,Y,3,0,1,1,A,-,08,22107,,N,E,I,A,A,H,-,D,D,0,,,,,Y,,A,01,0,1,0,0,0,0,0,0,0,"- ","- ",35.228229522705078,-120.69139862060547,"SAN LUIS OBISPO",UNINCORPORATED,-120.69134521484375,35.228225708007812
91504548,2021,2021-06-23,9740,2021-06-19,1105,017498,,6,1,3,4004,0,1,2,,2,003,"US-101 SOUTHBOUND",SR-46W,4224.00,N,N,A,-,Y,,,101,,,,,,S,Y,4,0,1,2,A,-,03,22350,,N,C,C,A,A,E,-,A,D,0,,,,,Y,,D,22,0,0,1,0,0,0,0,0,0,"- ","- ",35.594268798828125,-120.69550323486328,"SAN LUIS OBISPO","PASO ROBLES",-120.69551086425781,35.594268798828125
91473673,2021,2021-05-14,9745,2021-05-11,2215,020029,,2,3,9,4000,0,1,3,,1,041,"S HALCYON RD",SR-1,500.00,N,N,A,-,N,,,,,,,,,,Y,4,0,1,1,A,-,08,22107,,N,E,I,A,A,H,-,D,D,0,,,,,Y,,A,01,0,0,1,0,0,0,0,0,0,"- ","- ",35.099811553955078,-120.59165954589844,"SAN LUIS OBISPO",UNINCORPORATED,-120.59175872802734,35.099407196044922
91506408,2021,2021-06-25,9745,2021-06-14,1329,017968,,1,1,9,4000,0,3,5,,2,004,"BEACH STREET","19TH STREET",150.00,S,N,A,-,N,,,,,,,,,,Y,4,0,1,2,C,-,18,,,N,C,C,A,A,H,-,A,D,0,,,,,Y,,-,"- ",0,0,1,0,0,0,0,0,0,"- ","- ",35.099140167236328,-120.6102294921875,"SAN LUIS OBISPO",UNINCORPORATED,-120.61077117919922,35.099159240722656
91540237,2021,2021-08-09,9740,2021-08-01,1030,019486,,7,1,9,4000,0,3,5,,2,021,"VINEYARD DR","HIDDEN VALLEY RD",528.00,E,N,A,-,N,,,,,,,,,,N,3,0,1,1,A,-,03,22350,,N,F,A,A,A,H,-,A,D,0,,,Y,,Y,,C,02,0,1,0,0,0,0,0,0,1,"- ","- ",35.543079376220703,-120.74446868896484,"SAN LUIS OBISPO",UNINCORPORATED,-120.744384765625,35.543079376220703
91549201,2021,2021-08-19,9745,2021-08-10,0655,016773,,2,1,9,4000,0,1,3,,1,011,"SR-41 NORTHBOUND","BEAR RIDGE RD",1584.00,S,N,B,-,Y,,,41,,,,,,N,Y,2,0,1,1,A,-,08,22107,,N,E,I,A,A,H,-,A,D,0,,,,,Y,,D,22,1,0,0,0,0,0,0,0,0,"- ","- ",35.423538208007812,-120.78640747070312,"SAN LUIS OBISPO",UNINCORPORATED,-120.78642272949219,35.423606872558594
91624915,2021,2021-11-15,9745,2021-11-06,2210,020029,,6,3,9,4000,0,2,4,,1,052,"S THOMPSON AVE","WINEMAN RD",2000.00,N,N,A,-,N,,,,,,,,,,Y,4,0,1,1,A,-,08,22107,,N,F,I,A,A,H,-,D,D,0,,,,,Y,,A,01,0,0,1,0,0,0,0,0,0,"- ","- ",35.001850128173828,-120.43781280517578,"SAN LUIS OBISPO",UNINCORPORATED,-120.43895721435547,35.003513336181641
91678585,2021,2022-01-14,9740,2021-12-20,0235,019259,,1,3,9,4000,0,1,2,,2,002,"US-101 NORTHBOUND","SAN RAMON RD.",528.00,N,N,B,-,Y,,,101,,,,,,N,Y,4,0,1,1,A,-,08,22107,,M,E,8,A,A,H,-,D,D,0,,,,,Y,,A,01,0,0,1,0,0,0,0,0,0,"- ","- ",35.528640747070312,-120.70604705810547,"SAN LUIS OBISPO",UNINCORPORATED,-120.70609283447266,35.528587341308594
91418288,2021,2021-03-01,9745,2021-02-06,1120,017968,,6,1,9,4000,0,3,5,,2,004,"VIA CONCHA ROAD","EUCALYPTUS ROAD",257.00,S,N,A,-,N,,,,,,,,,,N,2,0,1,1,A,-,17,21712,A,N,H,A,A,A,H,-,A,D,0,,,,,Y,,A,01,1,0,0,0,0,0,0,0,0,"- ","- ",35.027671813964844,-120.55735778808594,"SAN LUIS OBISPO",UNINCORPORATED,-120.55725860595703,35.027679443359375
91538676,2021,2021-08-06,9745,2021-07-28,1830,020229,,3,2,9,4000,0,1,3,,1,045,"RT 1","SANTA BARBARA COUNTY LINE",40.00,N,N,A,-,Y,,,1,,,,,,,Y,3,0,2,2,A,-,01,23152,A,N,A,C,A,A,H,-,A,D,0,,,,,Y,Y,D,22,0,1,1,0,0,0,0,0,0,"- ","- ",34.976608276367188,-120.57086181640625,"SAN LUIS OBISPO",UNINCORPORATED,-120.57093048095703,34.976615905761719
91605896,2021,2021-10-25,9745,2021-10-24,2120,017379,,7,2,9,4000,0,1,2,,1,101,"US-101 (S/B)","CUESTA SPRINGS RD.",1584.00,N,N,B,C,Y,,,101,,,,,,,Y,3,0,1,1,A,-,08,22107,,N,E,I,A,B,H,-,D,D,0,,,,,Y,,D,22,0,1,0,0,0,0,0,0,0,"- ","- ",35.353019714355469,-120.63503265380859,"SAN LUIS OBISPO",UNINCORPORATED,-120.63502502441406,35.353023529052734
9247642,2021,2021-04-09,4001,2021-02-04,1454,P0144,463,4,5,3,4001,0,0,0,,0,OPERAT,"EL CAMINO REAL","BRISCO RD",0.00,,Y,A,-,N,,,,,,,,,,Y,4,0,3,2,A,-,12,21453,A,N,D,C,A,A,H,-,A,A,0,,,,,Y,,A,01,0,0,3,0,0,0,0,0,0,"- ","- ",,,"SAN LUIS OBISPO","ARROYO GRANDE",-120.59359741210938,35.123867034912109
9272528,2021,2021-06-10,4002,2021-05-25,0719,459,,2,5,3,4002,0,0,0,,0,,"W GRAND AV","S 4TH ST",0.00,,N,A,-,N,,,,,,,,,,N,3,0,1,1,C,-,18,,,N,H,A,A,A,H,-,A,A,0,,,,,Y,,-,"- ",0,1,0,0,0,0,0,0,0,"- ","- ",,,"SAN LUIS OBISPO","GROVER BEACH",-120.62644195556641,35.121799468994141
9294119,2021,2021-08-10,4001,2021-06-09,1002,P0147,463,3,5,3,4001,0,0,0,,0,OPERAT,"EAST GRAND AV","E GRAND AVE 400",0.00,,N,A,-,N,,,,,,,,,,Y,4,0,2,2,A,-,09,21801,A,N,D,C,A,A,H,-,A,D,0,,,,,Y,,D,22,0,0,2,0,0,0,0,0,0,"- ","- ",,,"SAN LUIS OBISPO","ARROYO GRANDE",-120.58495330810547,35.120952606201172
91552161,2021,2021-08-24,9745,2021-08-20,0543,017817,,5,3,9,4000,0,1,2,,2,505,"US-101 NORTHBOUND","LAETITIA DR.",150.00,S,N,B,-,Y,,,101,,,,,,N,Y,4,0,4,1,A,-,08,22107,,N,E,I,A,A,H,-,D,D,0,,,,,Y,,A,01,0,0,4,0,0,0,0,0,0,"- ","- ",35.08905029296875,-120.53688049316406,"SAN LUIS OBISPO",UNINCORPORATED,-120.536865234375,35.089076995849609
91625890,2021,2021-11-16,9745,2021-09-21,0045,020417,,2,3,9,4000,0,1,2,,2,303,"US101 NORTHBOUND","AVILA BEACH DRIVE",176.00,S,N,B,-,Y,,,101,,,,,,N,Y,1,1,1,1,A,-,08,22107,,N,E,8,A,A,H,-,C,D,0,,,,,Y,,A,01,1,0,0,0,0,0,0,0,0,"- ","- ",35.179290771484375,-120.69872283935547,"SAN LUIS OBISPO",UNINCORPORATED,-120.69879150390625,35.179225921630859
9272450,2021,2021-06-07,4001,2021-04-13,1523,P0144,46-2,2,5,3,4001,0,0,0,,0,OPERAT,"N OAK PARK BL","EL CAMINO REAL",0.00,,Y,A,-,N,,,,,,,,,,N,4,0,1,2,A,-,08,22107,,F,B,G,A,A,H,-,A,A,0,,,,,Y,,-,,0,0,1,0,0,0,0,0,0,"- ","- ",,,"SAN LUIS OBISPO","ARROYO GRANDE",-120.60685729980469,35.129501342773438
9387907,2021,2022-01-10,4008,2021-12-20,1750,5151,,1,5,4,4008,0,0,0,,0,,"EL CAMINO REAL","SANTA ROSA RD",156.00,N,N,A,-,N,,,,,,,,,,N,4,0,1,2,A,-,08,22107,,N,D,C,A,A,H,-,C,D,0,,,,,Y,,A,01,0,0,1,0,0,0,0,0,0,"- ","- ",35.466781616210938,-120.64968109130859,"SAN LUIS OBISPO",ATASCADERO,-120.64990234375,35.467182159423828
91457239,2021,2021-04-23,9745,2021-04-18,2319,020226,,7,3,9,4000,0,2,4,,1,051,"LOS BERROS ROAD","DALE AVE",620.00,N,N,A,-,N,,,,,,,,,,Y,3,0,1,1,A,-,08,22107,,N,E,I,A,A,H,-,D,D,0,,,,,Y,,D,22,0,1,0,0,0,0,0,0,0,"- ","- ",35.074260711669922,-120.52285003662109,"SAN LUIS OBISPO",UNINCORPORATED,-120.52277374267578,35.074119567871094
91649131,2021,2021-12-10,9745,2021-12-08,1255,016390,,3,1,9,4000,0,1,3,,1,043,SR-1,"GRACIA WAY",600.00,S,N,A,-,Y,,,1,,,,,,,Y,2,0,1,1,C,-,18,,,N,E,I,A,A,H,-,A,D,0,,,Y,,Y,,-,"- ",1,0,0,0,0,0,0,0,1,"- ","- ",35.092121124267578,-120.58236694335938,"SAN LUIS OBISPO",UNINCORPORATED,-120.58235931396484,35.092121124267578
9242004,2021,2021-04-22,4006,2021-03-11,1132,62657,,4,5,4,4006,0,0,0,,0,,MORRO,PISMO,0.00,,Y,B,-,N,,,,,,,,,,N,4,0,1,2,A,-,09,21802,A,N,D,G,A,A,H,-,A,A,0,,Y,,,Y,,A,01,0,0,1,0,0,0,1,0,0,"- ","- ",35.278301239013672,-120.65960693359375,"SAN LUIS OBISPO","SAN LUIS OBISPO",-120.65969085693359,35.278297424316406
91540393,2021,2021-08-09,9745,2021-07-29,2358,018009,,4,3,2,4005,0,1,2,,2,404,"U.S 101 SOUTHBOUND","SPYGLASS DRIVE",831.00,N,N,A,-,Y,,,,,,,,,,Y,3,0,2,2,A,-,07,21658,A,N,D,2,A,A,H,-,A,D,0,,,,,Y,,A,01,0,2,0,0,0,0,0,0,0,"- ","- ",35.167530059814453,-120.69071197509766,"SAN LUIS OBISPO","PISMO BEACH",-120.68757629394531,35.164302825927734
9282824,2021,2021-07-20,4008,2021-06-10,2101,5155,,4,5,4,4008,0,0,0,,0,,"ATASCADERO AV","VIA TORTUGA",454.00,N,N,A,-,N,,,,,,,,,,N,4,0,1,1,C,-,18,,,N,H,H,A,A,H,-,D,D,0,,,Y,,Y,,-,"- ",0,0,1,0,0,0,0,0,1,"- ","- ",35.469768524169922,-120.66104888916016,"SAN LUIS OBISPO",ATASCADERO,-120.66232299804688,35.470653533935547
9344960,2021,2021-11-15,4003,2021-09-04,0009,G8493,9,6,5,2,4003,0,0,0,,0,002,"MAIN ST","ISLAND ST",38.00,S,N,A,-,N,,,,,,,,,,Y,4,0,1,2,A,-,01,23152,A,N,C,E,A,A,H,-,C,D,0,,,,,Y,Y,A,01,0,0,1,0,0,0,0,0,0,"- ","- ",,,"SAN LUIS OBISPO","MORRO BAY",-120.86212921142578,35.398445129394531
9359693,2021,2021-11-16,4008,2021-08-08,0246,5155,,7,5,4,4008,0,0,0,,0,,"RT 101","SANTA ROSA RD",1024.00,S,N,A,-,Y,SLO,5,101,-,-,43.320,H,-,N,Y,4,0,1,1,A,-,01,23152,A,N,E,I,A,A,H,-,D,A,0,,,,,Y,Y,A,01,0,0,1,0,0,0,0,0,0,"- ","- ",35.460830688476562,-120.64717102050781,"SAN LUIS OBISPO",ATASCADERO,-120.64466094970703,35.457572937011719
91390918,2021,2021-01-19,9745,2021-01-12,1728,017857,,2,2,2,4005,0,1,2,,2,404,"US-101 SOUTHBOUND","MATTIE ROAD",65.00,N,N,A,-,Y,,,101,,,,,,S,Y,4,0,1,2,A,-,03,22350,,N,C,C,A,A,H,-,D,D,0,,,,,Y,,A,01,0,0,1,0,0,0,0,0,0,"- ","- ",35.150901794433594,-120.65499877929688,"SAN LUIS OBISPO","PISMO BEACH",-120.65499114990234,35.150917053222656
91395745,2021,2021-01-28,9740,2021-01-27,0440,018988,,3,3,9,4000,0,1,2,,2,001,"US-101 NORTHBOUND",SR-58,4752.00,N,N,C,-,Y,,,101,,,,,,N,Y,4,0,1,1,A,-,03,22350,,N,E,I,A,B,H,-,D,D,0,,,,,Y,,A,01,0,0,1,0,0,0,0,0,0,"- ","- ",35.394908905029297,-120.62315368652344,"SAN LUIS OBISPO",UNINCORPORATED,-120.62306213378906,35.394886016845703
91453128,2021,2021-04-19,9745,2021-04-15,2315,017151,,4,3,4,4006,0,1,2,,2,202,"US-101 NORTHBOUND","BROAD ST",500.00,S,N,A,-,Y,,,101,,,,,,N,N,4,0,1,1,A,-,08,22107,,N,E,I,A,A,H,-,D,D,0,,,,,Y,,A,01,0,0,1,0,0,0,0,0,0,"- ","- ",35.2818603515625,-120.66840362548828,"SAN LUIS OBISPO","SAN LUIS OBISPO",-120.66844940185547,35.281887054443359
91490803,2021,2021-06-07,9745,2021-05-27,1325,017817,,4,1,9,4000,0,1,2,,1,101,"US-101 NORTHBOUND","STAGE COACH RD",450.00,N,N,A,-,Y,,,101,,,,,,N,N,4,0,1,2,A,-,03,22350,,N,C,C,A,A,H,-,A,D,0,,,,Y,Y,,G,25,0,0,1,0,0,0,0,0,0,"- ","- ",35.319080352783203,-120.62100219726562,"SAN LUIS OBISPO",UNINCORPORATED,-120.62106323242188,35.319072723388672
91503168,2021,2021-06-22,9740,2021-06-13,1215,017498,,7,1,3,4004,0,1,2,,2,003,"US-101 NORTHBOUND",SR-46E,1584.00,S,N,A,-,Y,,,101,,,,,,N,N,4,0,1,2,A,-,03,22350,,N,C,C,A,A,H,-,A,D,0,,,,,Y,,A,01,0,0,1,0,0,0,0,0,0,"- ","- ",35.639659881591797,-120.68405914306641,"SAN LUIS OBISPO","PASO ROBLES",-120.68405151367188,35.639659881591797
91586997,2021,2021-10-04,9745,2021-09-20,1925,017061,,1,2,9,4000,0,2,4,,1,025,"LOS OSOS VALLEY ROAD","TURRI ROAD",528.00,W,N,A,-,N,,,,,,,,,,Y,2,0,1,1,A,-,01,23152,A,M,E,I,A,A,H,-,D,D,0,,,,,Y,Y,A,07,1,0,0,0,0,0,0,0,0,"- ","- ",35.299339294433594,-120.77922821044922,"SAN LUIS OBISPO",UNINCORPORATED,-120.77834320068359,35.299636840820312
91623527,2021,2021-11-18,9740,2021-11-02,1250,019259,,2,1,9,4000,0,1,3,,1,009,SR-46,"ANTELOPE ROAD",7920.00,E,N,A,-,Y,,,46,,,,,,,Y,4,0,1,1,A,-,08,22107,,N,E,8,A,A,H,-,A,D,0,,,,,Y,,A,01,0,0,1,0,0,0,0,0,0,"- ","- ",35.733760833740234,-120.20870208740234,"SAN LUIS OBISPO",UNINCORPORATED,-120.20865631103516,35.733795166015625