CASE_ID,ACCIDENT_YEAR,PROC_DATE,JURIS,COLLISION_DATE,COLLISION_TIME,OFFICER_ID,REPORTING_DISTRICT,DAY_OF_WEEK,CHP_SHIFT,POPULATION,CNTY_CITY_LOC,SPECIAL_COND,BEAT_TYPE,CHP_BEAT_TYPE,CITY_DIVISION_LAPD,CHP_BEAT_CLASS,BEAT_NUMBER,PRIMARY_RD,SECONDARY_RD,DISTANCE,DIRECTION,INTERSECTION,WEATHER_1,WEATHER_2,STATE_HWY_IND,CALTRANS_COUNTY,CALTRANS_DISTRICT,STATE_ROUTE,ROUTE_SUFFIX,POSTMILE_PREFIX,POSTMILE,LOCATION_TYPE,RAMP_INTERSECTION,SIDE_OF_HWY,TOW_AWAY,COLLISION_SEVERITY,NUMBER_KILLED,NUMBER_INJURED,PARTY_COUNT,PRIMARY_COLL_FACTOR,PCF_CODE_OF_VIOL,PCF_VIOL_CATEGORY,PCF_VIOLATION,PCF_VIOL_SUBSECTION,HIT_AND_RUN,TYPE_OF_COLLISION,MVIW,PED_ACTION,ROAD_SURFACE,ROAD_COND_1,ROAD_COND_2,LIGHTING,CONTROL_DEVICE,CHP_ROAD_TYPE,PEDESTRIAN_ACCIDENT,BICYCLE_ACCIDENT,MOTORCYCLE_ACCIDENT,TRUCK_ACCIDENT,NOT_PRIVATE_PROPERTY,ALCOHOL_INVOLVED,STWD_VEHTYPE_AT_FAULT,CHP_VEHTYPE_AT_FAULT,COUNT_SEVERE_INJ,COUNT_VISIBLE_INJ,COUNT_COMPLAINT_PAIN,COUNT_PED_KILLED,COUNT_PED_INJURED,COUNT_BICYCLIST_KILLED,COUNT_BICYCLIST_INJURED,COUNT_MC_KILLED,COUNT_MC_INJURED,PRIMARY_RAMP,SECONDARY_RAMP,LATITUDE,LONGITUDE,COUNTY,CITY,POINT_X,POINT_Y
9242003,2021,2021-04-22,4006,2021-03-06,1849,98539,,6,5,4,4006,0,0,0,,0,,"SANTA ROSA",HIGUERA,0.00,,Y,A,-,N,,,,,,,,,,Y,4,0,1,2,A,-,09,21801,A,N,A,C,A,A,H,-,C,A,0,,,,,Y,,A,01,0,0,1,0,0,0,0,0,0,"- ","- ",35.281879425048828,-120.65941619873047,"SAN LUIS OBISPO","SAN LUIS OBISPO",-120.65940093994141,35.281970977783203
9291950,2021,2021-12-15,4008,2021-06-18,1040,2133,,5,5,4,4008,0,0,0,,0,,"MORRO RD","MORRO RD 13940",50.00,W,N,A,-,Y,SLO,5,41,-,-,11.050,H,-,S,Y,4,0,1,2,A,-,09,21801,A,N,D,C,A,A,H,-,A,D,0,,,,,Y,,A,07,0,0,1,0,0,0,0,0,0,"- ","- ",,,"SAN LUIS OBISPO",ATASCADERO,-120.72053527832031,35.459606170654297
81558946,2021,2021-08-31,4004,2021-08-08,1325,1473,,7,5,3,4004,0,0,0,,0,,"SPRING ST","8TH ST",0.00,,Y,A,-,N,,,,,,,,,,Y,4,0,1,2,A,-,08,22107,,N,B,D,A,A,H,-,A,D,0,,,,,Y,,A,01,0,0,1,0,0,0,0,0,0,"- ","- ",35.622238159179688,-120.69107055664062,"SAN LUIS OBISPO","PASO ROBLES",-120.69106292724609,35.622539520263672
91450151,2021,2021-05-19,9740,2021-04-05,1858,018988,,1,2,9,4000,0,1,3,,2,005,SR-58,"ESTRADA AVE",120.00,W,N,A,-,Y,,,58,,,,,,,Y,2,0,1,1,A,-,01,23152,F,N,E,I,A,A,H,-,B,D,0,,,,,Y,,A,07,1,0,0,0,0,0,0,0,0,"- ","- ",35.393718719482422,-120.60532379150391,"SAN LUIS OBISPO",UNINCORPORATED,-120.60495758056641,35.393444061279297
91562311,2021,2021-09-03,9745,2021-09-02,1235,020211,,4,1,9,4000,0,1,2,,2,505,"US-101 NORTHBOUND","WEST TEFFT STREET",692.00,S,N,A,-,Y,,,101,,,,,,N,Y,4,0,2,3,A,-,03,22350,,N,C,C,A,A,H,-,A,D,0,,,,,Y,,A,01,0,0,2,0,0,0,0,0,0,"- ","- ",35.035350799560547,-120.48293304443359,"SAN LUIS OBISPO",UNINCORPORATED,-120.48289489746094,35.035388946533203
9319157,2021,2021-10-04,4006,2021-08-19,1344,1796,554,4,5,4,4006,0,0,0,,0,OHV264,"OCEANO DUNES SVRA","CXT B",900.00,E,N,A,-,N,,,,,,,,,,N,3,0,1,1,A,-,03,38305,,N,A,A,A,A,H,-,A,D,0,,,Y,,Y,,C,06,0,1,0,0,0,0,0,0,1,"- ","- ",,,"SAN LUIS OBISPO","SAN LUIS OBISPO",,
9396511,2021,2022-02-04,4001,2021-12-11,0930,P0147,463,6,5,3,4001,0,0,0,,0,OPERAT,"EAST GRAND AV","N ELM ST",392.00,W,N,A,-,N,,,,,,,,,,N,3,0,1,3,A,-,07,21658,A,N,C,G,A,A,H,-,A,D,0,,Y,,,Y,,L,04,0,1,0,0,0,0,1,0,0,"- ","- ",,,"SAN LUIS OBISPO","ARROYO GRANDE",-120.60176086425781,35.120601654052734
91554084,2021,2021-08-25,9745,2021-08-20,0653,016773,,5,1,9,4000,0,1,3,,2,023,"SR-1 NORTHBOUND","KANSAS AVENUE",485.00,S,N,B,-,Y,,,1,,,,,,N,Y,4,0,1,1,A,-,08,22107,,N,E,J,A,A,H,-,D,D,0,,,,,Y,,A,01,0,0,1,0,0,0,0,0,0,"- ","- ",35.320571899414062,-120.71523284912109,"SAN LUIS OBISPO",UNINCORPORATED,-120.71522521972656,35.320579528808594
9256108,2021,2021-05-13,4008,2021-01-30,2017,3125,D,6,5,4,4008,0,0,0,,0,,"MORRO RD","CHOLARE RD",1294.00,S,N,A,-,Y,SLO,5,41,-,-,10.640,H,-,N,Y,1,1,0,1,A,-,01,23152,E,N,E,I,A,A,H,-,D,A,0,,,,,Y,,A,01,0,0,0,0,0,0,0,0,0,"- ","- ",35.45880126953125,-120.72576141357422,"SAN LUIS OBISPO",ATASCADERO,-120.72762298583984,35.459224700927734
9294524,2021,2021-08-16,4001,2021-06-20,1440,P0148,461,7,5,3,4001,0,0,0,,0,OPERA,"EAST GRAND AV","RT 101",0.00,,Y,A,-,Y,SLO,5,101,-,-,13.100,R,4,S,N,4,0,1,2,A,-,01,23152,A,N,C,C,A,A,H,-,A,A,0,,,,,Y,Y,M,47,0,0,1,0,0,0,0,0,0,"- ",SO,,,"SAN LUIS OBISPO","ARROYO GRANDE",-120.58264923095703,35.120944976806641
9313684,2021,2021-09-10,4006,2021-07-24,1205,77891,4006,6,5,4,4006,0,0,0,,0,,"LOS OSOS VALLEY RD",OCEANAIRE,490.00,W,N,A,-,N,,,,,,,,,,N,4,0,1,2,A,-,08,22107,,N,-,C,A,A,H,-,A,D,0,,Y,,,Y,,-,,0,0,1,0,0,0,1,0,0,"- ","- ",,,"SAN LUIS OBISPO","SAN LUIS OBISPO",-120.69520568847656,35.260833740234375
91457013,2021,2021-04-23,9745,2021-04-18,1700,020029,,7,2,9,4000,0,1,3,,1,011,SR-41,"CERRO ALTO RD",2000.00,S,N,A,-,Y,,,41,,,,,,,Y,4,0,2,3,A,-,08,22107,,N,A,C,A,A,H,-,A,D,0,,,,,Y,,A,01,0,0,2,0,0,0,0,0,0,"- ","- ",35.427940368652344,-120.76107025146484,"SAN LUIS OBISPO",UNINCORPORATED,-120.76107025146484,35.427986145019531
91470610,2021,2021-05-12,9740,2021-05-04,1535,018988,,2,2,4,4008,0,1,2,,2,002,"US-101 NORTHBOUND","DEL RIO RD",1056.00,N,N,A,-,Y,,,101,,,,,,N,Y,2,0,1,2,A,-,03,22350,,F,C,C,A,A,H,-,A,D,0,,,,,Y,Y,A,01,1,0,0,0,0,0,0,0,0,"- ","- ",35.515689849853516,-120.7010498046875,"SAN LUIS OBISPO",ATASCADERO,-120.70104217529297,35.515693664550781
91546904,2021,2021-08-17,9745,2021-08-07,1948,020211,,6,2,9,4000,0,1,3,,1,045,SR-1,"VIA ENTRADA",1003.00,S,N,A,-,Y,,,1,,,,,,,Y,3,0,1,1,A,-,08,22107,,N,F,8,A,A,H,-,D,D,0,,,,,Y,,A,01,0,1,0,0,0,0,0,0,0,"- ","- ",35.020339965820312,-120.56366729736328,"SAN LUIS OBISPO",UNINCORPORATED,-120.56361389160156,35.020313262939453
91565537,2021,2021-09-08,9745,2021-09-06,1130,017541,,1,1,9,4000,0,1,2,,2,505,"US 101 NORTHBOUND","WILLOW RD",1584.00,S,N,A,-,Y,,,,,,,,,,N,4,0,2,2,A,-,03,22350,,N,C,C,A,A,H,-,A,A,0,,,,,Y,,A,01,0,0,2,0,0,0,0,0,0,"- ","- ",35.051628112792969,-120.49783325195312,"SAN LUIS OBISPO",UNINCORPORATED,-120.49964904785156,35.053760528564453
91669845,2021,2022-01-04,9745,2021-12-22,1555,017817,,3,2,9,4000,0,1,2,,1,101,"US-101 S/B","TV TOWER RD.",250.00,S,N,C,-,N,,,101,,,,,,S,Y,4,0,1,2,A,-,03,22350,,N,D,C,A,B,H,-,A,D,0,,,,Y,Y,,A,01,0,0,1,0,0,0,0,0,0,"- ","- ",35.346321105957031,-120.62934112548828,"SAN LUIS OBISPO",UNINCORPORATED,-120.62938690185547,35.346298217773438
9231056,2021,2021-04-07,4001,2021-01-10,1812,P0148,"46 3",7,5,3,4001,0,0,0,,0,OPERAT,"S RENA ST","PARK WY",188.00,S,N,A,-,N,,,,,,,,,,N,4,0,1,2,A,-,07,21658,A,M,B,E,A,A,H,-,C,D,0,,,,,Y,Y,I,11,0,0,1,0,0,0,0,0,0,"- ","- ",,,"SAN LUIS OBISPO","ARROYO GRANDE",-120.59018707275391,35.117424011230469
91412758,2021,2021-02-22,9745,2021-02-19,1720,020689,,5,2,9,4000,0,2,4,,1,025,"LOS OSOS VALLEY RD","FOOTHILL BLVD",700.00,E,N,B,-,N,,,,,,,,,,Y,4,0,1,3,A,-,03,22350,,N,C,C,A,A,H,-,A,D,0,,,,,Y,,A,01,0,0,1,0,0,0,0,0,0,"- ","- ",35.275199890136719,-120.71016693115234,"SAN LUIS OBISPO",UNINCORPORATED,-120.71012878417969,35.275146484375
91527471,2021,2021-07-23,9745,2021-07-16,1203,017857,,5,1,9,4000,0,2,4,,1,025,"LOS OSOS VALLEY RD","MARGUERITE PARK DR",0.00,,Y,A,-,N,,,,,,,,,,Y,4,0,2,2,A,-,09,21802,B,N,D,C,A,A,H,-,A,A,0,,,,,Y,,A,01,0,0,2,0,0,0,0,0,0,"- ","- ",35.307941436767578,-120.819580078125,"SAN LUIS OBISPO",UNINCORPORATED,-120.81961059570312,35.307868957519531
9275781,2021,2021-07-23,4001,2021-05-22,2106,P0106,46-3,6,5,3,4001,0,0,0,,0,OPERAT,"EAST GRAND AV","BELL ST",131.00,W,N,A,-,N,,,,,,,,,,N,2,0,1,2,A,-,09,21801,A,N,A,C,A,A,H,-,C,A,0,,,Y,,Y,,-,,1,0,0,0,0,0,0,0,1,"- ","- ",,,"SAN LUIS OBISPO","ARROYO GRANDE",-120.58863830566406,35.119697570800781
9364084,2021,2021-12-13,4001,2021-10-17,1212,P0147,461,7,5,3,4001,0,0,0,,0,OPERAT,"WEST BRANCH ST","TRAFFIC WY",0.00,,Y,A,-,N,,,,,,,,,,N,4,0,1,2,A,-,03,22350,,N,C,C,A,A,H,-,A,D,0,,,,,Y,,A,01,0,0,1,0,0,0,0,0,0,"- ","- ",,,"SAN LUIS OBISPO","ARROYO GRANDE",-120.58126831054688,35.122528076171875
91386907,2021,2021-01-13,9740,2021-01-08,0759,017283,,5,1,9,4000,0,3,5,,2,021,"LAS TABLAS ROAD","BENNETT WAY",15.00,E,N,A,-,N,,,,,,,,,,N,4,0,1,2,A,-,10,21950,A,N,G,B,B,A,H,-,A,A,0,Y,,,,Y,,A,01,0,0,1,0,1,0,0,0,0,"- ","- ",35.554378509521484,-120.71420288085938,"SAN LUIS OBISPO",UNINCORPORATED,-120.71418762207031,35.554389953613281
91404172,2021,2021-02-08,9745,2021-02-04,1835,018454,,4,2,9,4000,0,1,3,,1,043,SR-1,"RANDY LANE",0.00,,Y,A,-,Y,,,1,,,,,,,Y,2,0,2,2,A,-,09,21804,A,N,D,C,A,A,H,-,D,D,0,,,,,Y,Y,A,01,1,0,1,0,0,0,0,0,0,"- ","- ",35.063259124755859,-120.59721374511719,"SAN LUIS OBISPO",UNINCORPORATED,-120.59725952148438,35.063274383544922
91422623,2021,2021-03-08,9740,2021-03-04,0640,019800,,4,1,9,4000,0,3,5,,2,022,"NACIMIENTO LAKE DR","OAK FLAT RD.",834.00,W,N,A,-,N,,,,,,,,,,Y,3,0,2,2,A,-,01,23152,A,N,A,C,A,A,H,-,A,A,0,,,,,Y,Y,A,01,0,1,1,0,0,0,0,0,0,"- ","- ",35.667781829833984,-120.72538757324219,"SAN LUIS OBISPO",UNINCORPORATED,-120.74544525146484,35.679450988769531
91570961,2021,2021-09-15,9740,2021-09-03,2130,018069,,5,2,9,4000,0,3,5,,2,017,"MAIN STREET","8TH STREET",63.00,N,N,A,-,N,,,,,,,,,,N,3,0,1,2,A,-,08,22107,,F,G,B,E,A,H,-,D,D,0,Y,,,,Y,,-,99,0,1,0,0,1,0,0,0,0,"- ","- ",35.546501159667969,-120.70784759521484,"SAN LUIS OBISPO",UNINCORPORATED,-120.70771789550781,35.546657562255859
9257379,2021,2021-04-30,4002,2021-04-01,1246,922,,4,5,3,4002,0,0,0,,0,,"PARK VIEW AV","N 3RD ST",0.00,,Y,A,-,N,,,,,,,,,,N,3,0,1,2,A,-,09,21802,B,N,D,C,A,A,H,-,A,A,0,,,,,Y,,A,01,0,1,0,0,0,0,0,0,0,"- ","- ",,,"SAN LUIS OBISPO","GROVER BEACH",-120.62722778320312,35.128627777099609
9261201,2021,2021-05-14,4004,2021-04-17,2143,1208,,6,5,3,4004,0,0,0,,0,,"RT 46 E","GOLDEN HILL RD",675.00,E,N,A,-,Y,SLO,5,46,-,-,31.440,H,-,W,Y,3,0,2,3,A,-,01,23152,A,N,A,C,A,A,H,-,D,D,0,,,,,Y,Y,A,01,0,1,1,0,0,0,0,0,0,"- ","- ",35.644428253173828,-120.657958984375,"SAN LUIS OBISPO","PASO ROBLES",-120.65578460693359,35.644630432128906
91479249,2021,2021-05-27,9745,2021-05-20,0857,015144,,4,1,9,4000,0,1,2,,1,101,"US-101 SOUTHBOUND","HAWL HILL ROAD",1584.00,S,N,A,-,Y,,,101,,,,,,S,Y,4,0,2,2,A,-,03,22350,,N,C,C,A,A,H,-,A,D,0,,,,,Y,,D,22,0,0,2,0,0,0,0,0,0,"- ","- ",35.308071136474609,-120.62512969970703,"SAN LUIS OBISPO",UNINCORPORATED,-120.62508392333984,35.308055877685547
91578987,2021,2021-09-24,9745,2021-09-16,1655,017151,,4,2,9,4000,0,2,4,,1,055,"TEFFT ST.","US-101 NORTHBOUND",0.00,,Y,A,-,Y,,,,,,,,,,Y,3,0,1,2,A,-,09,21801,A,N,D,C,A,A,H,-,A,A,0,,,,,Y,,D,22,0,1,0,0,0,0,0,0,0,"- ","- ",35.037158966064453,-120.48429870605469,"SAN LUIS OBISPO",UNINCORPORATED,,
9216215,2021,2021-03-18,4008,2021-01-13,0818,2114,A,3,5,4,4008,0,0,0,,0,,"EL CAMINO REAL","CASCADA RD",195.00,N,N,A,-,N,,,,,,,,,,N,3,0,1,1,A,-,08,22107,,N,E,I,A,A,H,-,A,D,0,,,,,Y,,D,22,0,1,0,0,0,0,0,0,0,"- ","- ",35.472618103027344,-120.65363311767578,"SAN LUIS OBISPO",ATASCADERO,-120.65388488769531,35.473018646240234
9326682,2021,2021-10-22,4006,2021-09-23,1538,16380,,4,5,4,4006,0,0,0,,0,,MADONNA,"EL MERCADO",35.00,W,N,A,-,N,,,,,,,,,,N,4,0,1,2,A,-,07,21658,A,N,B,C,A,A,H,-,A,D,0,,,,,Y,,A,01,0,0,1,0,0,0,0,0,0,"- ","- ",35.262420654296875,-120.67877960205078,"SAN LUIS OBISPO","SAN LUIS OBISPO",-120.67861175537109,35.262485504150391
91516763,2021,2021-07-09,9750,2021-07-01,0330,016874,,4,3,9,4000,0,1,3,,2,061,SR-166,"ALAMO CREEK ROAD",1056.00,E,N,B,-,Y,,,166,,,,,,,Y,4,0,2,2,A,-,05,21460,A,N,A,C,A,A,H,-,D,D,0,,,,Y,Y,,A,01,0,0,2,0,0,0,0,0,0,"- ","- ",35.023960113525391,-120.31040954589844,"SAN LUIS OBISPO",UNINCORPORATED,-120.31041717529297,35.023975372314453
91665474,2021,2021-12-29,9745,2021-12-27,0848,016390,,1,1,3,4001,0,1,2,,2,402,"US-101 N/B","OAK PARK BLVD.",200.00,S,N,C,-,Y,,,101,,,,,,N,Y,2,0,1,1,A,-,03,22350,,N,E,I,A,B,H,-,A,D,0,,,,,Y,,A,07,1,0,0,0,0,0,0,0,0,"- ","- ",35.130088806152344,-120.60491943359375,"SAN LUIS OBISPO","ARROYO GRANDE",-120.60496520996094,35.129875183105469
91674464,2021,2022-01-10,9745,2021-12-29,2019,017151,,3,2,9,4000,0,2,4,,1,025,"LOS OSOS VALLEY RD","TURRI RD.",528.00,E,N,B,-,N,,,,,,,,,,Y,3,0,1,2,A,-,01,23152,A,N,C,C,A,B,H,-,D,D,0,,,,,Y,Y,A,01,0,1,0,0,0,0,0,0,0,"- ","- ",35.299659729003906,-120.77393341064453,"SAN LUIS OBISPO",UNINCORPORATED,-120.77485656738281,35.299827575683594
9319154,2021,2021-10-04,4006,2021-08-13,1940,99002,,5,5,4,4006,0,0,0,,0,,PEACH,BROAD,0.00,,-,A,-,N,,,,,,,,,,Y,4,0,1,1,A,-,03,22350,,N,F,J,A,A,H,-,A,A,0,,,,,Y,,-,,0,0,1,0,0,0,0,0,0,"- ","- ",35.281871795654297,-120.66755676269531,"SAN LUIS OBISPO","SAN LUIS OBISPO",-120.666748046875,35.282428741455078
9365639,2021,2021-11-29,4002,2021-10-29,0916,011,,5,5,3,4002,0,0,0,,0,,"THE PIKE","S 13TH ST",48.00,E,N,A,-,N,,,,,,,,,,N,3,0,1,2,A,-,10,21950,A,N,G,B,D,A,H,-,A,D,0,Y,,,,Y,,A,07,0,1,0,0,1,0,0,0,0,"- ","- ",,,"SAN LUIS OBISPO","GROVER BEACH",-120.61624908447266,35.106601715087891
91460152,2021,2021-04-28,9745,2021-04-26,1930,020211,,1,2,9,4000,0,3,5,,2,004,"WILLOW RD","GUADALUPE RD",528.00,E,N,A,-,N,,,,,,,,,,N,3,0,1,2,A,-,08,22107,,F,G,B,E,A,H,-,B,D,0,Y,,,,Y,,D,22,0,1,0,0,1,0,0,0,0,"- ","- ",35.047290802001953,-120.56456756591797,"SAN LUIS OBISPO",UNINCORPORATED,-120.56632995605469,35.047309875488281
91646296,2021,2021-12-08,9745,2021-12-04,1630,017097,,6,2,9,4000,0,3,5,,2,004,"BRANCH MILL RD","HUASNA RD",3168.00,W,N,A,-,N,,,,,,,,,,Y,3,0,2,2,A,-,05,21460,A,N,A,C,A,A,H,-,A,D,0,,,Y,,Y,,A,01,0,1,1,0,0,0,0,0,1,"- ","- ",35.130420684814453,-120.54911804199219,"SAN LUIS OBISPO",UNINCORPORATED,-120.54081726074219,35.134990692138672
9355756,2021,2021-11-08,4008,2021-08-27,1330,3125,C,5,5,4,4008,0,0,0,,0,,"MORRO RD",101,358.00,S,N,A,-,Y,SLO,5,41,-,-,15.770,H,-,S,N,2,0,1,2,A,-,09,21804,B,N,H,G,A,A,H,-,A,D,0,,Y,,,Y,,L,04,1,0,0,0,0,0,1,0,0,"- ",SO,35.484859466552734,-120.66522216796875,"SAN LUIS OBISPO",ATASCADERO,-120.66561889648438,35.483528137207031
9387565,2021,2022-01-05,4001,2021-11-24,1312,P0144,463,3,5,3,4001,0,0,0,,0,OPERAT,"N HALCYON RD","EAST GRAND AV",115.00,N,N,A,-,N,,,,,,,,,,Y,4,0,1,2,A,-,09,21804,A,N,B,C,A,A,H,-,A,D,0,,,,,Y,,A,01,0,0,1,0,0,0,0,0,0,"- ","- ",,,"SAN LUIS OBISPO","ARROYO GRANDE",-120.59158325195312,35.119014739990234
81558955,2021,2021-08-31,4004,2021-08-19,2301,1351,,4,5,3,4004,0,0,0,,0,,"CRESTON RD","NICKERSON DR",190.00,E,N,A,-,N,,,,,,,,,,Y,4,0,1,1,A,-,01,23152,A,N,E,I,A,A,H,-,C,A,0,,,,,Y,Y,A,01,0,0,1,0,0,0,0,0,0,"- ","- ",35.625301361083984,-120.67063903808594,"SAN LUIS OBISPO","PASO ROBLES",-120.67015838623047,35.625102996826172
91523694,2021,2021-07-19,9745,2021-07-08,2142,018009,,4,2,9,4000,0,2,4,,1,051,"LOS BERROS ROAD","STANTON STREET",0.00,,Y,A,-,N,,,,,,,,,,Y,3,0,2,2,A,-,01,23152,A,N,D,C,A,A,H,-,D,A,0,,,,,Y,Y,A,01,0,2,0,0,0,0,0,0,0,"- ","- ",35.079608917236328,-120.54737091064453,"SAN LUIS OBISPO",UNINCORPORATED,-120.54731750488281,35.079677581787109
91663947,2021,2021-12-28,9745,2021-12-23,0720,016390,,4,1,9,4000,0,1,2,,2,303,"US-101 N/B","AVILA BEACH DRIVE",230.00,S,N,B,C,Y,,,101,,,,,,N,Y,3,0,1,3,A,-,03,22350,,N,E,I,A,B,H,-,A,D,0,,,,,Y,,A,01,0,1,0,0,0,0,0,0,0,"- ","- ",35.179161071777344,-120.69886016845703,"SAN LUIS OBISPO",UNINCORPORATED,-120.69879150390625,35.179222106933594
91668729,2021,2022-01-03,9745,2021-12-27,2135,017379,,1,2,9,4000,0,1,3,,1,011,SR-41,"CERRO ALTO RD.",13200.00,E,N,B,C,Y,,,41,,,,,,,Y,4,0,1,2,A,-,03,22350,,N,C,C,A,B,G,-,D,D,0,,,,,Y,,A,01,0,0,1,0,0,0,0,0,0,"- ","- ",35.460540771484375,-120.74082183837891,"SAN LUIS OBISPO",UNINCORPORATED,-120.74082183837891,35.460620880126953
91449439,2021,2021-04-13,9745,2021-04-12,1640,020211,,1,2,9,4000,0,1,2,,2,505,"US-101 SOUTHBOUND","WILLOW RD",1500.00,N,N,A,-,Y,,,101,,,,,,S,Y,4,0,4,4,A,-,03,22350,,M,C,C,A,A,H,-,A,D,0,,,,,Y,,A,01,0,0,4,0,0,0,0,0,0,"- ","- ",35.058921813964844,-120.50462341308594,"SAN LUIS OBISPO",UNINCORPORATED,-120.50460052490234,35.058937072753906
91504500,2021,2021-06-23,9740,2021-06-18,1030,017498,,5,1,9,4000,0,3,5,,2,019,"WELLSONA RD","NORTH RIVER RD",6336.00,E,N,A,-,N,,,,,,,,,,Y,3,0,1,1,A,-,08,22107,,N,E,I,A,A,H,-,A,D,0,,,,,Y,,A,01,0,1,0,0,0,0,0,0,0,"- ","- ",35.695770263671875,-120.66245269775391,"SAN LUIS OBISPO",UNINCORPORATED,-120.65965270996094,35.695655822753906
91567581,2021,2021-09-10,9740,2021-07-31,2350,020710,,6,3,9,4000,0,1,3,,2,008,SR-46,"CHOLAME CREEK BRIDGE",392.00,W,N,A,-,Y,,,46,,,,,,,Y,1,1,2,2,A,-,01,23152,G,N,A,C,A,A,H,-,D,D,0,,,,,Y,Y,D,22,0,2,0,0,0,0,0,0,0,"- ","- ",35.732421875,-120.29135894775391,"SAN LUIS OBISPO",UNINCORPORATED,-120.29136657714844,35.732425689697266
9376656,2021,2021-12-22,4006,2021-10-15,1358,80908,,5,5,4,4006,0,0,0,,0,,"SANTA ROSA",WALNUT,100.00,S,N,A,-,N,,,,,,,,,,N,4,0,1,2,A,-,03,22350,,N,C,C,A,A,H,-,A,A,0,,,,,Y,,A,08,0,0,1,0,0,0,0,0,0,"- ","- ",35.285041809082031,-120.66261291503906,"SAN LUIS OBISPO","SAN LUIS OBISPO",-120.66266632080078,35.285686492919922
9382075,2021,2022-02-02,4005,2021-08-02,1455,P121,6,1,5,2,4005,0,0,0,,0,,"PRICE ST","STIMSON AV",42.00,N,N,A,-,N,,,,,,,,,,Y,4,0,1,3,A,-,03,22350,,N,C,C,A,A,H,-,A,D,0,,,,,Y,,A,01,0,0,1,0,0,0,0,0,0,"- ","- ",,,"SAN LUIS OBISPO","PISMO BEACH",-120.63858795166016,35.140445709228516
81583224,2021,2021-09-30,4004,2021-09-05,2237,1383,,7,5,3,4004,0,0,0,,0,,"RT 46E","MILL RD",0.00,,Y,A,-,Y,,,,,,,,,,Y,4,0,2,2,A,-,09,21804,A,N,D,C,A,A,H,-,A,D,0,,,,,Y,,A,01,0,0,2,0,0,0,0,0,0,"- ","- ",35.643730163574219,-120.63337707519531,"SAN LUIS OBISPO","PASO ROBLES",-120.63409423828125,35.645229339599609
9326681,2021,2021-10-22,4006,2021-09-12,0440,98539,,7,5,4,4006,0,0,0,,0,,CALIFORNIA,MARSH,0.00,,Y,A,-,N,,,,,,,,,,Y,3,0,1,1,A,-,03,22350,,N,E,J,A,A,H,-,C,D,0,,,,,Y,Y,A,01,0,1,0,0,0,0,0,0,0,"- ","- ",35.284618377685547,-120.65309906005859,"SAN LUIS OBISPO","SAN LUIS OBISPO",-120.65328216552734,35.284759521484375
9384346,2021,2022-02-11,4003,2021-12-01,1243,P114700,9,3,5,2,4003,0,0,0,,0,002,"TIDE AV","OAHU ST",0.00,,Y,A,-,N,,,,,,,,,,Y,4,0,1,2,A,-,03,22350,,F,D,C,A,A,H,-,A,D,0,,,,,Y,,D,22,0,0,1,0,0,0,0,0,0,"- ","- ",,,"SAN LUIS OBISPO","MORRO BAY",-120.86301422119141,35.402202606201172
91624957,2021,2021-11-15,9745,2021-11-06,1430,020417,,6,2,9,4000,0,1,3,,1,011,SR-41,"CERRO ALTO RD.",2640.00,N,N,B,-,Y,,,41,,,,,,,Y,2,0,1,1,A,-,08,22107,,N,E,I,A,A,H,-,A,D,0,,,,,Y,,A,01,1,0,0,0,0,0,0,0,0,"- ","- ",35.435020446777344,-120.75184631347656,"SAN LUIS OBISPO",UNINCORPORATED,-120.751953125,35.434986114501953
9236587,2021,2021-04-15,4004,2021-03-13,1349,1384,,6,5,3,4004,0,0,0,,0,,"CRESTON RD","LANA ST",0.00,,Y,A,-,N,,,,,,,,,,Y,3,0,2,2,A,-,12,21453,A,N,D,-,A,A,H,-,A,A,0,,,,,Y,,A,01,0,1,1,0,0,0,0,0,0,"- ","- ",35.618740081787109,-120.65927886962891,"SAN LUIS OBISPO","PASO ROBLES",-120.65916442871094,35.619697570800781
9261940,2021,2021-05-05,4006,2021-04-15,1651,89870,,4,5,4,4006,0,0,0,,0,,"HIGUERA ST","BRIDGE ST",715.00,S,N,A,-,N,,,,,,,,,,N,3,0,1,2,A,-,11,21950,B,N,G,B,D,A,H,-,A,D,0,Y,,,,Y,,N,60,0,1,0,0,1,0,0,0,0,"- ","- ",35.155399322509766,-120.40129852294922,"SAN LUIS OBISPO","SAN LUIS OBISPO",-120.67047882080078,35.265254974365234
9301200,2021,2021-08-18,4005,2021-07-17,2105,P118,6,6,5,2,4005,0,0,0,,0,,"DOLLIVER ST","PARK AV",0.00,,Y,A,-,Y,SLO,5,1,-,-,15.352,I,5,N,N,4,0,1,2,A,-,09,21802,A,N,B,C,A,A,H,-,C,A,0,,,,,Y,,A,01,0,0,1,0,0,0,0,0,0,"- ","- ",,,"SAN LUIS OBISPO","PISMO BEACH",-120.63863372802734,35.138256072998047