CASE_ID,ACCIDENT_YEAR,PROC_DATE,JURIS,COLLISION_DATE,COLLISION_TIME,OFFICER_ID,REPORTING_DISTRICT,DAY_OF_WEEK,CHP_SHIFT,POPULATION,CNTY_CITY_LOC,SPECIAL_COND,BEAT_TYPE,CHP_BEAT_TYPE,CITY_DIVISION_LAPD,CHP_BEAT_CLASS,BEAT_NUMBER,PRIMARY_RD,SECONDARY_RD,DISTANCE,DIRECTION,INTERSECTION,WEATHER_1,WEATHER_2,STATE_HWY_IND,CALTRANS_COUNTY,CALTRANS_DISTRICT,STATE_ROUTE,ROUTE_SUFFIX,POSTMILE_PREFIX,POSTMILE,LOCATION_TYPE,RAMP_INTERSECTION,SIDE_OF_HWY,TOW_AWAY,COLLISION_SEVERITY,NUMBER_KILLED,NUMBER_INJURED,PARTY_COUNT,PRIMARY_COLL_FACTOR,PCF_CODE_OF_VIOL,PCF_VIOL_CATEGORY,PCF_VIOLATION,PCF_VIOL_SUBSECTION,HIT_AND_RUN,TYPE_OF_COLLISION,MVIW,PED_ACTION,ROAD_SURFACE,ROAD_COND_1,ROAD_COND_2,LIGHTING,CONTROL_DEVICE,CHP_ROAD_TYPE,PEDESTRIAN_ACCIDENT,BICYCLE_ACCIDENT,MOTORCYCLE_ACCIDENT,TRUCK_ACCIDENT,NOT_PRIVATE_PROPERTY,ALCOHOL_INVOLVED,STWD_VEHTYPE_AT_FAULT,CHP_VEHTYPE_AT_FAULT,COUNT_SEVERE_INJ,COUNT_VISIBLE_INJ,COUNT_COMPLAINT_PAIN,COUNT_PED_KILLED,COUNT_PED_INJURED,COUNT_BICYCLIST_KILLED,COUNT_BICYCLIST_INJURED,COUNT_MC_KILLED,COUNT_MC_INJURED,PRIMARY_RAMP,SECONDARY_RAMP,LATITUDE,LONGITUDE,COUNTY,CITY,POINT_X,POINT_Y
9356314,2021,2021-11-29,4003,2021-07-18,2140,M95282,5,7,5,2,4003,0,0,0,,0,,"SOUTH BAY BL","OUINTANA RD",323.00,S,N,A,-,N,,,,,,,,,,Y,3,0,2,2,A,-,04,21703,,N,C,C,A,A,C,-,D,D,0,,,,,Y,,A,01,0,2,0,0,0,0,0,0,0,"- ","- ",,,"SAN LUIS OBISPO","MORRO BAY",-120.82527160644531,35.361881256103516
91645501,2021,2021-12-07,9745,2021-12-02,1628,017151,,4,2,9,4000,0,1,2,,1,101,"US-101 NORTHBOUND","MONTEREY ST",1584.00,N,N,A,-,Y,,,101,,,,,,N,Y,4,0,1,2,A,-,03,22350,,N,C,C,A,A,H,-,A,D,0,,,,,Y,,A,01,0,0,1,0,0,0,0,0,0,"- ","- ",35.293308258056641,-120.64293670654297,"SAN LUIS OBISPO",UNINCORPORATED,-120.64291381835938,35.29327392578125
91648147,2021,2021-12-09,9745,2021-12-08,1515,017097,,3,2,2,4005,0,1,2,,2,404,"US-101 NORTHBOUND","4TH STREET",1320.00,N,N,A,-,Y,,,101,,,,,,N,Y,4,0,1,1,A,-,08,22107,,N,E,I,A,A,H,-,A,D,0,,,,,Y,,A,01,0,0,1,0,0,0,0,0,0,"- ","- ",35.137409210205078,-120.62593078613281,"SAN LUIS OBISPO","PISMO BEACH",-120.62594604492188,35.137310028076172
9263922,2021,2021-06-14,4005,2021-04-17,1856,P110,5,6,5,2,4005,0,0,0,,0,,"PRICE ST","PISMO CLAY TENNIS COURT EXIT",40.00,N,N,A,-,N,,,,,,,,,,Y,3,0,3,3,A,-,09,21804,A,N,C,C,A,A,H,-,A,D,0,,,,,Y,,A,01,0,2,1,0,0,0,0,0,0,"- ","- ",,,"SAN LUIS OBISPO","PISMO BEACH",-120.64141845703125,35.142902374267578
9312054,2021,2021-08-27,4003,2021-06-27,0640,T4434,11,7,5,2,4003,0,0,0,,0,002,"RT 1","MORRO BAY BL",0.00,,N,A,-,Y,SLO,5,1,-,-,29.720,R,2,N,Y,3,0,1,1,A,-,03,22350,,N,E,J,A,A,H,-,A,D,0,,,,,Y,,D,22,0,1,0,0,0,0,0,0,0,NF,"- ",,,"SAN LUIS OBISPO","MORRO BAY",-120.85265350341797,35.374523162841797
91493044,2021,2021-06-09,9740,2021-05-30,2310,019259,,7,3,9,4000,0,1,2,,2,004,"US-101 SOUTHBOUND","EXLINE RD",0.00,,Y,A,-,Y,,,101,,,,,,S,Y,2,0,4,2,A,-,09,21801,A,N,D,C,A,A,H,-,D,A,0,,,,,Y,,A,07,2,1,1,0,0,0,0,0,0,"- ","- ",35.682651519775391,-120.69699096679688,"SAN LUIS OBISPO",UNINCORPORATED,-120.69699096679688,35.682651519775391
91531880,2021,2021-10-21,9745,2021-07-12,1455,020417,,1,2,9,4000,0,3,5,,2,004,"22ND STREET","WILMAR AVE.",0.00,,Y,B,-,N,,,,,,,,,,Y,3,0,2,2,A,-,09,21804,A,F,D,C,A,A,H,-,A,D,0,,,,,Y,,A,08,0,1,1,0,0,0,0,0,0,"- ","- ",35.104190826416016,-120.60736846923828,"SAN LUIS OBISPO",UNINCORPORATED,-120.60733795166016,35.104221343994141
91662309,2021,2021-12-27,9745,2021-12-12,1043,020773,,7,1,9,4000,0,3,5,,2,002,"SAN LUIS BAY DRIVE","US-101 SOUTHBOUND",0.00,,Y,A,-,N,,,,,,,,,,N,3,0,1,2,A,-,09,21802,A,N,D,G,A,A,H,-,A,A,0,,Y,,,Y,,B,07,0,1,0,0,0,0,1,0,0,"- ","- ",35.196189880371094,-120.70023345947266,"SAN LUIS OBISPO",UNINCORPORATED,-120.69961547851562,35.196067810058594
9261304,2021,2021-05-14,4008,2021-04-15,0626,3125,B,4,5,4,4008,0,0,0,,0,,"MORRO RD","PISMO AV",114.00,W,N,A,-,Y,SLO,5,1,-,-,14.550,H,-,N,Y,3,0,1,1,C,-,18,,,N,E,I,A,A,H,-,B,D,0,,,,,Y,,-,"- ",0,1,0,0,0,0,0,0,0,"- ","- ",35.466518402099609,-120.67112731933594,"SAN LUIS OBISPO",ATASCADERO,-120.63187408447266,35.128387451171875
91595227,2021,2021-10-13,9745,2021-09-30,1240,017061,,4,1,9,4000,0,3,5,,2,002,"SANTA YNEZ","9TH STREET",0.00,,Y,A,-,N,,,,,,,,,,Y,4,0,1,2,A,-,09,21802,A,N,D,C,A,A,H,-,A,A,0,,,,,Y,,A,07,0,0,1,0,0,0,0,0,0,"- ","- ",35.315040588378906,-120.83110046386719,"SAN LUIS OBISPO",UNINCORPORATED,-120.83332824707031,35.315044403076172
91616619,2021,2021-11-04,9745,2021-10-28,1644,018009,,4,2,9,4000,0,3,5,,2,005,"OSAGE STREET","CAMINO CABALLO",25.00,W,N,A,-,N,,,,,,,,,,N,4,0,1,2,A,-,08,22107,,N,D,C,A,A,H,-,A,A,0,,,,,Y,,A,07,0,0,1,0,0,0,0,0,0,"- ","- ",35.034950256347656,-120.50434875488281,"SAN LUIS OBISPO",UNINCORPORATED,-120.50431060791016,35.035003662109375
9252687,2021,2021-04-20,4002,2021-03-26,1259,368,,5,5,3,4002,0,0,0,,0,,"W GRAND AV","16TH ST",0.00,,Y,A,-,N,,,,,,,,,,N,4,0,1,2,A,-,00,20002,A,N,A,C,A,A,H,-,A,A,0,,,,,Y,,-,,0,0,1,0,0,0,0,0,0,"- ","- ",,,"SAN LUIS OBISPO","GROVER BEACH",-120.61160278320312,35.121070861816406
9303605,2021,2021-08-23,4003,2021-06-30,1214,M96870,2,3,5,2,4003,0,0,0,,0,001,"MAIN ST","MORRO BAY BL",0.00,,Y,A,-,N,,,,,,,,,,N,3,0,1,2,A,-,10,21950,A,N,G,B,B,A,H,-,A,A,0,Y,,,,Y,,A,01,0,1,0,0,1,0,0,0,0,"- ","- ",,,"SAN LUIS OBISPO","MORRO BAY",-120.85001373291016,35.365940093994141
9364083,2021,2021-12-13,4001,2021-10-19,0807,P0144,46-3,2,5,3,4001,0,0,0,,0,OPERAT,"S HALCYON RD","SANDALWOOD AV",11.00,S,N,A,-,N,,,,,,,,,,Y,3,0,1,2,A,-,01,23153,F,F,G,B,B,A,H,-,A,A,0,Y,,,,Y,,A,01,0,1,0,0,1,0,0,0,0,"- ","- ",,,"SAN LUIS OBISPO","ARROYO GRANDE",-120.59162902832031,35.110000610351562
91404302,2021,2021-02-08,9745,2021-01-27,1832,018009,,3,2,9,4000,0,1,2,,2,505,"U.S. 101 NORTHBOUND TO TEFFT STREET","TEFFT STREET",25.00,S,N,C,-,Y,,,,,,,,,,Y,4,0,1,2,A,-,08,22107,,F,C,C,A,B,H,-,D,A,0,,,,,Y,,A,01,0,0,1,0,0,0,0,0,0,"- ","- ",35.036968231201172,-120.48404693603516,"SAN LUIS OBISPO",UNINCORPORATED,-120.48635101318359,35.038902282714844
91466209,2021,2021-05-05,9740,2021-04-25,2500,019259,,7,4,9,4000,0,1,2,,2,004,"US-101 SOUTHBOUND","MISSION ST",1056.00,S,N,B,-,Y,,,101,,,,,,S,Y,2,0,1,1,A,-,01,23152,A,N,E,I,A,A,H,-,D,D,0,,,,,Y,Y,D,22,1,0,0,0,0,0,0,0,0,"- ","- ",35.768119812011719,-120.70371246337891,"SAN LUIS OBISPO",UNINCORPORATED,-120.7037353515625,35.768093109130859
9360791,2021,2021-12-14,4008,2021-10-07,0951,3125,,4,5,4,4008,0,0,0,,0,,"MORRO RD","PORTOLA RD",21.00,N,N,A,-,Y,SLO,5,41,-,-,14.740,I,5,N,N,4,0,1,2,A,-,17,21451,A,N,G,B,B,A,H,-,A,A,0,Y,,,,Y,,D,22,0,0,1,0,1,0,0,0,0,"- ","- ",35.469051361083984,-120.67001342773438,"SAN LUIS OBISPO",ATASCADERO,-120.66991424560547,35.468799591064453
91486807,2021,2021-06-01,9745,2021-05-23,1240,017541,,7,1,9,4000,0,2,4,,1,055,"TEFFT STREET","HAZEL LN",0.00,,Y,A,-,N,,,,,,,,,,Y,2,0,2,2,A,-,12,22450,A,N,D,C,A,A,H,-,A,A,0,,,,,Y,,D,22,1,1,0,0,0,0,0,0,0,"- ","- ",35.024028778076172,-120.49878692626953,"SAN LUIS OBISPO",UNINCORPORATED,-120.49888610839844,35.023914337158203
91583022,2021,2021-09-29,9740,2021-09-20,0540,017283,,1,3,9,4000,0,1,3,,2,008,SR-46E,"JARDINE RD.",0.00,,Y,A,-,Y,,,,,,,,,,Y,2,0,1,2,A,-,09,21802,A,N,D,C,A,A,H,-,C,A,0,,,,Y,Y,,G,25,1,0,0,0,0,0,0,0,0,"- ","- ",35.689449310302734,-120.60225677490234,"SAN LUIS OBISPO",UNINCORPORATED,,
9336970,2021,2021-10-28,4006,2021-08-27,1337,19810,,5,5,4,4006,0,0,0,,0,,"S HIGUERA",MARGARITA,0.00,,Y,-,-,N,,,,,,,,,,N,3,0,1,2,A,-,12,21453,A,N,D,G,A,-,-,-,-,A,0,,Y,,,Y,,L,04,0,1,0,0,0,0,1,0,0,"- ","- ",35.257099151611328,-120.66860961914062,"SAN LUIS OBISPO","SAN LUIS OBISPO",-120.66866302490234,35.257057189941406
9364403,2021,2021-12-02,4001,2021-10-10,1517,P0157,463,7,5,3,4001,0,0,0,,0,OPERA,"EAST GRAND AV","SOUTH ELM ST",16.00,W,N,A,-,N,,,,,,,,,,N,3,0,1,2,A,-,03,22350,,N,C,C,A,A,H,-,A,A,0,,,,,Y,,A,01,0,1,0,0,0,0,0,0,0,"- ","- ",,,"SAN LUIS OBISPO","ARROYO GRANDE",-120.60050201416016,35.120532989501953
91433122,2021,2021-03-23,9745,2021-03-21,1619,020417,,7,2,9,4000,0,2,4,,1,052,"S. THOMPSON AVE.","E. KNOTTS ST.",12.00,S,N,B,-,N,,,,,,,,,,Y,3,0,1,1,A,-,01,23152,A,N,E,I,A,A,H,-,A,D,0,,,,,Y,Y,A,01,0,1,0,0,0,0,0,0,0,"- ","- ",35.039150238037109,-120.47167205810547,"SAN LUIS OBISPO",UNINCORPORATED,-120.47182464599609,35.039077758789062
91469836,2021,2021-05-11,9745,2021-05-01,2049,020226,,6,2,9,4000,0,1,3,,1,045,"STATE ROUTE 1","OSO FLACO LAKE ROAD",2851.00,S,N,A,-,Y,,,1,,,,,,,Y,2,0,1,2,A,-,01,23152,A,N,B,C,A,A,H,-,D,D,0,,,Y,Y,Y,Y,C,02,1,0,0,0,0,0,0,0,1,"- ","- ",35.002048492431641,-120.57054138183594,"SAN LUIS OBISPO",UNINCORPORATED,-120.57052612304688,35.002048492431641
9247935,2021,2021-04-16,4008,2021-03-19,1733,3125,C,5,5,4,4008,0,0,0,,0,,"EL CAMINO REAL","PALOMAR AV",63.00,N,N,C,-,N,,,,,,,,,,Y,3,0,1,2,A,-,03,22350,,N,D,C,A,B,H,-,A,A,0,,,,,Y,,A,01,0,1,0,0,0,0,0,0,0,"- ","- ",35.474838256835938,-120.65448760986328,"SAN LUIS OBISPO",ATASCADERO,-120.65473937988281,35.475040435791016
9271425,2021,2021-06-17,4008,2021-04-30,1506,2054,C,5,5,4,4008,0,0,0,,0,,"MERCEDES AV","CEMETERY RD",35.00,W,N,A,-,Y,SLO,5,41,-,-,16.925,I,5,S,Y,4,0,2,2,A,-,09,21802,A,N,D,C,A,A,H,-,A,D,0,,,,,Y,,A,01,0,0,2,0,0,0,0,0,0,"- ","- ",35.498619079589844,-120.65924072265625,"SAN LUIS OBISPO",ATASCADERO,-120.66255950927734,35.493602752685547
9319152,2021,2021-10-04,4006,2021-08-11,1522,16380,,3,5,4,4006,0,0,0,,0,,"SANTA ROSA",MARSH,0.00,,N,A,-,N,,,,,,,,,,N,4,0,1,2,A,-,17,22109,,N,C,C,A,A,H,-,A,A,0,,,,,Y,,A,01,0,0,1,0,0,0,0,0,0,"- ","- ",,,"SAN LUIS OBISPO","SAN LUIS OBISPO",-120.65869140625,35.281242370605469
9376660,2021,2021-12-22,4006,2021-10-20,1712,99143,,3,5,4,4006,0,0,0,,0,,"ALBERT DR","FREDERICKS ST",0.00,,Y,A,-,N,,,,,,,,,,N,2,0,1,1,A,-,12,22450,A,N,E,I,A,A,H,-,A,A,0,,Y,,,Y,,L,04,1,0,0,0,0,0,1,0,0,"- ","- ",35.292999267578125,-120.65499877929688,"SAN LUIS OBISPO","SAN LUIS OBISPO",-120.65608978271484,35.293121337890625
9387568,2021,2022-01-05,4001,2021-11-11,1725,P0154,462,4,5,3,4001,0,0,0,,0,OPERAT,"WEST BRANCH ST","RANCHO PKWY",200.00,E,N,A,-,N,,,,,,,,,,Y,4,0,2,3,A,-,03,22350,,N,C,C,A,A,H,-,D,A,0,,,,,Y,,A,01,0,0,2,0,0,0,0,0,0,"- ","- ",,,"SAN LUIS OBISPO","ARROYO GRANDE",-120.59497833251953,35.125629425048828
91395283,2021,2021-01-27,9745,2021-01-18,1640,017061,,1,2,9,4000,0,1,2,,1,101,SR-41,"CALLE LA PALTA",80.00,S,N,A,-,Y,,,41,,,,,,,Y,4,0,2,3,A,-,03,22350,,N,C,C,A,A,H,-,A,D,0,,,,,Y,,A,08,0,0,2,0,0,0,0,0,0,"- ","- ",35.399669647216797,-120.8272705078125,"SAN LUIS OBISPO",UNINCORPORATED,-120.82726287841797,35.399654388427734
91441827,2021,2021-04-02,9745,2021-03-24,1630,017857,,3,2,9,4000,0,1,3,,1,043,SR-1,"CALLENDER RD",815.00,S,N,A,-,N,,,1,,,,,,,Y,4,0,1,1,A,-,01,23152,A,N,F,I,A,A,H,-,A,D,0,,,,,Y,Y,A,01,0,0,1,0,0,0,0,0,0,"- ","- ",35.052200317382812,-120.59510040283203,"SAN LUIS OBISPO",UNINCORPORATED,-120.594970703125,35.052318572998047
9285855,2021,2021-08-10,4008,2021-06-11,1711,2113,,5,5,4,4008,0,0,0,,0,,"TRAFFIC WY","OBISPO RD",930.00,S,N,A,-,N,,,,,,,,,,Y,3,0,1,2,A,-,03,22350,,N,B,C,A,A,H,-,A,D,0,,,,,Y,,A,01,0,1,0,0,0,0,0,0,0,"- ","- ",35.525291442871094,-120.69345855712891,"SAN LUIS OBISPO",ATASCADERO,-120.68914794921875,35.520370483398438
9344883,2021,2021-10-19,4001,2021-08-31,1416,P0144,"46 3",2,5,3,4001,0,0,0,,0,SUPPOR,"EAST GRAND AV","ELM ST",195.00,W,N,A,-,N,,,,,,,,,,N,3,0,1,2,A,-,17,22517,,N,H,G,A,A,H,-,A,D,0,,Y,,,Y,,A,01,0,1,0,0,0,0,1,0,0,"- ","- ",,,"SAN LUIS OBISPO","ARROYO GRANDE",-120.60109710693359,35.120567321777344
91515883,2021,2021-07-08,9740,2021-07-06,1620,020302,,2,2,9,4000,0,1,3,,1,015,SR-1,"RAGGED POINT",3696.00,N,N,A,-,Y,,,,,,,,,,Y,4,0,1,1,A,-,08,22107,,N,E,I,A,A,H,-,A,D,0,,,,,Y,,A,01,0,0,1,0,0,0,0,0,0,"- ","- ",35.821769714355469,-120.37651824951172,"SAN LUIS OBISPO",UNINCORPORATED,,
91553136,2021,2021-08-24,9740,2021-08-06,1640,017952,,5,2,9,4000,0,3,5,,2,024,"MAIN ST","PINEKNOLLS DR",0.00,,Y,A,-,N,,,,,,,,,,N,3,0,1,2,A,-,09,21801,A,N,D,E,A,A,H,-,A,A,0,,,Y,,Y,,A,01,0,1,0,0,0,0,0,0,1,"- ","- ",35.563690185546875,-121.09474182128906,"SAN LUIS OBISPO",UNINCORPORATED,-121.09467315673828,35.563705444335938
91578894,2021,2021-09-24,9745,2021-09-16,0742,017144,,4,1,9,4000,0,1,2,,1,101,"US-101 SOUTHBOUND",SR-58,800.00,S,N,A,-,Y,,,101,,,,,,S,Y,3,0,1,2,A,-,03,22350,,N,C,C,A,A,H,-,C,D,0,,,Y,,Y,,C,02,0,1,0,0,0,0,0,0,1,"- ","- ",35.381629943847656,-120.63182067871094,"SAN LUIS OBISPO",UNINCORPORATED,-120.63186645507812,35.381671905517578
91662330,2021,2021-12-27,9745,2021-12-12,1100,020773,,7,1,9,4000,0,1,3,,2,023,SR-1,"SAN BERNARDO CREEK ROAD",0.00,,Y,A,-,Y,,,1,,,,,,,N,3,0,1,2,A,-,12,22450,A,N,D,C,A,A,H,-,A,A,0,,Y,,,Y,,L,04,0,1,0,0,0,0,1,0,0,"- ","- ",35.36199951171875,-120.80747222900391,"SAN LUIS OBISPO",UNINCORPORATED,-120.80747222900391,35.362007141113281
9303749,2021,2021-08-20,4003,2021-05-12,1002,M95282,3,3,5,2,4003,0,0,0,,0,,"BERNARDO AV","PACIFIC ST",0.00,,Y,B,E,N,,,,,,,,,,Y,4,0,1,2,A,-,12,22450,A,N,D,C,A,A,H,-,A,A,0,,,,,Y,,A,07,0,0,1,0,0,0,0,0,0,"- ","- ",,,"SAN LUIS OBISPO","MORRO BAY",-120.84345245361328,35.365024566650391
9381939,2021,2022-01-31,4006,2021-12-25,1219,90048,,6,5,4,4006,0,0,0,,0,,"LOS OSOS VALLEY RD","LOS PALOS",0.00,,Y,A,-,N,,,,,,,,,,N,4,0,1,2,A,-,09,21801,A,N,D,C,A,A,H,-,A,D,0,,,,Y,Y,,-,"- ",0,0,1,0,0,0,0,0,0,"- ","- ",35.242000579833984,-120.67800140380859,"SAN LUIS OBISPO","SAN LUIS OBISPO",-120.67816925048828,35.242362976074219
81659428,2021,2021-12-23,4004,2021-11-03,1821,1233,1-2,3,5,3,4004,0,0,0,,0,001,"SPRING ST","30TH ST",0.00,,Y,A,-,N,,,,,,,,,,N,4,0,1,2,A,-,10,21950,A,N,G,B,B,A,H,-,C,A,0,Y,,,,Y,,A,01,0,0,1,0,1,0,0,0,0,"- ","- ",35.645191192626953,-120.69223022460938,"SAN LUIS OBISPO","PASO ROBLES",-120.69295501708984,35.645427703857422
91450141,2021,2021-04-14,9745,2021-04-05,1620,017061,,1,2,9,4000,0,3,5,,2,003,"DAVENPORT CREEK RD","RANCHO OAKS DR",95.00,S,N,A,-,N,,,,,,,,,,Y,3,0,1,2,A,-,08,22107,,N,B,C,A,A,H,-,A,D,0,,,,,Y,,A,01,0,1,0,0,0,0,0,0,0,"- ","- ",35.21923828125,-120.64743041992188,"SAN LUIS OBISPO",UNINCORPORATED,-120.64736175537109,35.219352722167969
9221096,2021,2021-03-26,4006,2021-02-09,2119,20008,SLO,2,5,4,4006,0,0,0,,0,SLO,"MADRONE LN","SPANISH OAKS",326.00,E,N,A,-,N,,,,,,,,,,N,3,0,1,2,A,-,21,22106,,N,G,B,E,A,H,-,C,D,0,Y,,,,Y,Y,A,01,0,1,0,0,1,0,0,0,0,"- ","- ",35.249160766601562,-120.62683868408203,"SAN LUIS OBISPO","SAN LUIS OBISPO",-120.62693786621094,35.244163513183594
9299499,2021,2021-08-20,4003,2021-05-21,1506,T4434,3,5,5,2,4003,0,0,0,,0,001,"MAIN ST","HARBOR ST",0.00,,Y,A,-,N,,,,,,,,,,Y,4,0,1,2,A,-,01,23152,F,N,D,C,A,A,H,-,A,D,0,,,,,Y,,A,01,0,0,1,0,0,0,0,0,0,"- ","- ",,,"SAN LUIS OBISPO","MORRO BAY",-120.85002899169922,35.366878509521484
9379564,2021,2022-01-24,4005,2021-07-21,2253,P111,2,3,5,2,4005,0,0,0,,0,,"N SILVER SHOALS DR","SHELL BEACH RD",622.00,W,N,A,-,N,,,,,,,,,,Y,3,0,1,1,A,-,03,22350,,M,A,I,A,A,H,-,C,D,0,,,,,Y,,A,01,0,1,0,0,0,0,0,0,0,"- ","- ",,,"SAN LUIS OBISPO","PISMO BEACH",-120.69407653808594,35.167869567871094
91443155,2021,2021-07-29,9740,2021-03-29,1458,018069,,1,2,9,4000,0,1,3,,2,011,SR-46W,"GAHAN PLACE",0.00,,Y,A,-,Y,,,46,,,,,,,N,3,0,1,2,A,-,08,22107,,N,B,C,A,A,H,-,A,D,0,,,Y,,Y,,C,02,0,1,0,0,0,0,0,0,1,"- ","- ",35.587371826171875,-120.70333862304688,"SAN LUIS OBISPO",UNINCORPORATED,-120.70331573486328,35.587310791015625
91453515,2021,2021-04-19,9740,2021-04-13,1650,020302,,2,2,3,4004,0,1,2,,2,003,"US-101 NORTHBOUND","NIBLICK RD",1584.00,S,N,B,-,Y,,,101,,,,,,N,Y,4,0,2,1,A,-,08,22107,,N,E,I,A,A,H,-,A,D,0,,,,,Y,,A,01,0,0,2,0,0,0,0,0,0,"- ","- ",35.611400604248047,-120.69101715087891,"SAN LUIS OBISPO","PASO ROBLES",-120.69093322753906,35.611358642578125
91634860,2021,2021-11-24,9740,2021-11-18,1751,019648,,4,2,9,4000,0,1,2,,2,002,"US-101 NORTHBOUND","SAN RAMON RD.",1056.00,N,N,A,-,Y,,,101,,,,,,N,Y,3,0,1,2,A,-,03,22350,,N,C,C,A,A,H,-,D,D,0,,,,,Y,,A,01,0,1,0,0,0,0,0,0,0,"- ","- ",35.529300689697266,-120.7069091796875,"SAN LUIS OBISPO",UNINCORPORATED,-120.7069091796875,35.529304504394531
9239425,2021,2021-04-20,4001,2021-02-15,2346,P0143,463,1,5,3,4001,0,0,0,,0,OPERAT,"BENNETT AV","EL CAMINO REAL",0.00,,Y,A,-,N,,,,,,,,,,N,4,0,1,2,A,-,11,21954,A,N,B,B,D,A,H,-,D,D,0,Y,,,,Y,,N,60,0,0,1,0,1,0,0,0,0,"- ","- ",,,"SAN LUIS OBISPO","ARROYO GRANDE",-120.5877685546875,35.122203826904297
9339042,2021,2021-10-19,4006,2021-09-05,1133,88911,"SAN L",7,5,4,4006,0,0,0,,0,,ORCUTT,LAUREL,520.00,E,N,A,-,N,,,,,,,,,,N,3,0,1,2,A,-,09,21804,A,N,D,G,A,A,H,-,A,D,0,,Y,,,Y,,A,01,0,1,0,0,0,0,1,0,0,"- ","- ",35.261310577392578,-120.64186859130859,"SAN LUIS OBISPO","SAN LUIS OBISPO",-120.64173889160156,35.261386871337891
9382073,2021,2022-02-02,4005,2021-07-25,1235,P115,6,7,5,2,4005,0,0,0,,0,211738,PRICE,OCEANVIEW,27.00,E,N,A,-,N,,,,,,,,,,Y,2,0,1,2,A,-,09,21804,A,N,D,C,A,A,H,-,A,A,0,,,Y,,Y,,A,01,1,0,0,0,0,0,0,0,1,"- ","- ",,,"SAN LUIS OBISPO","PISMO BEACH",-120.63766479492188,35.139865875244141
9272448,2021,2021-06-07,4001,2021-04-07,1600,P0154,46-3,3,5,3,4001,0,0,0,,0,OPERAT,"EAST GRAND AV","ALDER ST",0.00,,Y,A,-,N,,,,,,,,,,N,3,0,1,1,A,-,08,22107,,N,H,I,A,A,H,-,A,D,0,,Y,,,Y,,L,04,0,1,0,0,0,0,1,0,0,"- ","- ",,,"SAN LUIS OBISPO","ARROYO GRANDE",-120.5931396484375,35.118682861328125
9281859,2021,2021-06-24,4001,2021-05-05,1919,P0150,463,3,5,3,4001,0,0,0,,0,OPERA,"EAST GRAND AV","SOUTH ELM ST",262.00,W,N,B,-,N,,,,,,,,,,Y,3,0,1,3,A,-,03,22350,,N,C,C,A,A,H,-,A,A,0,,,,,Y,,A,01,0,1,0,0,0,0,0,0,0,"- ","- ",,,"SAN LUIS OBISPO","ARROYO GRANDE",-120.60132598876953,35.120578765869141
9286505,2021,2021-08-17,4005,2021-06-24,1109,P115,7,4,5,2,4005,0,0,0,,0,,"FIVE CITIES DR","A ST",761.00,S,N,A,-,N,,,,,,,,,,N,3,0,1,2,A,-,05,21650,1,N,D,C,A,A,H,-,A,A,0,,Y,,,Y,,L,04,0,1,0,0,0,0,1,0,0,"- ","- ",,,"SAN LUIS OBISPO","PISMO BEACH",,
9289088,2021,2021-07-23,4008,2021-06-20,2032,4104,,7,5,4,4008,0,0,0,,0,,"SANTA BARBARA RD","EL CAMINO REAL",0.00,,Y,A,-,N,,,,,,,,,,Y,4,0,1,2,A,-,09,21800,A,N,A,C,A,A,H,-,B,A,0,,,Y,,Y,,A,01,0,0,1,0,0,0,0,0,1,"- ","- ",35.448440551757812,-120.63429260253906,"SAN LUIS OBISPO",ATASCADERO,-120.63420867919922,35.448390960693359
9341893,2021,2021-11-23,4006,2021-10-01,0338,10938,4006,5,5,4,4006,0,0,0,,0,,BROAD,ORCUTT,0.00,,Y,A,-,N,,,,,,,,,,Y,3,0,1,1,A,-,01,23152,A,M,E,I,A,A,-,-,C,D,0,,,,,Y,Y,A,01,0,1,0,0,0,0,0,0,0,"- ","- ",35.261138916015625,-120.649658203125,"SAN LUIS OBISPO","SAN LUIS OBISPO",-120.64994812011719,35.261280059814453
91538555,2021,2021-08-06,9745,2021-07-28,1805,017097,,3,2,9,4000,0,2,S,,2,054,"LOPEZ DR","GRIEB RANCH WAY",634.00,W,N,A,-,N,,,,,,,,,,Y,2,0,1,1,A,-,03,22350,,N,E,I,A,A,H,-,A,D,0,,,Y,,Y,,C,02,1,0,0,0,0,0,0,0,1,"- ","- ",35.183948516845703,-120.50179290771484,"SAN LUIS OBISPO",UNINCORPORATED,-120.50182342529297,35.184032440185547
91605119,2021,2021-10-25,9745,2021-10-23,1918,020417,,6,2,9,4000,0,2,4,,1,024,"SOUTH BAY BLVD.","TURRI RD.",50.00,N,N,B,-,N,,,,,,,,,,Y,3,0,2,2,A,-,01,23152,A,N,C,C,A,A,H,-,D,D,0,,,,,Y,Y,A,01,0,2,0,0,0,0,0,0,0,"- ","- ",35.336761474609375,-120.82331848144531,"SAN LUIS OBISPO",UNINCORPORATED,-120.82331848144531,35.336757659912109