CASE_ID,ACCIDENT_YEAR,PROC_DATE,JURIS,COLLISION_DATE,COLLISION_TIME,OFFICER_ID,REPORTING_DISTRICT,DAY_OF_WEEK,CHP_SHIFT,POPULATION,CNTY_CITY_LOC,SPECIAL_COND,BEAT_TYPE,CHP_BEAT_TYPE,CITY_DIVISION_LAPD,CHP_BEAT_CLASS,BEAT_NUMBER,PRIMARY_RD,SECONDARY_RD,DISTANCE,DIRECTION,INTERSECTION,WEATHER_1,WEATHER_2,STATE_HWY_IND,CALTRANS_COUNTY,CALTRANS_DISTRICT,STATE_ROUTE,ROUTE_SUFFIX,POSTMILE_PREFIX,POSTMILE,LOCATION_TYPE,RAMP_INTERSECTION,SIDE_OF_HWY,TOW_AWAY,COLLISION_SEVERITY,NUMBER_KILLED,NUMBER_INJURED,PARTY_COUNT,PRIMARY_COLL_FACTOR,PCF_CODE_OF_VIOL,PCF_VIOL_CATEGORY,PCF_VIOLATION,PCF_VIOL_SUBSECTION,HIT_AND_RUN,TYPE_OF_COLLISION,MVIW,PED_ACTION,ROAD_SURFACE,ROAD_COND_1,ROAD_COND_2,LIGHTING,CONTROL_DEVICE,CHP_ROAD_TYPE,PEDESTRIAN_ACCIDENT,BICYCLE_ACCIDENT,MOTORCYCLE_ACCIDENT,TRUCK_ACCIDENT,NOT_PRIVATE_PROPERTY,ALCOHOL_INVOLVED,STWD_VEHTYPE_AT_FAULT,CHP_VEHTYPE_AT_FAULT,COUNT_SEVERE_INJ,COUNT_VISIBLE_INJ,COUNT_COMPLAINT_PAIN,COUNT_PED_KILLED,COUNT_PED_INJURED,COUNT_BICYCLIST_KILLED,COUNT_BICYCLIST_INJURED,COUNT_MC_KILLED,COUNT_MC_INJURED,PRIMARY_RAMP,SECONDARY_RAMP,LATITUDE,LONGITUDE,COUNTY,CITY,POINT_X,POINT_Y
91634837,2021,2021-11-24,9740,2021-11-17,0745,017498,,3,1,9,4000,0,3,5,,2,019,"AIRPORT RD.","WELLSONA RD.",1056.00,S,N,E,-,N,,,,,,,,,,N,3,0,1,2,A,-,09,21804,A,N,D,C,A,A,H,-,A,D,0,,,,,Y,,D,22,0,1,0,0,0,0,0,0,0,"- ","- ",35.692970275878906,-120.64076232910156,"SAN LUIS OBISPO",UNINCORPORATED,-120.64078521728516,35.692718505859375
9238584,2021,2021-04-20,4006,2021-03-01,1557,80908,,1,5,4,4006,0,0,0,,0,,TANKFARM,ORCUTT,0.00,,Y,A,-,N,,,,,,,,,,Y,4,0,1,3,A,-,09,21801,A,N,D,C,A,A,H,-,A,A,0,,,,,Y,,A,01,0,0,1,0,0,0,0,0,0,"- ","- ",,,"SAN LUIS OBISPO","SAN LUIS OBISPO",-120.62509155273438,35.250328063964844
9250143,2021,2021-04-28,4006,2021-04-06,0153,50580,,2,5,4,4006,0,0,0,,0,,FOOTHILL,CALIFORNIA,0.00,,Y,A,-,N,,,,,,,,,,N,2,0,1,2,A,-,07,21658,A,N,B,E,A,A,H,-,C,D,0,,Y,,,Y,,L,04,1,0,0,0,0,0,1,0,0,"- ","- ",35.29547119140625,-120.66300964355469,"SAN LUIS OBISPO","SAN LUIS OBISPO",-120.66387939453125,35.295028686523438
9272451,2021,2021-06-07,4001,2021-04-16,1733,P0139,46-3,5,5,3,4001,0,0,0,,0,OPERAT,"SOUTH ELM ST","FARROLL AV",0.00,,Y,A,-,N,,,,,,,,,,Y,4,0,1,2,C,-,18,,,N,C,C,A,A,H,-,A,A,0,,,,,Y,,-,"- ",0,0,1,0,0,0,0,0,0,"- ","- ",,,"SAN LUIS OBISPO","ARROYO GRANDE",-120.60062408447266,35.110702514648438
9361937,2021,2021-11-24,4008,2021-10-30,1322,2133,C,6,5,4,4008,0,0,0,,0,,"MORRO RD","CHOLARE RD",829.00,W,N,A,-,Y,SLO,5,41,-,-,10.740,H,-,S,Y,4,0,1,3,A,-,04,21703,,N,B,C,A,A,H,-,A,D,0,,,,,Y,,A,01,0,0,1,0,0,0,0,0,0,"- ","- ",35.45880126953125,-120.72576141357422,"SAN LUIS OBISPO",ATASCADERO,-120.72594451904297,35.4588623046875
91391507,2021,2021-01-20,9745,2021-01-16,2015,020226,,6,2,9,4000,0,3,5,,2,004,"VETTER LANE","MEMORY LANE",825.00,N,N,A,-,N,,,,,,,,,,N,3,0,1,1,C,-,18,,,N,H,H,A,A,H,-,D,D,0,,,Y,,Y,,-,"- ",0,1,0,0,0,0,0,0,1,"- ","- ",35.160549163818359,-120.60529327392578,"SAN LUIS OBISPO",UNINCORPORATED,-120.60533142089844,35.160606384277344
91427270,2021,2021-03-15,9745,2021-03-08,2120,018454,,1,2,2,4005,0,1,2,,2,404,"US-101 NORTHBOUND","SPYGLASS DR",75.00,S,N,A,-,Y,,,101,,,,,,N,Y,2,0,1,1,A,-,01,23152,A,N,E,I,A,A,H,-,D,D,0,,,,,Y,Y,A,01,1,0,0,0,0,0,0,0,0,"- ","- ",35.164009094238281,-120.68686676025391,"SAN LUIS OBISPO","PISMO BEACH",-120.68684387207031,35.164051055908203
91530446,2021,2021-10-06,9745,2021-07-15,1956,017061,,4,2,9,4000,0,2,4,,1,024,"S. BAY BLVD","NIPOMO AVE",75.00,S,N,A,-,N,,,,,,,,,,Y,4,0,1,3,A,-,03,22350,,N,C,C,A,A,H,-,B,A,0,,,,,Y,,A,01,0,0,1,0,0,0,0,0,0,"- ","- ",35.315841674804688,-120.82327270507812,"SAN LUIS OBISPO",UNINCORPORATED,-120.82347869873047,35.31634521484375
91542568,2021,2021-08-11,9745,2021-08-04,1458,017151,,3,2,9,4000,0,1,3,,1,011,SR-41,"MISSION DR.",4224.00,N,N,A,-,Y,,,41,,,,,,,Y,3,0,3,3,A,-,03,22350,,N,C,C,A,A,H,-,A,D,0,,,,,Y,,A,07,0,1,2,0,0,0,0,0,0,"- ","- ",35.399948120117188,-120.82665252685547,"SAN LUIS OBISPO",UNINCORPORATED,-120.82667541503906,35.399990081787109
91645755,2021,2021-12-07,9745,2021-12-04,1509,020773,,6,2,9,4000,0,1,3,,1,011,"SR-41 SOUTHBOUND","CERRO ALTO ROAD",1584.00,S,N,A,-,Y,,,41,,,,,,S,Y,4,0,1,1,A,-,08,22107,,N,E,I,A,A,H,-,A,D,0,,,,,Y,,A,01,0,0,1,0,0,0,0,0,0,"- ","- ",35.427928924560547,-120.75598907470703,"SAN LUIS OBISPO",UNINCORPORATED,-120.75599670410156,35.427879333496094
9216211,2021,2021-03-18,4008,2021-01-05,1205,3153,A,2,5,4,4008,0,0,0,,0,,"EL CAMINO REAL","VIA VIENTO",40.00,N,N,A,-,N,,,,,,,,,,Y,3,0,2,3,A,-,09,21804,A,N,D,E,A,A,H,-,A,D,0,,,,,Y,,D,22,0,1,1,0,0,0,0,0,0,"- ","- ",35.515979766845703,-120.69933319091797,"SAN LUIS OBISPO",ATASCADERO,-120.69956207275391,35.516189575195312
9390328,2021,2022-01-24,4006,2021-12-07,1130,59980,,2,5,4,4006,0,0,0,,0,,"MURRAY AV",CHORRO,0.00,,Y,A,-,N,,,,,,,,,,N,4,0,1,2,A,-,09,21802,,N,D,G,A,A,H,-,A,A,0,,Y,,,Y,,A,01,0,0,1,0,0,0,1,0,0,"- ","- ",,,"SAN LUIS OBISPO","SAN LUIS OBISPO",-120.66973876953125,35.290790557861328
91518231,2021,2021-07-12,9745,2021-07-09,1517,017817,,5,2,9,4000,0,2,4,,1,025,"LOS OSOS VALLEY RD","FOOTHILL BLVD",20.00,W,N,A,-,N,,,,,,,,,,Y,4,0,1,2,A,-,03,22350,,N,C,C,A,A,H,-,A,D,0,,,,,Y,,D,22,0,0,1,0,0,0,0,0,0,"- ","- ",35.276611328125,-120.71180725097656,"SAN LUIS OBISPO",UNINCORPORATED,-120.71168518066406,35.276645660400391
91633339,2021,2021-11-23,9745,2021-11-15,0650,017817,,1,1,9,4000,0,2,4,,1,025,"LOS OSOS VALLEY RD.","TURRI RD.",1500.00,E,N,A,-,N,,,,,,,,,,Y,3,0,1,2,A,-,03,22350,,N,C,C,A,A,H,-,B,D,0,,,,,Y,,A,01,0,1,0,0,0,0,0,0,0,"- ","- ",35.295341491699219,-120.76260375976562,"SAN LUIS OBISPO",UNINCORPORATED,-120.7718505859375,35.298828125
91648213,2021,2021-12-09,9740,2021-09-22,1238,019259,,3,1,9,4000,0,1,2,,2,004,"US-101 NORTHBOUND","NORTH MONTEREY ROAD",1056.00,N,N,A,-,Y,,,101,,,,,,N,Y,1,1,2,1,A,-,08,22107,,N,F,A,A,A,H,-,A,D,0,,,,,Y,,D,22,1,0,1,0,0,0,0,0,0,"- ","- ",35.716110229492188,-120.69473266601562,"SAN LUIS OBISPO",UNINCORPORATED,-120.69477081298828,35.716094970703125
91547373,2021,2021-08-17,9745,2021-08-13,1250,017097,,5,1,9,4000,0,2,4,,1,053,"POMEROY RD","WAYPOINT DR",0.00,,Y,A,-,N,,,,,,,,,,Y,4,0,1,2,A,-,09,21802,A,N,D,C,A,A,H,-,A,A,0,,,,,Y,,A,01,0,0,1,0,0,0,0,0,0,"- ","- ",35.039329528808594,-120.52027130126953,"SAN LUIS OBISPO",UNINCORPORATED,-120.52027130126953,35.039375305175781
91746233,2021,2022-04-12,9745,2021-09-01,1610,017151,,3,2,9,4000,0,1,2,,2,505,"US-101 NORTHBOUND","WILLOW RD.",500.00,S,N,A,-,Y,,,101,,,,,,N,Y,1,1,1,3,C,-,18,,,N,E,I,A,A,H,-,A,D,0,,,,Y,Y,,-,"- ",0,0,1,0,0,0,0,0,0,"- ","- ",35.053581237792969,-120.49942016601562,"SAN LUIS OBISPO",UNINCORPORATED,-120.49943542480469,35.053562164306641
9222371,2021,2021-03-12,4008,2021-01-26,0535,5011,B,2,5,4,4008,0,0,0,,0,,"SANTA ROSA RD","E FRONT RD",0.00,,Y,A,-,Y,SLO,5,101,-,-,44.160,R,4,N,Y,4,0,1,2,A,-,12,21453,A,N,D,C,A,A,H,-,C,A,0,,,,,Y,,A,07,0,0,1,0,0,0,0,0,0,"- ","- ",35.466098785400391,-120.65099334716797,"SAN LUIS OBISPO",ATASCADERO,-120.65269470214844,35.467830657958984
91413935,2021,2021-02-23,9745,2021-02-21,1715,018009,,7,2,9,4000,0,2,4,,1,058,"ORCHARD RD","NELSON ST",860.00,S,N,A,-,N,,,,,,,,,,Y,4,0,1,2,A,-,03,22350,,N,C,C,A,A,H,-,A,D,0,,,,,Y,,A,01,0,0,1,0,0,0,0,0,0,"- ","- ",35.013698577880859,-120.47595977783203,"SAN LUIS OBISPO",UNINCORPORATED,-120.47599792480469,35.013763427734375
91471133,2021,2021-05-12,9740,2021-05-11,1625,018988,,2,2,9,4000,0,3,5,,2,022,"KILER CANYON RD","VINE ST",528.00,W,N,A,-,N,,,,,,,,,,Y,4,0,1,1,A,-,03,22350,,N,E,I,A,A,H,-,A,D,0,,,,,Y,,A,01,0,0,1,0,0,0,0,0,0,"- ","- ",35.613269805908203,-120.69418334960938,"SAN LUIS OBISPO",UNINCORPORATED,-120.69428253173828,35.613292694091797
91538636,2021,2021-08-06,9745,2021-07-31,0448,017151,,6,3,9,4000,0,1,3,,1,011,"SR-41 SOUTHBOUND","BEAR RIDGE RD.",2640.00,S,N,A,-,Y,,,41,,,,,,S,Y,3,0,1,1,A,-,01,23152,A,N,F,A,A,A,H,-,D,D,0,,,,,Y,Y,A,01,0,1,0,0,0,0,0,0,0,"- ","- ",35.421928405761719,-120.79038238525391,"SAN LUIS OBISPO",UNINCORPORATED,-120.79039001464844,35.421943664550781
91625132,2021,2021-11-15,9745,2021-11-08,0640,020773,,1,1,9,4000,0,1,2,,2,505,"US-101 NORTHBOUND",SR-166,5280.00,N,N,A,-,Y,,,101,,,,,,N,Y,4,0,1,2,A,-,03,22350,,N,C,C,A,A,H,-,A,D,0,,,,,Y,,D,22,0,0,1,0,0,0,0,0,0,"- ","- ",35.006618499755859,-120.44451904296875,"SAN LUIS OBISPO",UNINCORPORATED,-120.44454193115234,35.006572723388672
9263052,2021,2021-05-18,4004,2021-05-02,1559,1373,,7,5,3,4004,0,0,0,,0,,"RT 46 E","MILL RD",1161.00,W,N,A,-,Y,SLO,5,46,-,-,32.430,H,-,W,Y,4,0,1,2,A,-,03,22350,,N,D,C,A,A,H,-,A,D,0,,,,,Y,,A,01,0,0,1,0,0,0,0,0,0,"- ","- ",35.645240783691406,-120.63408660888672,"SAN LUIS OBISPO","PASO ROBLES",-120.63832092285156,35.644515991210938
9272917,2021,2021-08-17,4006,2021-06-11,0900,10938,4006,5,5,4,4006,0,0,0,,0,,"S HIGUERA",VACHELL,0.00,,Y,A,-,N,,,,,,,,,,Y,4,0,1,2,A,-,09,21802,A,N,D,C,A,A,H,-,A,D,0,,,,,Y,,D,22,0,0,1,0,0,0,0,0,0,"- ","- ",35.243061065673828,-120.67585754394531,"SAN LUIS OBISPO","SAN LUIS OBISPO",-120.67599487304688,35.243110656738281
9381180,2021,2022-01-26,4005,2021-12-29,1343,P115,7,3,5,2,4005,0,0,0,,0,,"FIVE CITIES DR","4TH ST",177.00,N,N,B,-,N,,,,,,,,,,N,4,0,1,2,A,-,08,22107,,N,D,C,A,B,H,-,A,A,0,,,,,Y,,A,01,0,0,1,0,0,0,0,0,0,"- ","- ",,,"SAN LUIS OBISPO","PISMO BEACH",-120.62261962890625,35.135921478271484
9384766,2021,2022-02-16,4003,2021-10-22,1713,T4434,2,5,5,2,4003,0,0,0,,0,001,"RT 1","MAIN ST",0.00,,Y,B,-,Y,SLO,5,1,-,-,29.720,R,1,N,Y,4,0,5,3,A,-,03,22350,A,N,H,C,A,B,H,-,A,A,0,,,,,Y,Y,A,01,0,0,5,0,0,0,0,0,0,"- ","- ",,,"SAN LUIS OBISPO","MORRO BAY",-120.85265350341797,35.374523162841797
81554503,2021,2021-08-26,4004,2021-07-31,1517,1448,-----,6,5,3,4004,0,0,0,,0,------,"16TH ST","RIVERSIDE AVE",0.00,,Y,A,-,N,,,,,,,,,,N,3,0,1,2,A,-,05,21650,1,N,D,G,A,A,H,-,A,D,0,,Y,,,Y,,L,04,0,1,0,0,0,0,1,0,0,"- ","- ",35.630741119384766,-120.68698120117188,"SAN LUIS OBISPO","PASO ROBLES",-120.68727111816406,35.631118774414062
81666047,2021,2021-12-30,4004,2021-12-16,0759,1506,1-2,4,5,3,4004,0,0,0,,0,001,"SPRING ST","30TH ST",200.00,S,N,C,-,N,,,,,,,,,,N,4,0,1,3,A,-,03,22350,,N,C,C,A,B,H,-,A,D,0,,,,,Y,,A,08,0,0,1,0,0,0,0,0,0,"- ","- ",35.644840240478516,-120.69300842285156,"SAN LUIS OBISPO","PASO ROBLES",-120.69290924072266,35.644882202148438
91528461,2021,2021-07-26,9745,2021-07-17,2150,020689,,6,2,9,4000,0,2,S,,2,054,"LOPEZ DR.","ROCK FALLS RD.",8448.00,W,N,A,-,N,,,,,,,,,,Y,2,0,1,1,A,-,01,23152,A,N,F,I,A,A,H,-,D,D,0,,,,,Y,Y,D,22,1,0,0,0,0,0,0,0,0,"- ","- ",35.186851501464844,-120.47593688964844,"SAN LUIS OBISPO",UNINCORPORATED,-120.47615814208984,35.186790466308594
91401984,2021,2021-02-03,9745,2021-01-23,0327,014910,,6,3,9,4000,0,1,2,,1,101,US-101,"STAGECOACH RD",3696.00,N,N,C,-,Y,,,,,,,,,,Y,3,0,6,1,A,-,03,22350,,N,F,A,A,B,H,-,D,D,0,,,,,Y,,A,01,0,6,0,0,0,0,0,0,0,"- ","- ",35.324211120605469,-120.61956787109375,"SAN LUIS OBISPO",UNINCORPORATED,-120.62035369873047,35.3272705078125
91438712,2021,2021-03-29,9740,2021-03-22,1730,020057,,1,2,9,4000,0,1,3,,2,007,SR-41,"CRIPPLE CREEK RD",0.00,,Y,A,-,Y,,,41,,,,,,,N,3,0,1,2,A,-,03,22350,,N,C,C,A,A,H,-,A,D,0,,,,,Y,,D,22,0,1,0,0,0,0,0,0,0,"- ","- ",35.533779144287109,-120.55719757080078,"SAN LUIS OBISPO",UNINCORPORATED,-120.55721282958984,35.533832550048828
9211384,2021,2021-03-22,4006,2021-01-05,1914,20008,SLO,2,5,4,4006,0,0,0,,0,,"MADONNA RD","EL MERCADO",946.00,E,N,A,-,N,,,,,,,,,,Y,4,0,2,3,A,-,01,23153,A,N,C,D,A,A,H,-,C,A,0,,,,,Y,Y,D,22,0,0,2,0,0,0,0,0,0,"- ","- ",35.264259338378906,-120.67597961425781,"SAN LUIS OBISPO","SAN LUIS OBISPO",-120.67616271972656,35.264286041259766
9300806,2021,2021-08-10,4005,2021-06-27,1250,P109,6,7,5,2,4005,0,0,0,,0,,STIMSON,DOLLIVER,0.00,,Y,A,-,N,,,,,,,,,,Y,3,0,1,2,A,-,09,21802,A,N,D,C,A,A,H,-,A,D,0,,,,,Y,,A,01,0,1,0,0,0,0,0,0,0,"- ","- ",,,"SAN LUIS OBISPO","PISMO BEACH",,
9248993,2021,2021-04-27,4006,2021-03-29,1719,62657,,1,5,4,4006,0,0,0,,0,,MONTEREY,TORO,0.00,,Y,A,-,N,,,,,,,,,,N,4,0,1,2,A,-,11,21954,A,N,D,B,E,A,H,-,-,A,0,Y,,,,Y,,N,60,0,0,1,0,1,0,0,0,0,"- ","- ",35.284328460693359,-120.65943145751953,"SAN LUIS OBISPO","SAN LUIS OBISPO",-120.65859222412109,35.283409118652344
9270898,2021,2021-06-03,4001,2021-04-29,1147,P0139,463,4,5,3,4001,0,0,0,,0,OPERAT,"S HALCYON RD","FARROLL AV",0.00,,Y,A,-,N,,,,,,,,,,Y,4,0,1,2,A,-,09,21801,A,N,B,C,A,A,H,-,A,A,0,,,,,Y,,A,01,0,0,1,0,0,0,0,0,0,"- ","- ",,,"SAN LUIS OBISPO","ARROYO GRANDE",-120.59162139892578,35.110557556152344
81615434,2021,2021-11-04,4004,2021-10-20,1900,1473,,3,5,3,4004,0,0,0,,0,,"NIBLICK RD","SPRING ST",0.00,,Y,-,-,N,,,,,,,,,,Y,4,0,1,3,A,-,01,23152,A,N,C,C,A,A,H,-,B,A,0,,,,,Y,Y,A,07,0,0,1,0,0,0,0,0,0,"- ","- ",35.615238189697266,-120.69051361083984,"SAN LUIS OBISPO","PASO ROBLES",-120.69046020507812,35.615249633789062
91420628,2021,2021-03-04,9745,2021-03-02,0923,015144,,2,1,9,4000,0,1,2,,1,101,"US-101 SOUTHBOUND","CUESTA SPRINGS ROAD",3696.00,S,N,A,-,Y,,,101,,,,,,S,Y,4,0,1,2,A,-,03,22350,,N,C,C,A,A,H,-,A,A,0,,,,Y,Y,,A,01,0,0,1,0,0,0,0,0,0,"- ","- ",35.341011047363281,-120.62772369384766,"SAN LUIS OBISPO",UNINCORPORATED,-120.62764739990234,35.341007232666016
91482887,2021,2021-05-27,9745,2021-05-23,1020,018454,,7,1,9,4000,0,2,S,,2,054,"LOPEZ DR","HUASNA RD",50.00,E,N,A,-,N,,,,,,,,,,N,3,0,1,1,A,-,03,22350,,N,E,I,A,A,H,-,A,D,0,,,Y,,Y,,C,02,0,1,0,0,0,0,0,0,1,"- ","- ",35.139560699462891,-120.54704284667969,"SAN LUIS OBISPO",UNINCORPORATED,-120.54707336425781,35.139408111572266
9281712,2021,2021-07-01,4006,2021-05-31,1354,89870,,1,5,4,4006,0,0,0,,0,,"RT 1",MONTALBAN,0.00,,Y,A,-,Y,SLO,5,1,-,-,16.920,I,5,S,Y,4,0,2,2,A,-,09,21802,A,N,D,C,A,A,H,-,A,A,0,,,,,Y,,A,07,0,0,2,0,0,0,0,0,0,"- ","- ",35.171699523925781,-120.39540100097656,"SAN LUIS OBISPO","SAN LUIS OBISPO",-120.6650390625,35.288276672363281
91488937,2021,2021-10-06,9745,2021-05-25,1245,016390,,2,1,9,4000,0,3,5,,2,004,"S. HALCYON ROAD","MOUNTAIN VIEW ROAD",650.00,N,N,A,-,N,,,,,,,,,,Y,2,0,2,2,A,-,01,23153,A,N,B,C,A,A,H,-,A,D,0,,,,,Y,Y,A,07,1,1,0,0,0,0,0,0,0,"- ","- ",35.085281372070312,-120.59101104736328,"SAN LUIS OBISPO",UNINCORPORATED,-120.59092712402344,35.085182189941406
91531014,2021,2021-09-08,9740,2021-07-25,0944,017952,,7,1,9,4000,0,1,3,,2,005,SR-58,"ENCINA AVE",42.00,W,N,A,-,Y,,,58,,,,,,,Y,4,0,1,2,A,-,03,22350,,N,C,C,A,A,H,-,A,D,0,,,,,Y,,A,01,0,0,1,0,0,0,0,0,0,"- ","- ",35.391769409179688,-120.60740661621094,"SAN LUIS OBISPO",UNINCORPORATED,-120.60742950439453,35.391803741455078
91564186,2021,2021-09-07,9745,2021-08-30,1105,017541,,1,1,9,4000,0,2,4,,1,058,"JOSHUA RD","ORCHARD RD",200.00,E,N,A,-,N,,,,,,,,,,Y,4,0,1,1,A,-,08,22107,,N,E,I,A,A,H,-,A,D,0,,,,,Y,,A,01,0,0,1,0,0,0,0,0,0,"- ","- ",35.003070831298828,-120.45661926269531,"SAN LUIS OBISPO",UNINCORPORATED,-120.45668792724609,35.003265380859375
9230734,2021,2021-02-23,4006,2021-01-26,1450,62657,,2,5,4,4006,0,0,0,,0,,MADONNA,"RT 101",142.00,W,N,A,-,N,,,,,,,,,,Y,4,0,2,2,A,-,09,21801,A,N,D,C,A,A,H,-,A,A,0,,,,,Y,,J,48,0,0,2,0,0,0,0,0,0,"- ",SF,35.266139984130859,-120.67350769042969,"SAN LUIS OBISPO","SAN LUIS OBISPO",,
91480453,2021,2021-05-27,9740,2021-05-19,2049,018069,,3,2,9,4000,0,1,3,,1,009,SR-46,SR-41,0.00,,Y,A,-,Y,,,46,,,,,,,Y,3,0,1,2,A,-,09,21801,A,N,D,C,A,A,H,-,C,A,0,,,,,Y,,A,01,0,1,0,0,0,0,0,0,0,"- ","- ",35.734428405761719,-120.28453063964844,"SAN LUIS OBISPO",UNINCORPORATED,-120.28453826904297,35.734455108642578
91501659,2021,2021-06-21,9745,2021-06-15,0845,017541,,2,1,9,4000,0,2,4,,1,055,"TEFFT STREET","BLUME ST",0.00,,Y,A,-,N,,,,,,,,,,Y,3,0,2,2,A,-,09,21801,A,N,D,C,A,A,H,-,A,D,0,,,,,Y,,A,07,0,2,0,0,0,0,0,0,0,"- ","- ",35.033798217773438,-120.48986053466797,"SAN LUIS OBISPO",UNINCORPORATED,-120.48992919921875,35.033878326416016
81513803,2021,2021-07-06,4004,2021-06-25,1311,1305,,5,5,3,4004,0,0,0,,0,,"SPRING ST","7TH ST",0.00,,Y,A,-,N,,,,,,,,,,N,4,0,1,2,A,-,03,22350,,N,C,C,A,A,H,-,A,D,0,,,,,Y,,A,01,0,0,1,0,0,0,0,0,0,"- ","- ",35.621200561523438,-120.69101715087891,"SAN LUIS OBISPO","PASO ROBLES",-120.69095611572266,35.621513366699219
81524009,2021,2021-07-20,4004,2021-06-18,1922,1351,,5,5,3,4004,0,0,0,,0,,"PINE ST","13TH ST",0.00,,Y,A,-,N,,,,,,,,,,N,4,0,1,2,A,-,09,21802,A,N,D,C,A,A,H,-,A,A,0,,,,,Y,,A,07,0,0,1,0,0,0,0,0,0,"- ","- ",35.627880096435547,-120.68887329101562,"SAN LUIS OBISPO","PASO ROBLES",-120.68893432617188,35.627857208251953
81525992,2021,2021-07-22,4004,2021-06-19,1250,1383,,6,5,3,4004,0,0,0,,0,,"RT 46E","AIRPORT RD",220.00,W,N,A,-,Y,,,,,,,,,,Y,3,0,1,3,A,-,03,22350,,N,C,C,A,A,H,-,A,D,0,,,,,Y,,A,01,0,1,0,0,0,0,0,0,0,"- ","- ",35.643150329589844,-120.64259338378906,"SAN LUIS OBISPO","PASO ROBLES",-120.64408874511719,35.644451141357422
81534330,2021,2021-08-02,4004,2021-07-24,1441,928,1-3,6,5,3,4004,0,0,0,,0,001,"NACIMIENTO LAKE DR","MOUNTAIN SPRINGS RD",0.00,,Y,A,-,N,,,,,,,,,,N,3,0,1,2,A,-,09,21801,A,N,A,C,A,A,H,-,A,D,0,,,,Y,Y,,A,01,0,1,0,0,0,0,0,0,0,"- ","- ",35.640010833740234,-120.69876098632812,"SAN LUIS OBISPO","PASO ROBLES",-120.69871520996094,35.639980316162109
81544900,2021,2021-08-16,4004,2021-06-16,0959,1418,,3,5,3,4004,0,0,0,,0,,"RT 46E","RT 101 NB OFFRAMP",0.00,,Y,A,-,Y,,,46,,,,,,,N,4,0,3,2,A,-,03,22350,,N,C,C,A,A,H,-,A,A,0,,,,,Y,,D,22,0,0,3,0,0,0,0,0,0,"- ","- ",35.642768859863281,-120.68425750732422,"SAN LUIS OBISPO","PASO ROBLES",-120.68425750732422,35.642772674560547
81544912,2021,2021-08-16,4004,2021-08-01,2108,1384,,7,5,3,4004,0,0,0,,0,,"CRESTON RD","NIBLICK RD",1099.00,S,N,A,-,N,,,,,,,,,,N,3,0,1,2,A,-,11,21954,A,N,G,B,D,A,H,-,D,D,0,Y,,,,Y,,N,60,0,1,0,0,1,0,0,0,0,"- ","- ",35.614768981933594,-120.65933227539062,"SAN LUIS OBISPO","PASO ROBLES",-120.65904235839844,35.612735748291016
81558945,2021,2021-08-31,4004,2021-08-02,1746,1448,-----,1,5,3,4004,0,0,0,,0,------,"13TH ST","RIVER RD",0.00,,Y,A,-,N,,,,,,,,,,Y,4,0,1,2,A,-,03,22350,,N,C,C,A,A,H,-,A,A,0,,,,,Y,,A,01,0,0,1,0,0,0,0,0,0,"- ","- ",35.629081726074219,-120.68315887451172,"SAN LUIS OBISPO","PASO ROBLES",-120.68318176269531,35.629108428955078
81572642,2021,2021-09-17,4004,2021-08-21,2311,1427,,6,5,3,4004,0,0,0,,0,,"SPRING ST","NIBLICK RD",5.00,N,N,A,-,N,,,,,,,,,,N,4,0,1,2,A,-,08,22100,A,M,A,C,A,A,H,-,C,A,0,,,,,Y,Y,D,22,0,0,1,0,0,0,0,0,0,"- ","- ",35.615009307861328,-120.69071197509766,"SAN LUIS OBISPO","PASO ROBLES",-120.69046020507812,35.615264892578125
81576173,2021,2021-09-22,4004,2021-08-25,1519,1306,,3,5,3,4004,0,0,0,,0,,"NICKERSON DR","CRESTON RD",240.00,S,N,A,-,N,,,,,,,,,,N,3,0,1,2,A,-,11,21950,B,F,G,B,D,A,H,-,A,D,0,Y,,,,Y,Y,N,60,0,1,0,0,1,0,0,0,0,"- ","- ",35.625301361083984,-120.67063903808594,"SAN LUIS OBISPO","PASO ROBLES",-120.67097473144531,35.624679565429688
81600905,2021,2021-10-20,4004,2021-07-03,0142,1349,,6,5,3,4004,0,0,0,,0,,"MEADOWLARK RD","DEER SPRINGS DR",253.00,W,N,A,-,N,,,,,,,,,,N,1,1,0,2,A,-,11,21956,A,F,G,B,E,A,H,-,D,D,0,Y,,,,Y,Y,N,60,0,0,0,1,0,0,0,0,0,"- ","- ",35.601081848144531,-120.64689636230469,"SAN LUIS OBISPO","PASO ROBLES",-120.64774322509766,35.601108551025391