CASE_ID,ACCIDENT_YEAR,PROC_DATE,JURIS,COLLISION_DATE,COLLISION_TIME,OFFICER_ID,REPORTING_DISTRICT,DAY_OF_WEEK,CHP_SHIFT,POPULATION,CNTY_CITY_LOC,SPECIAL_COND,BEAT_TYPE,CHP_BEAT_TYPE,CITY_DIVISION_LAPD,CHP_BEAT_CLASS,BEAT_NUMBER,PRIMARY_RD,SECONDARY_RD,DISTANCE,DIRECTION,INTERSECTION,WEATHER_1,WEATHER_2,STATE_HWY_IND,CALTRANS_COUNTY,CALTRANS_DISTRICT,STATE_ROUTE,ROUTE_SUFFIX,POSTMILE_PREFIX,POSTMILE,LOCATION_TYPE,RAMP_INTERSECTION,SIDE_OF_HWY,TOW_AWAY,COLLISION_SEVERITY,NUMBER_KILLED,NUMBER_INJURED,PARTY_COUNT,PRIMARY_COLL_FACTOR,PCF_CODE_OF_VIOL,PCF_VIOL_CATEGORY,PCF_VIOLATION,PCF_VIOL_SUBSECTION,HIT_AND_RUN,TYPE_OF_COLLISION,MVIW,PED_ACTION,ROAD_SURFACE,ROAD_COND_1,ROAD_COND_2,LIGHTING,CONTROL_DEVICE,CHP_ROAD_TYPE,PEDESTRIAN_ACCIDENT,BICYCLE_ACCIDENT,MOTORCYCLE_ACCIDENT,TRUCK_ACCIDENT,NOT_PRIVATE_PROPERTY,ALCOHOL_INVOLVED,STWD_VEHTYPE_AT_FAULT,CHP_VEHTYPE_AT_FAULT,COUNT_SEVERE_INJ,COUNT_VISIBLE_INJ,COUNT_COMPLAINT_PAIN,COUNT_PED_KILLED,COUNT_PED_INJURED,COUNT_BICYCLIST_KILLED,COUNT_BICYCLIST_INJURED,COUNT_MC_KILLED,COUNT_MC_INJURED,PRIMARY_RAMP,SECONDARY_RAMP,LATITUDE,LONGITUDE,COUNTY,CITY,POINT_X,POINT_Y
81615431,2021,2021-11-04,4004,2021-10-15,2026,1351,,5,5,3,4004,0,0,0,,0,,"RIVERSIDE AVE","21ST ST",157.00,S,N,A,-,N,,,,,,,,,,N,2,0,1,2,A,-,11,21954,A,N,G,B,D,A,H,-,D,A,0,Y,,,,Y,,N,60,1,0,0,0,1,0,0,0,0,"- ","- ",35.636280059814453,-120.68781280517578,"SAN LUIS OBISPO","PASO ROBLES",-120.6876220703125,35.635837554931641
81616811,2021,2021-11-05,4004,2021-10-15,2250,1448,-----,5,5,3,4004,0,0,0,,0,------,"RT 46E","MILL RD",0.00,,Y,A,-,Y,,,,,,,,,,Y,4,0,2,4,A,-,09,21802,A,N,D,C,A,A,H,-,D,D,0,,,,,Y,Y,A,07,0,0,2,0,0,0,0,0,0,"- ","- ",35.643730163574219,-120.63337707519531,"SAN LUIS OBISPO","PASO ROBLES",-120.63409423828125,35.645229339599609
81622159,2021,2021-11-11,4004,2021-09-28,1508,1349,,2,5,3,4004,0,0,0,,0,,"CRESTON RD","TRIGO LN",60.00,W,N,A,-,N,,,,,,,,,,Y,4,0,1,2,A,-,03,22350,,N,C,C,A,A,H,-,A,A,0,,,,,Y,,A,08,0,0,1,0,0,0,0,0,0,"- ","- ",35.626399993896484,-120.67225646972656,"SAN LUIS OBISPO","PASO ROBLES",-120.67253112792969,35.626487731933594
81633827,2021,2021-11-24,4004,2021-11-05,1840,1351,,5,5,3,4004,0,0,0,,0,,"RT 46E","GOLDEN HILL RD",486.00,W,N,A,-,Y,,,,,,,,,,Y,3,0,3,4,A,-,03,22350,,N,C,C,A,A,H,-,C,A,0,,,,,Y,,A,08,0,1,2,0,0,0,0,0,0,"- ","- ",35.643470764160156,-120.65737915039062,"SAN LUIS OBISPO","PASO ROBLES",-120.65971374511719,35.644439697265625
81633832,2021,2021-11-24,4004,2021-11-13,2351,1351,,6,5,3,4004,0,0,0,,0,,"24TH ST","RT 101 SB ONRAMP",0.00,,Y,A,-,N,,,,,,,,,,Y,4,0,1,2,A,-,07,21658,A,F,B,C,A,A,H,-,C,A,0,,,,,Y,,-,99,0,0,1,0,0,0,0,0,0,"- ","- ",35.64202880859375,-120.68491363525391,"SAN LUIS OBISPO","PASO ROBLES",-120.55977630615234,34.716625213623047
81635416,2021,2021-11-26,4004,2021-11-12,2335,1448,-----,5,5,3,4004,0,0,0,,0,------,"CRESTON RD","SANTA YSABEL AVE",0.00,,Y,A,-,N,,,,,,,,,,Y,4,0,1,2,A,-,03,22350,,N,C,C,A,A,H,-,C,D,0,,,,,Y,,D,22,0,0,1,0,0,0,0,0,0,"- ","- ",35.611671447753906,-120.65937805175781,"SAN LUIS OBISPO","PASO ROBLES",-120.65904235839844,35.612693786621094
81637691,2021,2021-11-30,4004,2021-10-19,1701,4117,4-1,2,5,3,4004,0,0,0,,0,004,"NIBLICK RD","RIVER RD",0.00,,Y,A,-,N,,,,,,,,,,Y,4,0,1,3,A,-,12,21453,A,N,D,C,A,A,H,-,A,A,0,,,,,Y,,A,01,0,0,1,0,0,0,0,0,0,"- ","- ",35.615009307861328,-120.68020629882812,"SAN LUIS OBISPO","PASO ROBLES",-120.68026733398438,35.615016937255859
81659425,2021,2021-12-23,4004,2021-10-23,0640,1305,,6,5,3,4004,0,0,0,,0,"PASO R","RT 101 NB ONRAMP","RT 46W",0.00,,Y,E,-,Y,,,101,,,,,,N,N,2,0,1,2,A,-,11,21954,A,N,G,B,D,A,H,-,C,A,0,Y,,,,Y,,N,60,1,0,0,0,1,0,0,0,0,"- ","- ",35.589260101318359,-120.6949462890625,"SAN LUIS OBISPO","PASO ROBLES",-120.69544982910156,35.589351654052734
81659441,2021,2021-12-23,4004,2021-11-18,1342,1349,,4,5,3,4004,0,0,0,,0,,"12TH ST","SPRING ST",150.00,E,N,A,-,N,,,,,,,,,,N,4,0,1,2,A,-,11,21954,A,F,G,B,D,A,H,-,A,A,0,Y,,,,Y,,N,60,0,0,1,0,1,0,0,0,0,"- ","- ",35.626678466796875,-120.69151306152344,"SAN LUIS OBISPO","PASO ROBLES",-120.69089508056641,35.626682281494141
81659448,2021,2021-12-23,4004,2021-11-18,1836,1448,-----,4,5,3,4004,0,0,0,,0,------,"NIBLICK RD","BEARCAT LN (W)",0.00,,Y,A,-,N,,,,,,,,,,Y,4,0,1,2,A,-,09,21453,C,N,D,C,A,A,H,-,C,A,0,,,,,Y,,A,01,0,0,1,0,0,0,0,0,0,"- ","- ",35.615070343017578,-120.67154693603516,"SAN LUIS OBISPO","PASO ROBLES",-120.67129516601562,35.615779876708984
81659461,2021,2021-12-23,4004,2021-11-24,1340,1349,,3,5,3,4004,0,0,0,,0,,"RT 46E","GOLDEN HILL RD",0.00,,Y,A,-,Y,,,46,,,,,,,Y,4,0,1,2,A,-,09,21806,A,N,D,C,A,A,H,-,A,A,0,,,,,Y,,D,22,0,0,1,0,0,0,0,0,0,"- ","- ",35.644428253173828,-120.657958984375,"SAN LUIS OBISPO","PASO ROBLES",-120.657958984375,35.644428253173828
81666033,2021,2021-12-30,4004,2021-12-09,1700,1427,,4,5,3,4004,0,0,0,,0,,"13TH ST","RIVERSIDE AVE",2.00,W,N,A,-,N,,,,,,,,,,N,4,0,1,2,A,-,03,22350,,N,C,C,A,A,H,-,C,A,0,,,,,Y,,A,07,0,0,1,0,0,0,0,0,0,"- ","- ",35.628028869628906,-120.68708801269531,"SAN LUIS OBISPO","PASO ROBLES",-120.68702697753906,35.627967834472656
81666035,2021,2021-12-30,4004,2021-12-13,1735,890,,1,5,3,4004,0,0,0,,0,,"NIBLICK RD","SPRING ST",165.00,E,N,C,-,N,,,,,,,,,,N,4,0,2,2,A,-,03,22350,,N,C,C,A,B,H,-,C,A,0,,,,,Y,,D,22,0,0,2,0,0,0,0,0,0,"- ","- ",35.615238189697266,-120.69051361083984,"SAN LUIS OBISPO","PASO ROBLES",-120.68990325927734,35.615234375
81668095,2021,2022-01-03,4004,2021-12-14,1245,1349,,2,5,3,4004,0,0,0,,0,,"NIBLICK RD","SPRING ST",713.00,E,N,C,-,N,,,,,,,,,,Y,4,0,1,2,A,-,07,21658,A,N,B,C,A,B,H,-,A,D,0,,,,,Y,,D,22,0,0,1,0,0,0,0,0,0,"- ","- ",35.615238189697266,-120.69051361083984,"SAN LUIS OBISPO","PASO ROBLES",-120.68806457519531,35.615192413330078
81669319,2021,2022-01-04,4004,2021-12-20,0045,890,,1,5,3,4004,0,0,0,,0,,"RT 101 NB ONRAMP","RT 46E",0.00,,Y,E,-,Y,,,101,,,,,,N,N,4,0,1,1,A,-,03,22350,,N,E,I,A,B,H,-,C,A,0,,,,,Y,,D,22,0,0,1,0,0,0,0,0,0,"- ","- ",35.642768859863281,-120.68425750732422,"SAN LUIS OBISPO","PASO ROBLES",-120.68491363525391,35.642417907714844
81675179,2021,2022-01-11,4004,2021-12-24,1029,1506,4-1,5,5,3,4004,0,0,0,,0,001,"NIBLICK RD","QUARTERHORSE LN",325.00,W,N,A,-,N,,,,,,,,,,Y,4,0,2,2,A,-,03,22350,,N,C,C,A,B,H,-,A,A,0,,,,,Y,,A,01,0,0,2,0,0,0,0,0,0,"- ","- ",35.615589141845703,-120.67758941650391,"SAN LUIS OBISPO","PASO ROBLES",-120.67870330810547,35.615261077880859
81786402,2021,2022-06-02,4004,2021-06-10,1200,1349,,4,5,3,4004,0,0,0,,0,,"SPRING ST","17TH ST",0.00,,Y,A,-,N,,,,,,,,,,N,3,0,1,1,B,-,22,,,N,F,A,A,A,H,-,A,A,0,,Y,,,Y,,L,04,0,1,0,0,0,0,1,0,0,"- ","- ",35.631629943847656,-120.69155120849609,"SAN LUIS OBISPO","PASO ROBLES",-120.69183349609375,35.631889343261719
91383567,2021,2021-01-07,9740,2021-01-01,0915,017498,,5,1,9,4000,0,1,3,,2,010,SR-41,SR-46,14362.00,N,N,A,-,Y,,,41,,,,,,,Y,3,0,2,1,A,-,08,22107,,N,E,I,A,A,H,-,A,D,0,,,,,Y,,A,01,0,1,1,0,0,0,0,0,0,"- ","- ",35.764888763427734,-120.25147247314453,"SAN LUIS OBISPO",UNINCORPORATED,-120.25176239013672,35.765155792236328
91383642,2021,2021-01-07,9740,2021-01-01,1500,021275,,5,2,9,4000,0,3,5,,2,016,"RIVER RD","W. POZO RD",1000.00,E,N,A,-,N,,,,,,,,,,Y,4,0,1,1,A,-,08,22107,,N,E,I,A,A,H,-,A,D,0,,,,,Y,,D,22,0,0,1,0,0,0,0,0,0,"- ","- ",35.301540374755859,-120.40371704101562,"SAN LUIS OBISPO",UNINCORPORATED,-120.40322875976562,35.298900604248047
91387051,2021,2021-01-13,9745,2021-01-10,0020,017541,,7,3,9,4000,0,2,4,,1,052,"THOMPSON AVE.","OLD SUMMIT RD",173.00,S,N,A,-,N,,,,,,,,,,Y,4,0,1,1,A,-,01,23152,A,N,E,I,A,A,H,-,D,D,0,,,,,Y,Y,A,01,0,0,1,0,0,0,0,0,0,"- ","- ",35.0701904296875,-120.50782775878906,"SAN LUIS OBISPO",UNINCORPORATED,-120.50774383544922,35.070228576660156
91389319,2021,2021-01-18,9740,2021-01-13,1814,020302,,3,2,3,4004,0,1,2,,2,003,"US-101 S/B TO SR-46 E/B","SR-46 E/B",15.00,N,N,A,-,Y,,,101,,,,R,,S,N,4,0,1,2,A,-,21,22106,,N,C,C,A,A,H,-,B,D,0,,,,,Y,,A,07,0,0,1,0,0,0,0,0,0,"- ","- ",35.642570495605469,-120.6856689453125,"SAN LUIS OBISPO","PASO ROBLES",-120.6856689453125,35.642570495605469
91389850,2021,2021-01-18,9740,2021-01-17,1851,020302,,7,2,9,4000,0,3,5,,2,019,"RIVER ROAD","N STREET",0.00,,Y,A,-,N,,,,,,,,,,Y,4,0,1,2,A,-,09,21802,A,N,D,C,A,A,H,-,D,D,0,,,,,Y,,A,07,0,0,1,0,0,0,0,0,0,"- ","- ",35.752681732177734,-120.69499206542969,"SAN LUIS OBISPO",UNINCORPORATED,-120.69496917724609,35.752681732177734
91390629,2021,2021-01-19,9740,2021-01-16,1622,017283,,6,2,9,4000,0,3,5,,2,024,"BURTON DR (2800 BLOCK)","PATTERSON PL",250.00,W,N,A,-,N,,,,,,,,,,Y,4,0,1,2,A,-,08,22103,,N,D,C,A,A,H,-,A,D,0,,,,,Y,,A,07,0,0,1,0,0,0,0,0,0,"- ","- ",35.557670593261719,-121.08120727539062,"SAN LUIS OBISPO",UNINCORPORATED,-121.08115386962891,35.557704925537109
91391271,2021,2021-01-20,9745,2021-01-12,1725,020417,,2,2,9,4000,0,1,3,,1,041,"SR-1 N/B","BELRIDGE ST.",22.00,N,N,B,-,Y,,,1,,,,,,N,Y,4,0,1,1,A,-,08,22107,,N,E,I,A,A,H,-,B,D,0,,,,,Y,,D,22,0,0,1,0,0,0,0,0,0,"- ","- ",35.103160858154297,-120.61829376220703,"SAN LUIS OBISPO",UNINCORPORATED,-120.61835479736328,35.103050231933594
91391649,2021,2021-01-20,9745,2021-01-15,1655,020211,,5,2,9,4000,0,2,4,,1,025,"LOS OSOS VALLEY RD","VALLE VISTA PL",30.00,S,N,A,-,N,,,,,,,,,,Y,4,0,2,4,A,-,03,22350,,N,C,C,A,A,H,-,A,D,0,,,,,Y,,A,01,0,0,2,0,0,0,0,0,0,"- ","- ",35.274139404296875,-120.70921325683594,"SAN LUIS OBISPO",UNINCORPORATED,-120.70928955078125,35.274192810058594
91391991,2021,2021-01-21,9745,2021-01-16,0630,017144,,6,1,9,4000,0,1,2,,2,303,"US-101 NORTHBOUND","HIGUERA ST",5808.00,S,N,A,-,Y,,,101,,,,,,N,Y,3,0,1,1,A,-,08,22107,,N,F,A,A,A,H,-,D,D,0,,,,,Y,,D,23,0,1,0,0,0,0,0,0,0,"- ","- ",35.209121704101562,-120.69690704345703,"SAN LUIS OBISPO",UNINCORPORATED,-120.69687652587891,35.209121704101562
91392882,2021,2021-01-22,9745,2021-01-21,1141,017017,,4,1,4,4006,0,1,2,,2,202,"US-101 NB TO LOS OSOS VALLEY RD","LOS OSOS VALLEY RD",35.00,S,N,A,-,Y,,,101,,,,R,,N,Y,4,0,1,2,A,-,03,22350,,N,C,C,A,A,H,-,A,A,0,,,,Y,Y,,D,22,0,0,1,0,0,0,0,0,0,"- ","- ",35.243240356445312,-120.68180084228516,"SAN LUIS OBISPO","SAN LUIS OBISPO",-120.68180084228516,35.243240356445312
91396090,2021,2021-01-28,9745,2021-01-20,1355,017144,,3,1,9,4000,0,3,5,,2,004,"17TH STREET","WARNER ST",200.00,N,N,A,-,N,,,,,,,,,,N,2,0,1,1,A,-,17,21200,,N,F,A,A,A,H,-,A,D,0,,Y,,,Y,Y,L,04,1,0,0,0,0,0,1,0,0,"- ","- ",35.102981567382812,-120.61251831054688,"SAN LUIS OBISPO",UNINCORPORATED,-120.61244201660156,35.102928161621094
91399166,2021,2021-02-01,9740,2021-01-27,1035,017498,,3,1,9,4000,0,1,2,,2,004,"US-101 NORTHBOUND","WELLSONA RD",528.00,N,N,B,C,Y,,,101,,,,,,N,Y,4,0,2,1,A,-,03,22350,,N,E,I,A,B,H,-,A,D,0,,,,,Y,,A,01,0,0,2,0,0,0,0,0,0,"- ","- ",35.698150634765625,-120.69637298583984,"SAN LUIS OBISPO",UNINCORPORATED,-120.69651794433594,35.698150634765625
91399168,2021,2021-02-01,9740,2021-01-27,1425,017498,,3,2,9,4000,0,3,5,,2,024,"LONDONDERRY LANE","ARDATH DRIVE",100.00,S,N,C,G,N,,,,,,,,,,N,4,0,1,1,C,-,18,,,N,E,J,A,B,H,-,A,D,0,,,,,Y,,-,"- ",0,0,1,0,0,0,0,0,0,"- ","- ",35.549781799316406,-121.07331848144531,"SAN LUIS OBISPO",UNINCORPORATED,-121.07335662841797,35.549957275390625
91399212,2021,2021-02-01,9740,2021-01-23,1335,020710,,6,1,9,4000,0,3,5,,2,022,"KILER CANYON RD","ARBOR RD",1900.00,N,N,B,-,N,,,,,,,,,,Y,4,0,1,1,A,-,01,23152,A,N,E,I,A,A,H,-,A,D,0,,,,,Y,Y,A,01,0,0,1,0,0,0,0,0,0,"- ","- ",35.608669281005859,-120.71691131591797,"SAN LUIS OBISPO",UNINCORPORATED,-120.72595977783203,35.605979919433594
91400094,2021,2021-02-01,9745,2021-01-20,2050,020417,,3,2,9,4000,0,3,5,,2,005,"S. FRONTAGE RD. S/B","GRANDE AVE.",125.00,N,N,B,-,N,,,,,,,,,,Y,3,0,2,2,A,-,05,21460,A,N,A,C,A,A,H,-,D,D,0,,,,,Y,,A,01,0,1,1,0,0,0,0,0,0,"- ","- ",35.032810211181641,-120.480712890625,"SAN LUIS OBISPO",UNINCORPORATED,-120.48067474365234,35.032756805419922
91400941,2021,2021-02-02,9745,2021-01-28,0640,017144,,4,1,4,4006,0,1,2,,1,101,"US-101 NORTHBOUND","STAGECOACH RD",1056.00,N,N,C,-,Y,,,,,,,,,,Y,3,0,1,1,A,-,08,22107,,N,E,I,A,B,H,-,D,D,0,,,,,Y,,A,01,0,1,0,0,0,0,0,0,0,"- ","- ",35.320480346679688,-120.62138366699219,"SAN LUIS OBISPO","SAN LUIS OBISPO",-120.62120819091797,35.317295074462891
91401171,2021,2021-02-02,9745,2021-01-21,1333,017061,,4,1,9,4000,0,2,4,,1,025,"LOS OSOS VALLEY RD","TURRI RD",250.00,E,N,A,-,N,,,,,,,,,,Y,4,0,1,1,A,-,08,22107,,N,E,I,A,A,H,-,A,D,0,,,,,Y,,A,01,0,0,1,0,0,0,0,0,0,"- ","- ",35.299930572509766,-120.7752685546875,"SAN LUIS OBISPO",UNINCORPORATED,-120.77577972412109,35.2999267578125
91402689,2021,2021-02-04,9745,2021-01-30,0214,014910,,6,3,9,4000,0,2,4,,1,025,"LOS OSOS VALLEY ROAD","TURRI RD",10032.00,E,N,B,-,N,,,,,,,,,,Y,3,0,1,1,A,-,08,22107,,N,E,I,A,B,H,-,D,D,0,,,,,Y,,A,07,0,1,0,0,0,0,0,0,0,"- ","- ",35.290981292724609,-120.75067901611328,"SAN LUIS OBISPO",UNINCORPORATED,-120.74577331542969,35.289222717285156
91402736,2021,2021-03-08,9745,2021-01-30,1440,020689,,6,2,9,4000,0,3,5,,2,004,"WILLOW RD","BLACK LAKE CANYON DRIVE",0.00,,Y,A,-,N,,,,,,,,,,Y,3,0,1,2,A,-,09,21801,A,N,A,C,A,A,H,-,A,D,0,,,,,Y,,A,08,0,1,0,0,0,0,0,0,0,"- ","- ",35.047401428222656,-120.53510284423828,"SAN LUIS OBISPO",UNINCORPORATED,-120.53520965576172,35.047405242919922
91403259,2021,2021-02-05,9745,2021-01-27,1350,018009,,3,1,9,4000,0,1,2,,2,505,"US 101 S/B","WILLOW ROAD",1584.00,S,N,C,-,Y,,,,,,,,,,Y,3,0,1,1,A,-,08,22107,,N,E,I,A,B,H,-,A,D,0,,,,,Y,,D,22,0,1,0,0,0,0,0,0,0,"- ","- ",35.051681518554688,-120.49810028076172,"SAN LUIS OBISPO",UNINCORPORATED,-120.49929809570312,35.053028106689453
91403283,2021,2021-02-05,9745,2021-02-04,0550,015144,,4,3,9,4000,0,3,5,,2,004,"BONITA SCHOOL ROAD","DIVISION STREET",3168.00,S,N,A,-,N,,,,,,,,,,Y,2,0,1,2,A,-,09,21801,A,N,A,C,A,A,H,-,D,D,0,,,,,Y,,A,01,1,0,0,0,0,0,0,0,0,"- ","- ",34.995540618896484,-120.51413726806641,"SAN LUIS OBISPO",UNINCORPORATED,-120.51418304443359,34.995780944824219
91403852,2021,2021-02-08,9740,2021-02-02,0210,018988,,2,3,9,4000,0,3,5,,2,017,"OLD COUNTY RD","7TH ST",0.00,,Y,A,-,N,,,,,,,,,,Y,2,0,2,1,A,-,01,23152,A,F,E,I,A,A,H,-,C,D,0,,,Y,,Y,Y,C,02,2,0,0,0,0,0,0,0,2,"- ","- ",35.5489501953125,-120.71002197265625,"SAN LUIS OBISPO",UNINCORPORATED,-120.70984649658203,35.548946380615234
91404452,2021,2021-02-08,9745,2021-01-31,1620,020417,,7,2,9,4000,0,2,4,,1,026,"PREFUMO CANYON RD. S/B","CHAMISE LN.",2640.00,N,N,B,-,N,,,,,,,,,,N,2,0,1,2,A,-,09,21801,A,N,H,G,A,A,E,-,A,D,0,,Y,,,Y,,A,07,1,0,0,0,0,0,1,0,0,"- ","- ",35.258888244628906,-120.75852203369141,"SAN LUIS OBISPO",UNINCORPORATED,-120.75786590576172,35.257827758789062
91404527,2021,2021-02-08,9745,2021-02-01,1545,020029,,1,2,9,4000,0,1,3,,1,032,"SR-227 SOUTHBOUND","CRESTMONT DR",100.00,S,N,A,-,Y,,,227,,,,,,S,Y,4,0,1,3,A,-,03,22350,,N,C,C,A,A,H,-,A,D,0,,,,,Y,,A,01,0,0,1,0,0,0,0,0,0,"- ","- ",35.226299285888672,-120.62715148925781,"SAN LUIS OBISPO",UNINCORPORATED,-120.62709808349609,35.226333618164062
91404533,2021,2021-02-08,9740,2021-01-28,0110,019648,,4,3,9,4000,0,1,2,,2,002,"US-101 SOUTHBOUND","VINEYARD DR",2640.00,S,N,C,-,Y,,,101,,,,,,S,Y,3,0,1,1,A,-,08,22107,,N,F,A,A,B,H,-,D,D,0,,,,,Y,,A,01,0,1,0,0,0,0,0,0,0,"- ","- ",35.536701202392578,-120.71186828613281,"SAN LUIS OBISPO",UNINCORPORATED,-120.71183013916016,35.536712646484375
91405088,2021,2021-02-09,9745,2021-02-06,1342,020029,,6,1,9,4000,0,2,4,,1,025,"LOS OSOS VALLEY RD","VALLE VISTA PL",500.00,E,N,A,-,N,,,,,,,,,,Y,4,0,2,2,A,-,09,21804,A,N,D,C,A,A,H,-,A,D,0,,,,,Y,,A,01,0,0,2,0,0,0,0,0,0,"- ","- ",35.2730712890625,-120.70834350585938,"SAN LUIS OBISPO",UNINCORPORATED,-120.70836639404297,35.273147583007812
91405090,2021,2021-02-09,9740,2021-02-05,1835,020057,,5,2,9,4000,0,3,5,,2,019,"10TH ST.","K ST.",0.00,,Y,A,-,N,,,,,,,,,,Y,4,0,1,2,A,-,09,21801,A,N,A,C,A,A,H,-,B,D,0,,,,,Y,,A,01,0,0,1,0,0,0,0,0,0,"- ","- ",35.747871398925781,-120.69969940185547,"SAN LUIS OBISPO",UNINCORPORATED,-120.69964599609375,35.747856140136719
91405200,2021,2021-02-09,9740,2021-02-07,1350,020302,,7,1,9,4000,0,1,2,,2,001,"US-101 NORTHBOUND","SANTA BARBARA RD",7920.00,S,N,A,-,Y,,,101,,,,,,N,Y,4,0,1,1,A,-,08,22107,,N,E,I,A,A,H,-,A,D,0,,,,,Y,,A,08,0,0,1,0,0,0,0,0,0,"- ","- ",35.422809600830078,-120.63105773925781,"SAN LUIS OBISPO",UNINCORPORATED,-120.63116455078125,35.422760009765625
91405495,2021,2021-02-09,9745,2021-02-06,1635,020029,,6,2,9,4000,0,3,5,,2,002,"10TH STREET","LOS OLIVOS AVE",0.00,,Y,A,-,N,,,,,,,,,,Y,4,0,1,2,A,-,09,21802,A,N,D,C,A,A,H,-,A,D,0,,,,,Y,,A,07,0,0,1,0,0,0,0,0,0,"- ","- ",35.313350677490234,-120.83216857910156,"SAN LUIS OBISPO",UNINCORPORATED,-120.83221435546875,35.313175201416016
91406197,2021,2021-02-10,9745,2021-02-03,1750,018454,,3,2,9,4000,0,1,3,,1,045,SR-1,"OSO FLACO LAKE RD",1584.00,N,N,A,-,Y,,,1,,,,,,,Y,3,0,1,2,A,-,03,22350,,N,D,C,A,A,H,-,B,D,0,,,,,Y,,A,07,0,1,0,0,0,0,0,0,0,"- ","- ",35.014968872070312,-120.56575775146484,"SAN LUIS OBISPO",UNINCORPORATED,-120.56583404541016,35.014999389648438
91407500,2021,2021-02-12,9745,2021-02-06,1445,020689,,6,2,9,4000,0,2,4,,1,048,"AVILA BEACH DR.","BABE LANE",700.00,E,N,A,-,N,,,,,,,,,,N,4,0,1,2,A,-,11,21954,A,N,G,B,D,A,H,-,A,D,0,Y,,,,Y,,N,60,0,0,1,0,1,0,0,0,0,"- ","- ",35.177799224853516,-120.74990081787109,"SAN LUIS OBISPO",UNINCORPORATED,-120.7498779296875,35.177814483642578
91408154,2021,2021-02-15,9740,2021-01-30,2325,019648,,6,3,9,4000,0,1,3,,2,008,"SR-46 W/B","GENESEO ROAD",30.00,W,N,A,-,Y,,,46,,,,,,W,Y,3,0,2,1,A,-,01,23152,A,N,E,I,A,A,H,-,D,D,0,,,,,Y,Y,A,07,0,1,1,0,0,0,0,0,0,"- ","- ",35.659610748291016,-120.56085205078125,"SAN LUIS OBISPO",UNINCORPORATED,-120.56085205078125,35.659461975097656
91408994,2021,2021-02-16,9745,2021-02-13,0130,017151,,6,3,9,4000,0,3,5,,2,004,"WILLOW RD","SUNDALE WAY",0.00,,Y,A,-,N,,,,,,,,,,Y,4,0,1,2,A,-,03,22350,,N,C,C,A,A,H,-,D,D,0,,,,,Y,Y,A,01,0,0,1,0,0,0,0,0,0,"- ","- ",35.047370910644531,-120.54161071777344,"SAN LUIS OBISPO",UNINCORPORATED,-120.54170989990234,35.047378540039062
91409411,2021,2021-02-16,9745,2021-01-30,1519,017968,,6,2,9,4000,0,3,5,,2,002,"FOOTHILL BOULEVARD","BLUE GRANITE LANE",528.00,N,N,A,-,N,,,,,,,,,,Y,2,0,2,2,A,-,05,21460,A,N,A,C,A,A,H,-,A,D,0,,,,,Y,,A,07,1,0,1,0,0,0,0,0,0,"- ","- ",35.286518096923828,-120.69989013671875,"SAN LUIS OBISPO",UNINCORPORATED,-120.70010375976562,35.286392211914062
91411634,2021,2021-02-19,9745,2021-02-12,2030,018454,,5,2,9,4000,0,3,5,,2,005,"HUTTON RD","WINDING WAY",422.00,N,N,B,-,N,,,,,,,,,,Y,4,0,1,2,A,-,01,23152,A,N,A,C,A,A,H,-,A,D,0,,,,,Y,Y,A,01,0,0,1,0,0,0,0,0,0,"- ","- ",35.000980377197266,-120.43778228759766,"SAN LUIS OBISPO",UNINCORPORATED,-120.43773651123047,35.000911712646484
91411703,2021,2021-02-19,9745,2021-02-15,1500,020689,,1,2,9,4000,0,1,2,,2,303,"US-101 SOUTHBOUND","AVILA BEACH DRIVE",800.00,N,N,A,-,Y,,,101,,,,,,S,Y,4,0,2,4,A,-,03,22350,,F,C,C,A,A,H,-,A,D,0,,,,,Y,,A,07,0,0,2,0,0,0,0,0,0,"- ","- ",35.181739807128906,-120.70108032226562,"SAN LUIS OBISPO",UNINCORPORATED,-120.70111083984375,35.181728363037109
91411832,2021,2021-02-19,9745,2021-02-16,1050,015144,,2,1,9,4000,0,3,5,,2,004,"BONITA SCHOOL ROAD","DIVISION STREET",3168.00,S,N,A,-,N,,,,,,,,,,Y,3,0,1,2,A,-,03,22350,,N,D,C,A,A,H,-,A,D,0,,,,,Y,,A,08,0,1,0,0,0,0,0,0,0,"- ","- ",34.995658874511719,-120.51416015625,"SAN LUIS OBISPO",UNINCORPORATED,-120.51418304443359,34.995780944824219