CASE_ID,ACCIDENT_YEAR,PROC_DATE,JURIS,COLLISION_DATE,COLLISION_TIME,OFFICER_ID,REPORTING_DISTRICT,DAY_OF_WEEK,CHP_SHIFT,POPULATION,CNTY_CITY_LOC,SPECIAL_COND,BEAT_TYPE,CHP_BEAT_TYPE,CITY_DIVISION_LAPD,CHP_BEAT_CLASS,BEAT_NUMBER,PRIMARY_RD,SECONDARY_RD,DISTANCE,DIRECTION,INTERSECTION,WEATHER_1,WEATHER_2,STATE_HWY_IND,CALTRANS_COUNTY,CALTRANS_DISTRICT,STATE_ROUTE,ROUTE_SUFFIX,POSTMILE_PREFIX,POSTMILE,LOCATION_TYPE,RAMP_INTERSECTION,SIDE_OF_HWY,TOW_AWAY,COLLISION_SEVERITY,NUMBER_KILLED,NUMBER_INJURED,PARTY_COUNT,PRIMARY_COLL_FACTOR,PCF_CODE_OF_VIOL,PCF_VIOL_CATEGORY,PCF_VIOLATION,PCF_VIOL_SUBSECTION,HIT_AND_RUN,TYPE_OF_COLLISION,MVIW,PED_ACTION,ROAD_SURFACE,ROAD_COND_1,ROAD_COND_2,LIGHTING,CONTROL_DEVICE,CHP_ROAD_TYPE,PEDESTRIAN_ACCIDENT,BICYCLE_ACCIDENT,MOTORCYCLE_ACCIDENT,TRUCK_ACCIDENT,NOT_PRIVATE_PROPERTY,ALCOHOL_INVOLVED,STWD_VEHTYPE_AT_FAULT,CHP_VEHTYPE_AT_FAULT,COUNT_SEVERE_INJ,COUNT_VISIBLE_INJ,COUNT_COMPLAINT_PAIN,COUNT_PED_KILLED,COUNT_PED_INJURED,COUNT_BICYCLIST_KILLED,COUNT_BICYCLIST_INJURED,COUNT_MC_KILLED,COUNT_MC_INJURED,PRIMARY_RAMP,SECONDARY_RAMP,LATITUDE,LONGITUDE,COUNTY,CITY,POINT_X,POINT_Y
91412074,2021,2021-02-22,9740,2021-02-08,1235,017952,,1,1,9,4000,0,3,5,,2,017,"MOSS LANE","EL POMAR DRIVE",2112.00,E,N,A,-,N,,,,,,,,,,Y,2,0,3,1,A,-,01,23152,A,N,E,I,A,A,H,-,A,D,0,,,,,Y,Y,A,01,1,2,0,0,0,0,0,0,0,"- ","- ",35.544059753417969,-120.69199371337891,"SAN LUIS OBISPO",UNINCORPORATED,-120.69429016113281,35.543960571289062
91412469,2021,2021-02-22,9745,2021-02-20,1717,020211,,6,2,9,4000,0,3,5,,2,004,"HALCYON RD","APPALOOSA WAY",50.00,W,N,A,-,N,,,,,,,,,,N,4,0,1,1,A,-,08,22107,,N,E,I,A,A,H,-,A,D,0,,,,,Y,,A,01,0,0,1,0,0,0,0,0,0,"- ","- ",35.077529907226562,-120.58563232421875,"SAN LUIS OBISPO",UNINCORPORATED,-120.58353424072266,35.077579498291016
91412943,2021,2021-02-22,9740,2021-02-13,1650,020710,,6,2,9,4000,0,2,4,,2,012,"NACIMIENTO LAKE DRIVE","SAN MARCOS ROAD",0.00,,Y,A,-,N,,,,,,,,,,N,4,0,1,2,A,-,03,22350,,N,C,C,A,A,H,-,A,D,0,,,,,Y,,B,07,0,0,1,0,0,0,0,0,0,"- ","- ",35.688388824462891,-120.76415252685547,"SAN LUIS OBISPO",UNINCORPORATED,-120.76428985595703,35.688365936279297
91413044,2021,2021-02-22,9745,2021-02-20,1730,020689,,6,2,9,4000,0,2,4,,1,048,"AVILA BEACH DR.","SAN JUAN ST",0.00,,Y,A,-,N,,,,,,,,,,Y,4,0,2,2,A,-,09,21801,A,N,D,C,A,A,H,-,A,A,0,,,,,Y,,A,01,0,0,2,0,0,0,0,0,0,"- ","- ",35.180431365966797,-120.73587036132812,"SAN LUIS OBISPO",UNINCORPORATED,-120.73585510253906,35.180412292480469
91414387,2021,2021-02-24,9745,2021-02-20,2157,020226,,6,2,9,4000,0,2,4,,1,051,"LOS BERROS ROAD","EAST EL CAMPO ROAD",115.00,N,N,A,-,N,,,,,,,,,,Y,2,0,1,2,A,-,11,21956,,N,G,B,E,A,H,-,D,D,0,Y,,,,Y,,N,60,1,0,0,0,1,0,0,0,0,"- ","- ",35.093658447265625,-120.56317138671875,"SAN LUIS OBISPO",UNINCORPORATED,-120.56301879882812,35.093582153320312
91414719,2021,2021-02-24,9740,2021-02-19,0910,019259,,5,1,9,4000,0,3,5,,2,017,"MOSS LANE","EL POMAR DRIVE",3696.00,E,N,A,-,N,,,,,,,,,,Y,4,0,1,1,A,-,03,22350,,N,E,I,A,A,H,-,A,D,0,,,,,Y,,A,07,0,0,1,0,0,0,0,0,0,"- ","- ",35.545909881591797,-120.69509887695312,"SAN LUIS OBISPO",UNINCORPORATED,-120.69032287597656,35.545864105224609
91417888,2021,2021-03-01,9745,2021-02-21,0845,017968,,7,1,9,4000,0,3,5,,2,002,"4TH STREET","PISMO AVENUE",0.00,,Y,A,-,N,,,,,,,,,,N,3,0,1,1,A,-,03,22350,,N,H,A,A,A,B,-,A,D,0,,Y,,,Y,,L,04,0,1,0,0,0,0,1,0,0,"- ","- ",35.32257080078125,-120.83876800537109,"SAN LUIS OBISPO",UNINCORPORATED,-120.83876800537109,35.322544097900391
91418364,2021,2021-04-05,9745,2021-02-24,0808,017541,,3,1,9,4000,0,1,2,,2,505,"US-101 SOUTHBOUND","TEFFT STREET",1446.00,S,N,A,-,Y,,,101,,,,,,S,Y,3,0,1,1,A,-,08,22107,,N,E,I,A,A,H,-,A,D,0,,,,,Y,,A,07,0,1,0,0,0,0,0,0,0,"- ","- ",35.0341796875,-120.48155212402344,"SAN LUIS OBISPO",UNINCORPORATED,-120.48170471191406,35.034008026123047
91418842,2021,2021-03-02,9745,2021-02-24,0007,020226,,3,3,9,4000,0,3,5,,2,004,"CAVE LANDING ROAD","AVILA BEACH DRIVE",685.00,S,N,A,-,N,,,,,,,,,,Y,3,0,1,1,A,-,01,23152,A,N,E,I,A,A,H,-,D,D,0,,,,,Y,Y,D,22,0,1,0,0,0,0,0,0,0,"- ","- ",35.181350708007812,-120.72177886962891,"SAN LUIS OBISPO",UNINCORPORATED,-120.72199249267578,35.181488037109375
91418889,2021,2021-03-02,9745,2021-02-27,1810,020689,,6,2,9,4000,0,1,2,,1,101,"US-101 SOUTHBOUND","TV TOWER RD",3696.00,S,N,A,-,Y,,,101,,,,,,S,Y,4,0,1,1,A,-,08,22107,,N,E,I,A,A,H,-,D,D,0,,,,,Y,,A,01,0,0,1,0,0,0,0,0,0,"- ","- ",35.337398529052734,-120.62650299072266,"SAN LUIS OBISPO",UNINCORPORATED,-120.62679290771484,35.337253570556641
91419168,2021,2021-03-02,9740,2021-02-28,2055,020302,,7,2,9,4000,0,1,3,,2,007,SR-41,"CRIPPLE CREEK RD",3168.00,S,N,A,-,Y,,,41,,,,,,,Y,4,0,1,1,A,-,08,22107,,N,E,I,A,A,H,-,D,D,0,,,,,Y,,A,07,0,0,1,0,0,0,0,0,0,"- ","- ",35.527088165283203,-120.56298065185547,"SAN LUIS OBISPO",UNINCORPORATED,-120.56299591064453,35.527118682861328
91422503,2021,2021-03-08,9740,2021-02-27,1632,020710,,6,2,9,4000,0,1,2,,2,004,"US-101 NORTHBOUND","MONTEREY RD",0.00,,Y,A,-,Y,,,101,,,,,,N,Y,4,0,3,2,A,-,09,21802,A,N,D,C,A,A,H,-,A,D,0,,,,,Y,,A,01,0,0,3,0,0,0,0,0,0,"- ","- ",35.667179107666016,-120.69609069824219,"SAN LUIS OBISPO",UNINCORPORATED,-120.69601440429688,35.66717529296875
91422867,2021,2021-03-08,9745,2021-02-22,1254,017968,,1,1,9,4000,0,3,5,,2,003,"SAN LUIS BAY DRIVE","AVILA VALLEY DRIVE",0.00,,Y,A,-,N,,,,,,,,,,Y,4,0,1,2,A,-,03,22350,,N,C,C,A,A,H,-,A,D,0,,,,,Y,,A,01,0,0,1,0,0,0,0,0,0,"- ","- ",35.19451904296875,-120.7130126953125,"SAN LUIS OBISPO",UNINCORPORATED,-120.71304321289062,35.194446563720703
91422895,2021,2021-03-08,9740,2021-03-02,0900,017952,,2,1,9,4000,0,3,5,,2,021,"THEATER DR","RANCHO PASO RD",4.00,S,N,A,-,N,,,,,,,,,,N,4,0,1,2,A,-,05,21650,,N,H,G,A,A,H,-,A,D,0,,Y,,,Y,,L,04,0,0,1,0,0,0,1,0,0,"- ","- ",35.576381683349609,-120.69790649414062,"SAN LUIS OBISPO",UNINCORPORATED,-120.69774627685547,35.576503753662109
91423215,2021,2021-03-09,9740,2021-03-02,1930,018069,,2,2,9,4000,0,2,4,,2,012,"NACIMIENTO LAKE DRIVE (G14)","CHIMNEY ROCK ROAD",5280.00,W,N,B,-,N,,,,,,,,,,Y,3,0,1,1,A,-,03,22350,,N,E,I,A,A,H,-,D,D,0,,,,,Y,,A,07,0,1,0,0,0,0,0,0,0,"- ","- ",35.700519561767578,-120.8106689453125,"SAN LUIS OBISPO",UNINCORPORATED,-120.80934906005859,35.699764251708984
91424259,2021,2021-03-10,9745,2021-03-05,2118,017968,,5,2,9,4000,0,3,5,,2,004,"NOYES ROAD","PRINTZ ROAD",0.00,,Y,A,-,N,,,,,,,,,,Y,3,0,1,1,A,-,01,23152,A,N,F,A,A,A,H,-,D,D,0,,,,,Y,Y,A,01,0,1,0,0,0,0,0,0,0,"- ","- ",35.145618438720703,-120.59278106689453,"SAN LUIS OBISPO",UNINCORPORATED,-120.58895874023438,35.148357391357422
91424634,2021,2021-03-10,9745,2021-03-07,1736,020226,,7,2,9,4000,0,3,5,,2,005,"CAMINO CABALLO","CHEYENNE COURT",5.00,W,N,A,-,N,,,,,,,,,,Y,4,0,1,1,A,-,08,22107,,N,E,I,A,A,H,-,B,D,0,,,,,Y,,A,01,0,0,1,0,0,0,0,0,0,"- ","- ",35.035770416259766,-120.52459716796875,"SAN LUIS OBISPO",UNINCORPORATED,-120.5245361328125,35.035041809082031
91425608,2021,2021-03-11,9745,2021-03-05,1810,020689,,5,2,9,4000,0,1,2,,2,404,"US-101 SB ON HINDS AVE OFF-RAMP","HINDS AVE",60.00,N,N,A,-,Y,,,,,,,,,,Y,3,0,1,3,A,-,03,22350,,N,C,C,A,A,H,-,C,D,0,,,,,Y,,D,22,0,1,0,0,0,0,0,0,0,"- ","- ",35.141239166259766,-120.63902282714844,"SAN LUIS OBISPO",UNINCORPORATED,-120.63883209228516,35.141269683837891
91425988,2021,2021-03-12,9745,2021-03-09,1530,017857,,2,2,2,4005,0,1,2,,2,404,"US-101 SOUTHBOUND","WADSWORTH AVE",125.00,S,N,A,-,Y,,,101,,,,,,S,N,4,0,1,2,A,-,07,21658,A,N,B,C,A,A,H,-,A,D,0,,,,,Y,,A,07,0,0,1,0,0,0,0,0,0,"- ","- ",35.143901824951172,-120.6416015625,"SAN LUIS OBISPO","PISMO BEACH",-120.64159393310547,35.143909454345703
91426367,2021,2021-03-12,9745,2021-03-05,1045,017097,,5,1,9,4000,0,2,4,,1,055,"TEFFT STREET","S. FRONTAGE RD.",215.00,E,N,A,-,Y,,,,,,,,,,N,4,0,1,3,A,-,03,22350,,N,C,C,A,A,H,-,A,A,0,,,,,Y,,A,01,0,0,1,0,0,0,0,0,0,"- ","- ",35.036899566650391,-120.48455047607422,"SAN LUIS OBISPO",UNINCORPORATED,-120.48466491699219,35.036838531494141
91426369,2021,2021-03-12,9740,2021-03-10,1917,021275,,3,2,9,4000,0,3,5,,2,017,"EL CAMINO REAL","LINDEN AVENUE",0.00,,Y,C,-,N,,,,,,,,,,Y,4,0,1,2,A,-,09,21804,A,N,D,C,A,B,H,-,D,A,0,,,,,Y,,D,22,0,0,1,0,0,0,0,0,0,"- ","- ",35.412208557128906,-120.60530853271484,"SAN LUIS OBISPO",UNINCORPORATED,-120.60529327392578,35.412181854248047
91428638,2021,2021-03-16,9745,2021-03-14,0755,017097,,7,1,9,4000,0,1,3,,1,021,"SR-1 NORTHBOUND","VILLA CREEK RD",15.00,S,N,A,-,Y,,,1,,,,,,N,Y,4,0,2,2,A,-,08,22107,,N,B,C,A,A,H,-,A,D,0,,,,,Y,,A,01,0,0,2,0,0,0,0,0,0,"- ","- ",35.469158172607422,-120.97750091552734,"SAN LUIS OBISPO",UNINCORPORATED,-120.97751617431641,35.469139099121094
91429584,2021,2021-03-17,9745,2021-03-07,1930,019809,,7,2,9,4000,0,2,4,,1,025,"LOS OSOS VALLEY RD","ETO LANE",823.00,W,N,A,-,N,,,,,,,,,,Y,2,0,2,2,A,-,08,22107,,N,D,C,A,A,H,-,D,D,0,,,,,Y,,A,01,1,0,1,0,0,0,0,0,0,"- ","- ",35.307170867919922,-120.81613159179688,"SAN LUIS OBISPO",UNINCORPORATED,-120.81615447998047,35.307155609130859
91430156,2021,2021-03-18,9745,2021-03-11,1600,017857,,4,2,9,4000,0,1,2,,2,505,"US-101 NORTHBOUND",SR-166,3696.00,N,N,C,-,Y,,,101,,,,,,N,Y,4,0,1,2,A,-,03,22350,,N,C,C,A,B,H,-,A,D,0,,,,,Y,,A,01,0,0,1,0,0,0,0,0,0,"- ","- ",35.005298614501953,-120.44229888916016,"SAN LUIS OBISPO",UNINCORPORATED,-120.44226837158203,35.005355834960938
91430240,2021,2021-03-18,9745,2021-03-12,0730,015144,,5,1,2,4005,0,1,2,,2,404,"US-101 NORTHBOUND","SPYGLASS DR",2640.00,S,N,B,-,Y,,,101,,,,,,N,Y,3,0,1,1,A,-,08,22107,,N,E,I,A,B,H,-,A,A,0,,,,,Y,,A,01,0,1,0,0,0,0,0,0,0,"- ","- ",35.1610107421875,-120.67954254150391,"SAN LUIS OBISPO","PISMO BEACH",-120.67955780029297,35.160957336425781
91430316,2021,2021-03-18,9745,2021-03-13,1350,020689,,6,1,9,4000,0,1,2,,1,101,"US-101 NORTHBOUND","TV TOWER RD",4224.00,S,N,A,-,N,,,101,,,,,,N,Y,3,0,1,2,A,-,08,22107,,N,E,I,A,A,H,-,A,D,0,,,,,Y,,D,22,0,1,0,0,0,0,0,0,0,"- ","- ",35.33660888671875,-120.62635803222656,"SAN LUIS OBISPO",UNINCORPORATED,-120.62626647949219,35.336662292480469
91430372,2021,2021-03-18,9745,2021-03-08,1610,020417,,1,2,9,4000,0,1,2,,2,505,"US-101 S/B","LOS BERROS RD",665.00,N,N,B,-,Y,,,101,,,,,,S,N,4,0,1,2,A,-,03,22350,,N,C,C,A,A,H,-,A,D,0,,,,,Y,,A,01,0,0,1,0,0,0,0,0,0,"- ","- ",35.073268890380859,-120.51802825927734,"SAN LUIS OBISPO",UNINCORPORATED,-120.51802825927734,35.073268890380859
91431291,2021,2021-03-19,9745,2021-03-15,1305,017097,,1,1,4,4006,0,1,2,,1,101,"US-101 NORTHBOUND","TASSAJARA CREEK ROAD",528.00,S,N,C,F,Y,,,,,,,,,,Y,4,0,1,1,A,-,03,22350,,N,E,I,A,C,H,-,A,D,0,,,,,Y,,A,01,0,0,1,0,0,0,0,0,0,"- ","- ",35.368820190429688,-120.64096069335938,"SAN LUIS OBISPO","SAN LUIS OBISPO",-120.64105224609375,35.369125366210938
91432050,2021,2021-04-13,9745,2021-03-15,1700,020689,,1,2,9,4000,0,2,4,,1,051,"LOS BERROS RD.","CALLE DEBRON",15.00,W,N,A,-,N,,,,,,,,,,Y,4,0,2,2,A,-,03,22350,,N,C,C,A,A,H,-,A,D,0,,,,,Y,,A,01,0,0,2,0,0,0,0,0,0,"- ","- ",35.078140258789062,-120.53600311279297,"SAN LUIS OBISPO",UNINCORPORATED,-120.53585052490234,35.078094482421875
91432608,2021,2021-03-26,9745,2021-01-15,1839,014910,,5,2,9,4000,0,1,3,,2,023,"SR-1 SOUTHBOUND","STENNER CREEK ROAD",1267.00,S,N,A,G,Y,,,1,,,,,,S,Y,1,1,0,3,A,-,08,22107,,N,E,I,A,A,H,-,D,D,0,,,,,Y,,A,01,0,0,0,0,0,0,0,0,0,"- ","- ",35.304851531982422,-120.67783355712891,"SAN LUIS OBISPO",UNINCORPORATED,-120.67781829833984,35.304855346679688
91434150,2021,2021-03-24,9740,2021-03-16,1350,018069,,2,1,9,4000,0,3,5,,2,024,"345 WEYMOUTH STREET",SR-1,524.00,E,N,A,-,N,,,,,,,,,,Y,4,0,1,3,A,-,08,22107,,N,E,I,A,A,H,-,A,D,0,,,,,Y,,A,01,0,0,1,0,0,0,0,0,0,"- ","- ",35.571701049804688,-121.10801696777344,"SAN LUIS OBISPO",UNINCORPORATED,-121.10822296142578,35.571670532226562
91435416,2021,2021-03-25,9745,2021-03-19,2218,016390,,5,3,9,4000,0,1,2,,1,101,"US-101 S/B","RESERVOIR CANYON RD.",800.00,N,N,B,-,Y,,,101,,,,,,S,Y,3,0,1,2,A,-,01,23152,A,N,C,C,A,B,H,-,D,D,0,,,,,Y,Y,A,01,0,1,0,0,0,0,0,0,0,"- ","- ",35.297798156738281,-120.62792205810547,"SAN LUIS OBISPO",UNINCORPORATED,-120.62793731689453,35.297828674316406
91436898,2021,2021-03-26,9745,2021-03-22,1605,017817,,1,2,9,4000,0,1,2,,1,101,"US-101 N/B","TASSAJARA CREEK ROAD",350.00,S,N,A,-,Y,,,101,,,,,,N,Y,4,0,2,1,A,-,08,22107,,N,E,I,A,A,H,-,A,D,0,,,,,Y,,A,01,0,0,2,0,0,0,0,0,0,"- ","- ",35.37017822265625,-120.64105987548828,"SAN LUIS OBISPO",UNINCORPORATED,-120.64105987548828,35.37017822265625
91436923,2021,2021-03-26,9745,2021-03-24,0745,017017,,3,1,9,4000,0,3,5,,2,005,"DIVISION STREET","BONITA SCHOOL ROAD",3168.00,E,N,A,-,N,,,,,,,,,,N,4,0,1,2,A,-,09,21801,A,N,D,C,A,A,H,-,A,D,0,,,,,Y,,D,22,0,0,1,0,0,0,0,0,0,"- ","- ",35.005680084228516,-120.50734710693359,"SAN LUIS OBISPO",UNINCORPORATED,-120.50862121582031,35.005420684814453
91438519,2021,2021-03-29,9745,2021-03-22,1647,020417,,1,2,9,4000,0,1,2,,2,505,"US-101 S/B","LOS BERROS RD.",730.00,N,N,B,-,Y,,,101,,,,,,S,N,4,0,1,2,A,-,03,22350,,N,C,C,A,A,H,-,A,D,0,,,,,Y,,A,01,0,0,1,0,0,0,0,0,0,"- ","- ",35.073398590087891,-120.5181884765625,"SAN LUIS OBISPO",UNINCORPORATED,-120.5181884765625,35.073398590087891
91438582,2021,2021-03-29,9745,2021-03-28,0705,017097,,7,1,9,4000,0,3,5,,2,004,"SILVER SPUR PL","22ND STREET",0.00,,Y,A,-,N,,,,,,,,,,Y,3,0,1,1,A,-,12,22450,A,N,E,I,A,A,H,-,B,A,0,,,,,Y,,A,01,0,1,0,0,0,0,0,0,0,"- ","- ",35.094108581542969,-120.60733032226562,"SAN LUIS OBISPO",UNINCORPORATED,-120.60739898681641,35.094158172607422
91439448,2021,2021-03-30,9740,2021-03-23,1110,017498,,2,1,9,4000,0,3,5,,2,019,"11TH ST","L STREET",0.00,,Y,A,-,N,,,,,,,,,,Y,4,0,2,2,A,-,12,22450,A,N,D,C,A,A,H,-,A,B,0,,,,,Y,,A,01,0,0,2,0,0,0,0,0,0,"- ","- ",35.749050140380859,-120.69814300537109,"SAN LUIS OBISPO",UNINCORPORATED,-120.69808959960938,35.749015808105469
91439487,2021,2021-03-30,9740,2021-03-26,1715,020057,,5,2,9,4000,0,1,2,,2,002,"US-101 NORTHBOUND","LAS TABLAS RD.",400.00,N,N,A,-,Y,,,101,,,,,,N,N,4,0,1,2,A,-,03,22350,,N,C,C,A,A,H,-,A,D,0,,,,,Y,,A,01,0,0,1,0,0,0,0,0,0,"- ","- ",35.555789947509766,-120.71061706542969,"SAN LUIS OBISPO",UNINCORPORATED,-120.71061706542969,35.5557861328125
91439603,2021,2021-03-30,9745,2021-03-27,1340,020211,,6,1,9,4000,0,3,5,,2,004,"BELRIDGE ST",SR-1,350.00,E,N,A,-,N,,,,,,,,,,Y,3,0,1,2,A,-,09,21801,A,N,D,C,A,A,H,-,A,D,0,,,,,Y,Y,A,01,0,1,0,0,0,0,0,0,0,"- ","- ",35.103691101074219,-120.6173095703125,"SAN LUIS OBISPO",UNINCORPORATED,-120.61734008789062,35.103664398193359
91439727,2021,2021-03-30,9745,2021-03-28,1155,020229,,7,1,9,4000,0,3,5,,2,004,"SAN LUIS ST","SAN ANTONIA ST",0.00,,Y,A,-,N,,,,,,,,,,N,2,0,1,2,A,-,09,21802,A,N,F,A,A,A,H,-,A,A,0,,,Y,,Y,,A,07,1,0,0,0,0,0,0,0,1,"- ","- ",35.180240631103516,-120.73063659667969,"SAN LUIS OBISPO",UNINCORPORATED,-120.73068237304688,35.180225372314453
91440191,2021,2021-03-31,9740,2021-03-22,0315,018988,,1,3,9,4000,0,1,2,,2,004,"US-101 SOUTHBOUND","STOCKDALE RD",1056.00,S,N,A,-,Y,,,101,,,,,,S,Y,3,0,1,1,A,-,01,23152,A,N,F,A,A,A,H,-,D,D,0,,,,,Y,Y,A,01,0,1,0,0,0,0,0,0,0,"- ","- ",35.664299011230469,-120.69700622558594,"SAN LUIS OBISPO",UNINCORPORATED,-120.69688415527344,35.664264678955078
91440213,2021,2021-03-31,9740,2021-03-27,1438,020057,,6,2,9,4000,0,1,2,,2,004,"US-101 N/B","MONTEREY RD.",0.00,,Y,A,-,Y,,,101,,,,,,N,Y,3,0,5,2,A,-,09,21801,A,N,D,C,A,A,H,-,A,D,0,,,,,Y,,D,22,0,1,4,0,0,0,0,0,0,"- ","- ",35.667148590087891,-120.69611358642578,"SAN LUIS OBISPO",UNINCORPORATED,-120.69602203369141,35.667133331298828
91442934,2021,2021-04-05,9745,2021-03-27,1520,019809,,6,2,9,4000,0,1,3,,1,011,"SR-41 S/B","OLD MORRO RD WEST",710.00,S,N,A,-,Y,,,41,,,,,,S,Y,4,0,2,2,A,-,09,21801,A,N,D,C,A,A,H,-,A,D,0,,,,,Y,,A,01,0,0,2,0,0,0,0,0,0,"- ","- ",35.460411071777344,-120.73616790771484,"SAN LUIS OBISPO",UNINCORPORATED,-120.73616790771484,35.460414886474609
91443082,2021,2021-04-05,9745,2021-04-03,1600,020689,,6,2,9,4000,0,2,4,,1,055,"TEFFT STREET","MARY AVE",50.00,W,N,A,-,N,,,,,,,,,,N,4,0,1,2,A,-,21,22106,,N,C,C,A,A,H,-,A,A,0,,,,,Y,,A,01,0,0,1,0,0,0,0,0,0,"- ","- ",35.035640716552734,-120.48670959472656,"SAN LUIS OBISPO",UNINCORPORATED,-120.48677062988281,35.035663604736328
91443368,2021,2021-04-05,9740,2021-03-30,1445,017498,,2,2,9,4000,0,3,5,,2,019,"ESTRELLA RD","PLEASANT RD",2112.00,E,N,A,-,N,,,,,,,,,,Y,3,0,1,1,A,-,08,22107,,N,F,A,A,A,H,-,A,D,0,,,Y,,Y,,C,02,0,1,0,0,0,0,0,0,1,"- ","- ",35.717811584472656,-120.62300872802734,"SAN LUIS OBISPO",UNINCORPORATED,-120.62442779541016,35.717758178710938
91443420,2021,2021-04-05,9740,2021-04-01,2255,020057,,4,3,9,4000,0,1,2,,2,002,"US-101 NORTHBOUND","VINEYARD DR",2000.00,N,N,A,-,Y,,,101,,,,,,N,Y,3,0,1,1,A,-,08,22107,,N,E,I,A,A,H,-,D,D,0,,,,,Y,,D,22,0,1,0,0,0,0,0,0,0,"- ","- ",35.549179077148438,-120.71585845947266,"SAN LUIS OBISPO",UNINCORPORATED,-120.71577453613281,35.549163818359375
91446125,2021,2022-10-12,9745,2021-03-30,2500,017968,,2,4,9,4000,0,3,5,,2,005,"EL CAMPO ROAD","S. HALCYON ROAD",0.00,,Y,A,-,N,,,,,,,,,,Y,4,0,1,1,A,-,12,22450,A,N,E,I,A,A,H,-,C,A,0,,,,,Y,,A,01,0,0,1,0,0,0,0,0,0,"- ","- ",35.073879241943359,-120.57576751708984,"SAN LUIS OBISPO",UNINCORPORATED,-120.57593536376953,35.073963165283203
91446134,2021,2021-04-08,9745,2021-03-30,1745,017857,,2,2,9,4000,0,1,3,,2,023,"SR-1 NORTHBOUND","CANET ROAD",0.00,,Y,A,-,Y,,,1,,,,,,N,N,2,0,1,1,A,-,01,23152,A,N,E,I,A,A,H,-,A,A,0,,,,,Y,Y,A,01,1,0,0,0,0,0,0,0,0,"- ","- ",35.354400634765625,-120.78450012207031,"SAN LUIS OBISPO",UNINCORPORATED,-120.784423828125,35.354663848876953
91446141,2021,2021-04-08,9740,2021-03-07,1450,018069,,7,2,9,4000,0,3,5,,2,016,"EAST POZO ROAD","RIVER ROAD",4224.00,E,N,A,-,N,,,,,,,,,,Y,1,1,0,1,A,-,01,23152,A,N,E,I,A,A,H,-,A,D,0,,,Y,,Y,Y,C,02,0,0,0,0,0,0,0,1,0,"- ","- ",35.303569793701172,-120.39087677001953,"SAN LUIS OBISPO",UNINCORPORATED,-120.39149475097656,35.303737640380859
91446287,2021,2021-04-08,9740,2021-04-03,1013,019259,,6,1,9,4000,0,3,5,,2,024,"BURTON DR","ETON RD",0.00,,Y,A,-,N,,,,,,,,,,Y,4,0,2,2,A,-,09,21802,A,N,D,C,A,A,H,-,A,A,0,,,,,Y,,A,01,0,0,2,0,0,0,0,0,0,"- ","- ",35.558090209960938,-121.07723236083984,"SAN LUIS OBISPO",UNINCORPORATED,-121.07723236083984,35.558109283447266
91446938,2021,2021-04-09,9745,2021-04-02,1516,017817,,5,2,9,4000,0,1,2,,2,303,"US-101 S/B","AVILA BEACH DR.",150.00,N,N,A,-,Y,,,101,,,,,,S,Y,4,0,1,2,A,-,03,22350,,N,C,C,A,A,H,-,A,D,0,,,,,Y,,A,01,0,0,1,0,0,0,0,0,0,"- ","- ",35.180309295654297,-120.699951171875,"SAN LUIS OBISPO",UNINCORPORATED,-120.70001220703125,35.180252075195312
91447114,2021,2021-04-09,9740,2021-04-03,1920,021275,,6,2,9,4000,0,3,5,,2,022,"INTERLAKE RD","NACIMIENTO LAKE DR",10032.00,W,N,A,-,N,,,,,,,,,,Y,3,0,1,1,A,-,01,23152,A,N,F,A,A,A,H,-,A,D,0,,,,,Y,Y,A,07,0,1,0,0,0,0,0,0,0,"- ","- ",35.776561737060547,-120.92231750488281,"SAN LUIS OBISPO",UNINCORPORATED,-120.92287445068359,35.776695251464844
91448694,2021,2021-04-26,9745,2021-04-03,1505,020417,,6,2,9,4000,0,1,2,,2,303,"US-101 S/B","AVILA BEACH DR.",120.00,S,N,B,-,Y,,,101,,,,,,S,N,3,0,6,3,A,-,03,22350,,N,C,C,A,A,H,-,A,D,0,,,,,Y,,D,22,0,2,4,0,0,0,0,0,0,"- ","- ",35.179470062255859,-120.69925689697266,"SAN LUIS OBISPO",UNINCORPORATED,-120.69928741455078,35.179447174072266