CASE_ID,ACCIDENT_YEAR,PROC_DATE,JURIS,COLLISION_DATE,COLLISION_TIME,OFFICER_ID,REPORTING_DISTRICT,DAY_OF_WEEK,CHP_SHIFT,POPULATION,CNTY_CITY_LOC,SPECIAL_COND,BEAT_TYPE,CHP_BEAT_TYPE,CITY_DIVISION_LAPD,CHP_BEAT_CLASS,BEAT_NUMBER,PRIMARY_RD,SECONDARY_RD,DISTANCE,DIRECTION,INTERSECTION,WEATHER_1,WEATHER_2,STATE_HWY_IND,CALTRANS_COUNTY,CALTRANS_DISTRICT,STATE_ROUTE,ROUTE_SUFFIX,POSTMILE_PREFIX,POSTMILE,LOCATION_TYPE,RAMP_INTERSECTION,SIDE_OF_HWY,TOW_AWAY,COLLISION_SEVERITY,NUMBER_KILLED,NUMBER_INJURED,PARTY_COUNT,PRIMARY_COLL_FACTOR,PCF_CODE_OF_VIOL,PCF_VIOL_CATEGORY,PCF_VIOLATION,PCF_VIOL_SUBSECTION,HIT_AND_RUN,TYPE_OF_COLLISION,MVIW,PED_ACTION,ROAD_SURFACE,ROAD_COND_1,ROAD_COND_2,LIGHTING,CONTROL_DEVICE,CHP_ROAD_TYPE,PEDESTRIAN_ACCIDENT,BICYCLE_ACCIDENT,MOTORCYCLE_ACCIDENT,TRUCK_ACCIDENT,NOT_PRIVATE_PROPERTY,ALCOHOL_INVOLVED,STWD_VEHTYPE_AT_FAULT,CHP_VEHTYPE_AT_FAULT,COUNT_SEVERE_INJ,COUNT_VISIBLE_INJ,COUNT_COMPLAINT_PAIN,COUNT_PED_KILLED,COUNT_PED_INJURED,COUNT_BICYCLIST_KILLED,COUNT_BICYCLIST_INJURED,COUNT_MC_KILLED,COUNT_MC_INJURED,PRIMARY_RAMP,SECONDARY_RAMP,LATITUDE,LONGITUDE,COUNTY,CITY,POINT_X,POINT_Y
91526777,2021,2021-07-22,9745,2021-07-20,0950,019070,,2,1,9,4000,0,2,4,,1,024,"SOUTH BAY BLVD.","TURRI RD.",41.00,N,N,A,-,N,,,,,,,,,,N,2,0,1,2,A,-,08,22107,,N,D,G,A,A,H,-,A,A,0,,Y,,,Y,,L,04,1,0,0,0,0,0,1,0,0,"- ","- ",35.336750030517578,-120.82334899902344,"SAN LUIS OBISPO",UNINCORPORATED,-120.82331848144531,35.33673095703125
91527905,2021,2021-07-23,9745,2021-07-17,1730,020211,,6,2,2,4005,0,1,2,,2,404,"US-101 SOUTHBOUND","MATTIE RD",3696.00,N,N,A,-,Y,,,101,,,,,,S,Y,4,0,1,3,A,-,03,22350,,N,C,C,A,A,H,-,A,D,0,,,,,Y,,A,07,0,0,1,0,0,0,0,0,0,"- ","- ",35.155780792236328,-120.66671752929688,"SAN LUIS OBISPO","PISMO BEACH",-120.66672515869141,35.155765533447266
91527922,2021,2021-07-23,9745,2021-07-17,1920,020029,,6,2,9,4000,0,1,3,,2,022,"S. BAY BLVD TO SR-1 N/B","S. BAY BLVD",1250.00,N,N,A,-,Y,,,,,,,,,,Y,4,0,1,1,A,-,08,22107,,N,E,I,A,A,H,-,A,D,0,,,,,Y,,D,22,0,0,1,0,0,0,0,0,0,"- ","- ",35.364818572998047,-120.82610321044922,"SAN LUIS OBISPO",UNINCORPORATED,,
91529113,2021,2021-07-26,9745,2021-07-20,0824,019070,,2,1,9,4000,0,1,3,,2,023,"SR-1 (SOUTHBOUND)","SONOMA AVE",500.00,S,N,A,-,Y,,,1,,,,,,,Y,4,0,1,1,C,-,18,,,N,E,H,A,A,H,-,A,D,0,,,,,Y,,-,"- ",0,0,1,0,0,0,0,0,0,"- ","- ",35.324558258056641,-120.72501373291016,"SAN LUIS OBISPO",UNINCORPORATED,-120.72501373291016,35.324554443359375
91529505,2021,2021-07-27,9745,2021-07-22,1705,020229,,4,2,4,4006,0,1,3,,1,041,"SR-1 WB EAST OF HALCYON","S. HALCYON RD",25.00,E,N,A,-,Y,,,,,,,,,,N,4,0,1,2,A,-,03,22350,,F,C,C,A,A,H,-,A,A,0,,,,,Y,,-,99,0,0,1,0,0,0,0,0,0,"- ","- ",35.098201751708984,-120.59217071533203,"SAN LUIS OBISPO","SAN LUIS OBISPO",-120.59229278564453,35.098159790039062
91529646,2021,2021-07-27,9745,2021-07-21,2120,018009,,3,2,2,4003,0,1,3,,2,022,SR-1,"STUDIO DRIVE",0.00,,Y,A,-,Y,,,,,,,,,,Y,3,0,2,2,A,-,09,21801,A,N,D,C,A,A,H,-,C,A,0,,,,,Y,,A,01,0,1,1,0,0,0,0,0,0,"- ","- ",35.428871154785156,-120.88207244873047,"SAN LUIS OBISPO","MORRO BAY",-120.88581085205078,35.433567047119141
91529759,2021,2021-07-27,9740,2021-07-17,0020,019648,,6,3,9,4000,0,3,5,,2,019,"NORTH RIVER RD","WELLSONA RD",500.00,S,N,A,-,N,,,,,,,,,,Y,3,0,1,1,A,-,01,23152,A,N,F,I,A,A,H,-,D,D,0,,,,,Y,Y,A,07,0,1,0,0,0,0,0,0,0,"- ","- ",35.695541381835938,-120.68299102783203,"SAN LUIS OBISPO",UNINCORPORATED,-120.68097686767578,35.695808410644531
91530081,2021,2021-07-27,9740,2021-07-22,0645,017952,,4,1,9,4000,0,3,5,,2,017,"TEMPLETON RD.","WILD HORSE WINERY CT.",0.00,,Y,A,-,N,,,,,,,,,,Y,3,0,1,2,A,-,09,21802,A,N,D,C,A,A,H,-,A,A,0,,,,,Y,,A,01,0,1,0,0,0,0,0,0,0,"- ","- ",35.526969909667969,-120.6746826171875,"SAN LUIS OBISPO",UNINCORPORATED,-120.67466735839844,35.526851654052734
91530685,2021,2021-07-28,9740,2021-07-22,1128,019259,,4,1,9,4000,0,1,3,,1,014,SR-1,"CAMBRIA DRIVE",0.00,,Y,A,-,Y,,,1,,,,,,,Y,3,0,2,2,A,-,17,21451,A,N,D,C,A,A,H,-,A,A,0,,,,,Y,,A,07,0,1,1,0,0,0,0,0,0,"- ","- ",35.563739776611328,-121.09686279296875,"SAN LUIS OBISPO",UNINCORPORATED,-121.09683227539062,35.563770294189453
91530711,2021,2021-07-28,9740,2021-07-22,1153,021275,,4,1,9,4000,0,1,3,,2,010,"SR-41 SOUTHBOUND",SR-46,14784.00,N,N,A,-,Y,,,41,,,,,,S,Y,3,0,1,1,A,-,03,22350,,N,E,I,A,A,H,-,A,D,0,,,,,Y,,A,07,0,1,0,0,0,0,0,0,0,"- ","- ",35.765159606933594,-120.25182342529297,"SAN LUIS OBISPO",UNINCORPORATED,-120.25178527832031,35.765132904052734
91532149,2021,2021-07-29,9745,2021-07-17,1840,020417,,6,2,9,4000,0,3,5,,2,005,"TEFFT STREET","WILSON ST",100.00,E,N,B,-,N,,,,,,,,,,N,3,0,1,1,A,-,03,22350,,N,E,I,A,A,H,-,A,D,0,,,Y,,Y,,C,02,0,1,0,0,0,0,0,0,1,"- ","- ",35.040580749511719,-120.47913360595703,"SAN LUIS OBISPO",UNINCORPORATED,-120.47919464111328,35.040573120117188
91532159,2021,2021-07-29,9745,2021-07-19,1450,020417,,1,2,2,4005,0,1,2,,2,404,"US-101 SOUTHBOUND","SPYGLASS DR",1056.00,S,N,B,-,Y,,,101,,,,,,S,N,3,0,1,1,A,-,08,22107,,N,F,A,A,A,H,-,A,D,0,,,Y,,Y,,C,02,0,1,0,0,0,0,0,0,1,"- ","- ",35.162590026855469,-120.68411254882812,"SAN LUIS OBISPO","PISMO BEACH",-120.68412017822266,35.162563323974609
91533912,2021,2021-07-30,9745,2021-07-21,1545,014508,,3,2,9,4000,0,1,2,,2,505,US-101,"TEFFT STREET",400.00,S,N,A,-,Y,,,101,,,,,,,N,3,0,1,2,A,-,03,22350,,N,C,C,A,A,H,-,A,A,0,,,,,Y,,D,22,0,1,0,0,0,0,0,0,0,"- ","- ",35.037158966064453,-120.48377990722656,"SAN LUIS OBISPO",UNINCORPORATED,-120.48426055908203,35.036678314208984
91535135,2021,2021-08-02,9740,2021-07-23,1305,019259,,5,1,9,4000,0,1,2,,2,003,"US-101 NORTHBOUND","SPRING STREET",1584.00,S,N,A,-,Y,,,101,,,,,,N,Y,3,0,4,3,A,-,03,22350,,N,C,2,A,A,H,-,A,D,0,,,,,Y,,D,22,0,3,1,0,0,0,0,0,0,"- ","- ",35.606250762939453,-120.69223022460938,"SAN LUIS OBISPO",UNINCORPORATED,-120.69222259521484,35.606250762939453
91535764,2021,2021-08-03,9745,2021-07-24,1115,018454,,6,1,9,4000,0,3,5,,2,004,"HUASNA RD","SANTA MANUELA RD",10560.00,S,N,A,-,N,,,,,,,,,,N,3,0,1,1,A,-,03,22350,,N,F,A,A,A,H,-,A,D,0,,Y,,,Y,,L,04,0,1,0,0,0,0,1,0,0,"- ","- ",35.130458831787109,-120.45594024658203,"SAN LUIS OBISPO",UNINCORPORATED,-120.46017456054688,35.126754760742188
91537905,2021,2021-08-05,9740,2021-07-24,0855,013984,,6,1,9,4000,0,3,5,,2,016,"PARKHILL ROAD","STAGECOACH CANYON ROAD",200.00,S,N,A,-,N,,,,,,,,,,Y,3,0,1,1,A,-,08,22107,,N,E,I,A,A,H,-,A,A,0,,,,,Y,,J,48,0,1,0,0,0,0,0,0,0,"- ","- ",35.387908935546875,-120.47435760498047,"SAN LUIS OBISPO",UNINCORPORATED,-120.47537994384766,35.388744354248047
91538778,2021,2021-08-06,9740,2021-07-28,2350,019648,,3,3,9,4000,0,1,3,,2,005,SR-58,"DIGGER PINE ROAD",528.00,W,N,A,-,Y,,,58,,,,,,,Y,2,0,1,1,A,-,08,22107,,N,E,I,A,A,H,-,D,D,0,,,,,Y,,A,01,1,0,0,0,0,0,0,0,0,"- ","- ",35.403759002685547,-120.57324981689453,"SAN LUIS OBISPO",UNINCORPORATED,-120.57318115234375,35.403705596923828
91539050,2021,2021-08-06,9745,2021-07-29,1542,017144,,4,2,9,4000,0,1,2,,2,303,"US-101 SOUTHBOUND","THE SOUTH EDGE OF AVILA BEACH DR.",20.00,N,N,A,-,Y,,,,,,,,,,Y,3,0,1,2,A,-,03,22350,,N,C,C,A,A,H,-,A,D,0,,,,,Y,,A,01,0,1,0,0,0,0,0,0,0,"- ","- ",35.179729461669922,-120.69790649414062,"SAN LUIS OBISPO",UNINCORPORATED,,
91540230,2021,2021-08-09,9745,2021-07-26,1050,014910,,1,1,9,4000,0,1,2,,1,101,"US-101 N/B","TASSAJARA CREEK ROAD",75.00,N,N,A,-,Y,,,101,,,,,,N,Y,4,0,2,2,A,-,09,21804,A,N,C,C,A,A,H,-,A,D,0,,,,,Y,,A,01,0,0,2,0,0,0,0,0,0,"- ","- ",35.370609283447266,-120.64079284667969,"SAN LUIS OBISPO",UNINCORPORATED,-120.64096832275391,35.370662689208984
91540718,2021,2021-08-09,9745,2021-07-31,1738,020211,,6,2,9,4000,0,2,4,,1,048,"AVILA BEACH DRIVE","AVILA BEACH DRIVE TO SOUTHBOUND US-101",0.00,,Y,A,-,N,,,,,,,,,,N,3,0,2,1,A,-,08,22107,,F,F,A,A,A,H,-,A,D,0,,,Y,,Y,,C,02,0,2,0,0,0,0,0,0,2,"- ","- ",35.179790496826172,-120.70015716552734,"SAN LUIS OBISPO",UNINCORPORATED,-120.69957733154297,35.179756164550781
91540808,2021,2021-08-09,9745,2021-07-31,2350,020689,,6,3,9,4000,0,1,2,,2,505,"US-101 SOUTHBOUND",SR-166,2640.00,N,N,A,-,Y,,,101,,,,,,S,Y,3,0,1,1,A,-,01,23152,A,N,E,I,A,A,H,-,D,A,0,,,,,Y,Y,A,07,0,1,0,0,0,0,0,0,0,"- ","- ",35.002830505371094,-120.43923187255859,"SAN LUIS OBISPO",UNINCORPORATED,-120.43919372558594,35.002864837646484
91542457,2021,2021-08-11,9740,2021-08-06,1655,020710,,5,2,4,4008,0,1,2,,2,002,"US-101 NORTHBOUND","DEL RIO RD.",1600.00,N,N,A,-,Y,,,101,,,,,,N,Y,4,0,1,3,A,-,03,22350,,N,C,C,A,A,H,-,A,D,0,,,,,Y,,A,01,0,0,1,0,0,0,0,0,0,"- ","- ",35.517280578613281,-120.70201110839844,"SAN LUIS OBISPO",ATASCADERO,-120.70211029052734,35.5172119140625
91542880,2021,2021-08-11,9745,2021-07-29,1015,017968,,4,1,9,4000,0,1,2,,2,505,"US-101 S/B FROM WILLOW ROAD","WILLOW ROAD",150.00,S,N,A,-,Y,,,,,,,,,,Y,4,0,1,1,A,-,08,22107,,N,F,A,A,A,H,-,A,D,0,,,,Y,Y,,G,25,0,0,1,0,0,0,0,0,0,"- ","- ",35.034389495849609,-120.50180053710938,"SAN LUIS OBISPO",UNINCORPORATED,-120.49929809570312,35.053028106689453
91543694,2021,2021-08-12,9745,2021-07-30,1754,020417,,5,2,9,4000,0,1,2,,2,505,"US-101 N/B",SR-166,7392.00,N,N,B,-,Y,,,101,,,,,,N,Y,3,0,1,1,A,-,08,22107,,N,F,A,A,A,H,-,A,D,0,,,,,Y,,A,07,0,1,0,0,0,0,0,0,0,"- ","- ",35.010440826416016,-120.45194244384766,"SAN LUIS OBISPO",UNINCORPORATED,-120.45189666748047,35.010513305664062
91544566,2021,2021-08-13,9745,2021-08-05,1721,017857,,4,2,9,4000,0,1,2,,1,101,"US-101 NORTHBOUND","MONTEREY STREET",1056.00,N,N,A,-,Y,,,101,,,,,,N,N,4,0,1,2,A,-,03,22350,,N,C,C,A,A,H,-,A,D,0,,,,,Y,,A,01,0,0,1,0,0,0,0,0,0,"- ","- ",35.294021606445312,-120.64182281494141,"SAN LUIS OBISPO",UNINCORPORATED,-120.64180755615234,35.294002532958984
91544800,2021,2021-08-13,9745,2021-08-06,1433,018009,,5,2,9,4000,0,1,2,,2,505,"U.S. 101 N/B",SR-166,7392.00,N,N,A,-,Y,,,,,,,,,,Y,3,0,2,2,A,-,03,22350,,N,C,2,A,A,H,-,A,D,0,,,,,Y,,A,01,0,2,0,0,0,0,0,0,0,"- ","- ",35.010181427001953,-120.45143890380859,"SAN LUIS OBISPO",UNINCORPORATED,-120.44826507568359,35.008533477783203
91545853,2021,2021-08-16,9745,2021-08-03,2359,014910,,2,3,9,4000,0,1,2,,2,404,"US 101 N/B","AVILA BEACH DRIVE",439.00,S,N,A,-,Y,,,,,,,,,,Y,2,0,2,1,A,-,08,22107,,N,E,I,A,A,H,-,D,D,0,,,,,Y,,D,22,1,0,1,0,0,0,0,0,0,"- ","- ",35.1787109375,-120.69818878173828,"SAN LUIS OBISPO",UNINCORPORATED,-120.70073699951172,35.181499481201172
91546042,2021,2021-08-16,9745,2021-08-05,1543,020417,,4,2,9,4000,0,3,5,,2,004,"HALCYON RD.","EL CAMPO RD.",766.00,E,N,B,-,N,,,,,,,,,,Y,3,0,1,2,A,-,09,21801,A,N,D,C,A,A,H,-,A,D,0,,,,,Y,,E,22,0,1,0,0,0,0,0,0,0,"- ","- ",35.073051452636719,-120.57344055175781,"SAN LUIS OBISPO",UNINCORPORATED,-120.57362365722656,35.073112487792969
91546278,2021,2021-08-17,9745,2021-08-05,1720,020417,,4,2,2,4005,0,1,2,,2,404,"US-101 SOUTHBOUND","SPYGLASS DR.",1056.00,N,N,B,-,Y,,,101,,,,,,S,Y,2,0,1,2,A,-,03,22350,,N,C,C,A,A,H,-,A,D,0,,,Y,,Y,,C,02,1,0,0,0,0,0,0,0,1,"- ","- ",35.16693115234375,-120.69010162353516,"SAN LUIS OBISPO","PISMO BEACH",-120.69010925292969,35.166919708251953
91546774,2021,2021-08-17,9745,2021-08-05,2106,014910,,4,2,9,4000,0,1,2,,2,303,"US 101 NB","US 101- NB FROM HIGUERA STREET",1376.00,N,N,A,-,Y,,,,,,,,,,Y,2,0,1,1,A,-,08,22107,,N,F,A,A,A,H,-,C,D,0,,,,,Y,,D,22,1,0,0,0,0,0,0,0,0,"- ","- ",35.233978271484375,-120.68699645996094,"SAN LUIS OBISPO",UNINCORPORATED,-120.65957641601562,35.289653778076172
91546977,2021,2021-08-17,9745,2021-08-08,1005,017541,,7,1,9,4000,0,1,2,,2,505,"US 101 NORTHBOUND","TEFFT ST",4752.00,S,N,A,-,Y,,,,,,,,,,Y,4,0,1,2,A,-,03,22350,,N,C,C,A,A,H,-,A,D,0,,,,,Y,,A,01,0,0,1,0,0,0,0,0,0,"- ","- ",35.027320861816406,-120.47408294677734,"SAN LUIS OBISPO",UNINCORPORATED,-120.47607421875,35.029060363769531
91547148,2021,2021-08-17,9745,2021-08-08,1625,020211,,7,2,9,4000,0,1,3,,1,041,SR-1,"BELRIDGE STREET",9.00,N,N,A,-,Y,,,1,,,,,,,Y,3,0,1,4,A,-,08,22107,,N,C,2,A,A,H,-,A,D,0,,,,,Y,,A,01,0,1,0,0,0,0,0,0,0,"- ","- ",35.102958679199219,-120.61818695068359,"SAN LUIS OBISPO",UNINCORPORATED,-120.61819458007812,35.102958679199219
91547192,2021,2021-08-17,9745,2021-08-09,1550,020211,,1,2,9,4000,0,1,3,,1,045,SR-1,"OLIVERA AVE",950.00,S,N,A,-,Y,,,1,,,,,,,Y,3,0,1,2,A,-,09,21804,A,N,D,C,A,A,H,-,A,D,0,,,,,Y,,A,01,0,1,0,0,0,0,0,0,0,"- ","- ",35.038059234619141,-120.56568908691406,"SAN LUIS OBISPO",UNINCORPORATED,-120.56568145751953,35.038070678710938
91547348,2021,2021-08-17,9745,2021-08-10,1525,018009,,2,2,9,4000,0,1,2,,2,505,"U.S.101 N/B",SR-166,7920.00,N,N,A,-,Y,,,,,,,,,,Y,4,0,1,2,A,-,03,22350,,N,C,2,A,A,H,-,A,D,0,,,,,Y,,A,01,0,0,1,0,0,0,0,0,0,"- ","- ",35.0130615234375,-120.45686340332031,"SAN LUIS OBISPO",UNINCORPORATED,-120.44974517822266,35.009323120117188
91547351,2021,2021-08-17,9745,2021-08-15,1450,020029,,7,2,9,4000,0,1,2,,2,505,"US-101 SOUTHBOUND","WILLOW RD",500.00,S,N,A,-,Y,,,101,,,,,,S,Y,4,0,1,2,A,-,03,22350,,N,C,C,A,A,H,-,A,D,0,,,,,Y,,A,01,0,0,1,0,0,0,0,0,0,"- ","- ",35.054271697998047,-120.50038909912109,"SAN LUIS OBISPO",UNINCORPORATED,-120.50038909912109,35.054271697998047
91548390,2021,2021-11-02,9745,2021-08-06,2010,017857,,5,2,9,4000,0,2,4,,1,025,"LOS OSOS VALLEY ROAD","CLARK VALLEY ROAD",1584.00,E,N,A,-,N,,,,,,,,,,N,4,0,1,2,A,-,08,22107,,F,B,G,A,A,H,-,A,D,0,,Y,,,Y,,-,"- ",0,0,1,0,0,0,1,0,0,"- ","- ",35.302158355712891,-120.79448699951172,"SAN LUIS OBISPO",UNINCORPORATED,-120.79558563232422,35.302375793457031
91550077,2021,2021-08-20,9745,2021-08-14,2135,018454,,6,2,9,4000,0,2,4,,1,025,"LOS OSOS VALLEY RD","PINE AVE",0.00,,Y,A,-,N,,,,,,,,,,N,4,0,1,2,A,-,12,22450,A,N,D,C,A,A,H,-,D,A,0,,,,,Y,Y,A,01,0,0,1,0,0,0,0,0,0,"- ","- ",35.312679290771484,-120.84506225585938,"SAN LUIS OBISPO",UNINCORPORATED,-120.84481048583984,35.312606811523438
91550408,2021,2021-08-20,9745,2021-08-16,1440,015144,,1,2,9,4000,0,1,3,,2,023,"SR-1 NORTHBOUND","COLONY DRIVE",20.00,N,N,A,-,Y,,,1,,,,,,N,Y,3,0,1,2,A,-,12,21453,A,N,A,C,A,A,H,-,A,A,0,,,,,Y,,A,01,0,1,0,0,0,0,0,0,0,"- ","- ",35.319568634033203,-120.69705963134766,"SAN LUIS OBISPO",UNINCORPORATED,-120.69703674316406,35.319644927978516
91552034,2021,2021-08-23,9745,2021-06-23,1925,017097,,3,2,9,4000,0,2,S,,2,054,"LOPEZ DRIVE","GRIEB RANCH WAY",512.00,W,N,A,-,N,,,,,,,,,,Y,1,1,0,1,A,-,01,23152,F,N,E,I,A,A,H,-,A,D,0,,,Y,,Y,,C,02,0,0,0,0,0,0,0,1,0,"- ","- ",35.184421539306641,-120.50035858154297,"SAN LUIS OBISPO",UNINCORPORATED,-120.50157165527344,35.184291839599609
91552085,2021,2021-08-23,9745,2021-08-19,1330,020417,,4,1,9,4000,0,3,5,,2,005,"TEJAS PL.","S. TEFFT ST.",330.00,N,N,B,-,N,,,,,,,,,,N,2,0,1,2,A,-,11,21954,A,F,G,B,E,A,H,-,A,D,0,Y,,,,Y,,N,60,1,0,0,0,1,0,0,0,0,"- ","- ",35.026569366455078,-120.49884033203125,"SAN LUIS OBISPO",UNINCORPORATED,-120.49877166748047,35.026500701904297
91552120,2021,2021-08-23,9745,2021-08-19,1611,020417,,4,2,9,4000,0,1,2,,2,505,"US-101 S/B","LOS BERROS RD",870.00,N,N,B,-,Y,,,101,,,,,,S,Y,4,0,1,2,A,-,03,22350,,N,C,C,A,A,H,-,A,D,0,,,,,Y,,A,01,0,0,1,0,0,0,0,0,0,"- ","- ",35.073661804199219,-120.51850891113281,"SAN LUIS OBISPO",UNINCORPORATED,-120.51851654052734,35.073650360107422
91552934,2021,2021-08-24,9745,2021-08-20,0605,017097,,5,1,9,4000,0,1,3,,1,045,SR-1,"OSO FLACO LAKE RD",1795.00,N,N,E,-,Y,,,1,,,,,,,N,4,0,1,2,A,-,08,22107,,N,D,C,A,B,H,-,B,D,0,,,,,Y,,D,22,0,0,1,0,0,0,0,0,0,"- ","- ",35.015460968017578,-120.56564331054688,"SAN LUIS OBISPO",UNINCORPORATED,-120.56564331054688,35.015460968017578
91553079,2021,2021-08-24,9745,2021-08-10,1747,017968,,2,2,9,4000,0,3,5,,2,004,"VIA CONCHA ROAD","VIEWCREST DRIVE",0.00,,Y,A,-,N,,,,,,,,,,Y,3,0,1,2,A,-,01,23152,A,N,C,C,A,A,H,-,A,D,0,,,,,Y,Y,A,01,0,1,0,0,0,0,0,0,0,"- ","- ",35.027061462402344,-120.55847930908203,"SAN LUIS OBISPO",UNINCORPORATED,-120.55854797363281,35.02703857421875
91554098,2021,2021-08-25,9745,2021-08-21,2005,020029,,6,2,9,4000,0,2,4,,1,055,"W TEFFT STREET","POMEROY RD",0.00,,Y,A,-,N,,,,,,,,,,Y,4,0,1,2,A,-,12,21453,A,N,D,C,A,A,H,-,C,A,0,,,,,Y,,A,01,0,0,1,0,0,0,0,0,0,"- ","- ",35.030830383300781,-120.49508666992188,"SAN LUIS OBISPO",UNINCORPORATED,-120.49509429931641,35.030826568603516
91554402,2021,2021-08-25,9740,2021-08-15,1910,017952,,7,2,9,4000,0,3,5,,2,017,"EL CAMINO REAL","SANDOVAL RD.",35.00,N,N,A,-,N,,,,,,,,,,Y,4,0,1,1,A,-,01,23152,A,N,F,A,A,A,H,-,A,D,0,,,Y,,Y,Y,C,02,0,0,1,0,0,0,0,0,1,"- ","- ",35.430568695068359,-120.60865783691406,"SAN LUIS OBISPO",UNINCORPORATED,-120.608642578125,35.430477142333984
91558117,2021,2021-08-30,9745,2021-08-20,1245,020689,,5,1,9,4000,0,1,3,,1,040,SR-227,"VIA CHULA ROBLES",80.00,S,N,A,-,Y,,,227,,,,,,,N,4,0,1,1,C,-,18,,,N,E,H,A,A,H,-,A,D,0,,,Y,,Y,,-,"- ",0,0,1,0,0,0,0,0,1,"- ","- ",35.165828704833984,-120.57769775390625,"SAN LUIS OBISPO",UNINCORPORATED,-120.57759094238281,35.165901184082031
91558683,2021,2021-08-30,9745,2021-08-25,2010,017151,,3,2,4,4006,0,1,2,,2,202,"US-101 NORTHBOUND","MADONNA RD",528.00,S,N,A,-,Y,,,101,,,,,,N,Y,4,0,1,1,A,-,01,23152,A,N,F,A,A,A,H,-,D,D,0,,,,,Y,Y,A,07,0,0,1,0,0,0,0,0,0,"- ","- ",35.264801025390625,-120.67347717285156,"SAN LUIS OBISPO","SAN LUIS OBISPO",-120.67357635498047,35.264808654785156
91558732,2021,2021-08-30,9740,2021-08-22,1143,017283,,7,1,9,4000,0,1,3,,2,008,SR-46,"WEST CENTRE STREET",5280.00,W,N,A,-,Y,,,46,,,,,,,Y,4,0,1,1,C,-,18,,,N,H,J,A,A,H,-,A,D,0,,,,,Y,,-,"- ",0,0,1,0,0,0,0,0,0,"- ","- ",35.661540985107422,-120.43089294433594,"SAN LUIS OBISPO",UNINCORPORATED,-120.43089294433594,35.661373138427734
91558755,2021,2021-08-30,9745,2021-08-26,1835,017097,,4,2,9,4000,0,2,4,,1,051,"LOS BERROS RD","AVIS ST",250.00,W,N,A,-,N,,,,,,,,,,N,4,0,2,2,A,-,03,22350,,N,C,C,A,A,D,-,A,A,0,,,,,Y,,A,01,0,0,2,0,0,0,0,0,0,"- ","- ",35.078269958496094,-120.54090881347656,"SAN LUIS OBISPO",UNINCORPORATED,-120.54096221923828,35.078269958496094
91559256,2021,2021-08-31,9745,2021-08-29,2113,019070,,7,2,9,4000,0,3,5,,2,004,"EL CAMPO ROAD","MONTCLAIR PL",110.00,S,N,F,-,N,,,,,,,,,,Y,3,0,1,1,A,-,08,22107,,N,E,I,A,A,H,-,D,D,0,,,,,Y,,A,01,0,1,0,0,0,0,0,0,0,"- ","- ",35.067020416259766,-120.58405303955078,"SAN LUIS OBISPO",UNINCORPORATED,-120.58401489257812,35.06707763671875
91560291,2021,2021-09-01,9745,2021-07-12,2140,020226,,1,2,9,4000,0,1,2,,1,101,"US-101 NORTHBOUND","TASSAJARA CREEK ROAD",0.00,,Y,A,-,Y,,,101,,,,,,N,Y,1,1,0,2,A,-,09,21804,A,N,D,C,A,A,H,-,D,D,0,,,Y,,Y,,A,07,0,0,0,0,0,0,0,1,0,"- ","- ",35.370540618896484,-120.64092254638672,"SAN LUIS OBISPO",UNINCORPORATED,-120.6409912109375,35.370552062988281
91560373,2021,2021-09-01,9740,2021-08-23,2300,020057,,1,3,9,4000,0,1,3,,1,009,SR-46E,SR-41,1584.00,E,N,A,-,Y,,,46,,,,,,,Y,4,0,1,1,C,-,18,,,N,H,H,A,A,H,-,A,D,0,,,,,Y,,-,"- ",0,0,1,0,0,0,0,0,0,"- ","- ",35.735950469970703,-120.27622222900391,"SAN LUIS OBISPO",UNINCORPORATED,-120.27622222900391,35.735958099365234
91560708,2021,2021-11-03,9745,2021-08-20,1110,017061,,5,1,9,4000,0,1,3,,1,021,SR-1,"CASS AVE",0.00,,Y,A,-,Y,,,1,,,,,,,Y,3,0,4,3,A,-,09,21801,A,N,A,C,A,A,H,-,A,A,0,,,,,Y,,A,01,0,1,3,0,0,0,0,0,0,"- ","- ",35.437049865722656,-120.8873291015625,"SAN LUIS OBISPO",UNINCORPORATED,-120.88721466064453,35.437095642089844