CASE_ID,ACCIDENT_YEAR,PROC_DATE,JURIS,COLLISION_DATE,COLLISION_TIME,OFFICER_ID,REPORTING_DISTRICT,DAY_OF_WEEK,CHP_SHIFT,POPULATION,CNTY_CITY_LOC,SPECIAL_COND,BEAT_TYPE,CHP_BEAT_TYPE,CITY_DIVISION_LAPD,CHP_BEAT_CLASS,BEAT_NUMBER,PRIMARY_RD,SECONDARY_RD,DISTANCE,DIRECTION,INTERSECTION,WEATHER_1,WEATHER_2,STATE_HWY_IND,CALTRANS_COUNTY,CALTRANS_DISTRICT,STATE_ROUTE,ROUTE_SUFFIX,POSTMILE_PREFIX,POSTMILE,LOCATION_TYPE,RAMP_INTERSECTION,SIDE_OF_HWY,TOW_AWAY,COLLISION_SEVERITY,NUMBER_KILLED,NUMBER_INJURED,PARTY_COUNT,PRIMARY_COLL_FACTOR,PCF_CODE_OF_VIOL,PCF_VIOL_CATEGORY,PCF_VIOLATION,PCF_VIOL_SUBSECTION,HIT_AND_RUN,TYPE_OF_COLLISION,MVIW,PED_ACTION,ROAD_SURFACE,ROAD_COND_1,ROAD_COND_2,LIGHTING,CONTROL_DEVICE,CHP_ROAD_TYPE,PEDESTRIAN_ACCIDENT,BICYCLE_ACCIDENT,MOTORCYCLE_ACCIDENT,TRUCK_ACCIDENT,NOT_PRIVATE_PROPERTY,ALCOHOL_INVOLVED,STWD_VEHTYPE_AT_FAULT,CHP_VEHTYPE_AT_FAULT,COUNT_SEVERE_INJ,COUNT_VISIBLE_INJ,COUNT_COMPLAINT_PAIN,COUNT_PED_KILLED,COUNT_PED_INJURED,COUNT_BICYCLIST_KILLED,COUNT_BICYCLIST_INJURED,COUNT_MC_KILLED,COUNT_MC_INJURED,PRIMARY_RAMP,SECONDARY_RAMP,LATITUDE,LONGITUDE,COUNTY,CITY,POINT_X,POINT_Y
91561244,2021,2021-09-02,9745,2021-08-28,0620,017097,,6,1,9,4000,0,1,3,,1,045,SR-1,"WILLOW RD",400.00,S,N,E,-,Y,,,1,,,,,,,Y,3,0,1,1,A,-,01,23152,A,N,E,I,A,A,H,-,B,D,0,,,,,Y,Y,A,01,0,1,0,0,0,0,0,0,0,"- ","- ",35.045928955078125,-120.56877899169922,"SAN LUIS OBISPO",UNINCORPORATED,-120.56883239746094,35.045883178710938
91561726,2021,2021-09-02,9740,2021-08-07,1800,017952,,6,2,9,4000,0,3,5,,2,022,"KILER CANYON RD","ARBOR RD",2112.00,N,N,A,-,N,,,,,,,,,,Y,3,0,1,1,A,-,01,23152,A,N,E,I,A,A,H,-,A,D,0,,,,,Y,Y,A,01,0,1,0,0,0,0,0,0,0,"- ","- ",35.606021881103516,-120.7271728515625,"SAN LUIS OBISPO",UNINCORPORATED,-120.72665405273438,35.606021881103516
91562265,2021,2021-09-03,9745,2021-08-30,1838,017151,,1,2,9,4000,0,1,3,,1,021,"SR-1 NORTHBOUND","VILLA CREEK RD",3696.00,N,N,A,-,Y,,,1,,,,,,N,Y,4,0,1,1,A,-,01,23152,A,N,F,A,A,A,H,-,A,D,0,,,,,Y,Y,A,07,0,0,1,0,0,0,0,0,0,"- ","- ",35.473270416259766,-120.98593139648438,"SAN LUIS OBISPO",UNINCORPORATED,-120.98592376708984,35.473293304443359
91563926,2021,2021-09-07,9745,2021-08-20,1921,020417,,5,2,9,4000,0,3,5,,2,005,"STORY ST.","MEREDITH AVE.",140.00,W,N,B,-,N,,,,,,,,,,Y,4,0,4,2,A,-,05,21650,,N,B,C,A,A,H,-,B,D,0,,,,,Y,,A,01,0,0,4,0,0,0,0,0,0,"- ","- ",35.024608612060547,-120.47840118408203,"SAN LUIS OBISPO",UNINCORPORATED,-120.47837066650391,35.024635314941406
91564472,2021,2021-09-07,9750,2021-08-31,0020,020510,,2,3,9,4000,0,1,3,,2,061,"SR-166 (CHP OFFICERS IRVINE & STOVALL MEMORIAL HIG","TWITCHELL DAM RD",6336.00,E,N,A,-,Y,,,166,,,,,,,Y,3,0,2,1,A,-,08,22107,,N,E,8,A,A,H,-,D,D,0,,,,Y,Y,,G,25,0,1,1,0,0,0,0,0,0,"- ","- ",35.01654052734375,-120.33455657958984,"SAN LUIS OBISPO",UNINCORPORATED,-120.33456420898438,35.016529083251953
91565140,2021,2021-09-08,9740,2021-08-29,1138,019259,,7,1,9,4000,0,1,3,,1,014,SR-1,SR-46W,0.00,,Y,A,-,Y,,,1,,,,,,,Y,4,0,1,2,A,-,09,21801,A,N,D,C,A,A,H,-,A,A,0,,,,,Y,,A,01,0,0,1,0,0,0,0,0,0,"- ","- ",35.527210235595703,-121.04479217529297,"SAN LUIS OBISPO",UNINCORPORATED,-121.04481506347656,35.527191162109375
91565612,2021,2021-09-08,9745,2021-08-22,1404,020417,,7,2,9,4000,0,2,4,,1,048,"AVILA BEACH DR.","ONTARIO RD.",1056.00,W,N,B,-,N,,,,,,,,,,Y,2,0,1,2,A,-,01,23152,A,N,C,C,A,A,H,-,A,D,0,,,Y,,Y,Y,C,03,1,0,0,0,0,0,0,0,1,"- ","- ",35.182380676269531,-120.70697784423828,"SAN LUIS OBISPO",UNINCORPORATED,-120.70711517333984,35.182449340820312
91567650,2021,2021-09-10,9740,2021-08-28,1015,015675,,6,1,4,4008,0,1,2,,2,002,"US-101 SOUTHBOUND TO SR-41",SR-41,0.00,,Y,A,-,Y,,,101,,,,R,,S,N,3,0,1,2,A,-,05,21752,D,F,B,C,A,A,H,-,A,A,0,,,Y,,Y,,-,99,0,1,0,0,0,0,0,0,1,"- ","- ",35.484539031982422,-120.66526794433594,"SAN LUIS OBISPO",ATASCADERO,-120.66526794433594,35.484539031982422
91567713,2021,2021-09-10,9740,2021-08-31,0550,015675,,2,3,9,4000,0,1,2,,2,002,"US-101 SOUTHBOUND","VINEYARD DR.",1056.00,N,N,A,-,Y,,,101,,,,,,S,Y,4,0,1,1,A,-,08,22107,,N,E,I,A,A,H,-,D,D,0,,,,,Y,,D,23,0,0,1,0,0,0,0,0,0,"- ","- ",35.549789428710938,-120.71582794189453,"SAN LUIS OBISPO",UNINCORPORATED,-120.71584320068359,35.549793243408203
91568752,2021,2021-09-13,9740,2021-09-04,1400,020335,,6,2,9,4000,0,1,3,,2,005,SR-58,"BITTERWATER RD.",5280.00,W,N,A,-,Y,,,58,,,,,,,Y,3,0,1,1,A,-,08,22107,,N,E,I,A,A,H,-,A,D,0,,,,,Y,Y,A,01,0,1,0,0,0,0,0,0,0,"- ","- ",35.379520416259766,-120.11028289794922,"SAN LUIS OBISPO",UNINCORPORATED,-120.11027526855469,35.379554748535156
91570055,2021,2021-09-14,9740,2021-09-06,1045,017498,,1,1,9,4000,0,3,5,,2,017,"MOSS LANE","EL POMAR DRIVE",3960.00,E,N,A,-,N,,,,,,,,,,N,3,0,1,1,A,-,03,22350,,N,H,A,A,A,H,-,A,D,0,,Y,,,Y,,L,04,0,1,0,0,0,0,1,0,0,"- ","- ",35.543880462646484,-120.69306945800781,"SAN LUIS OBISPO",UNINCORPORATED,-120.68962097167969,35.545429229736328
91570164,2021,2021-09-14,9740,2021-09-07,1800,020302,,2,2,9,4000,0,3,5,,2,017,"ROCKY CANYON RD.","ADOBE CANYON RD.",2640.00,S,N,A,-,N,,,,,,,,,,Y,4,0,1,1,A,-,08,22107,,N,F,A,A,A,H,-,A,D,0,,,Y,,Y,Y,C,02,0,0,1,0,0,0,0,0,1,"- ","- ",35.480831146240234,-120.62776947021484,"SAN LUIS OBISPO",UNINCORPORATED,,
91571900,2021,2021-09-16,9740,2021-09-06,1320,019259,,1,1,9,4000,0,1,3,,2,007,SR-41,"YOSEMITE PLACE",200.00,N,N,A,-,Y,,,41,,,,,,,N,2,0,1,1,A,-,03,22350,,N,F,A,A,A,H,-,A,D,0,,,Y,,Y,,C,02,1,0,0,0,0,0,0,0,1,"- ","- ",35.570720672607422,-120.47245788574219,"SAN LUIS OBISPO",UNINCORPORATED,-120.47248077392578,35.570713043212891
91572046,2021,2021-09-16,9740,2021-09-09,2155,018069,,4,2,9,4000,0,3,5,,2,022,"CHIMNEY ROCK ROAD","CYPRESS MOUNTIAN DRIVE",3960.00,E,N,A,-,N,,,,,,,,,,Y,4,0,1,1,A,-,08,22107,,N,E,I,A,A,H,-,D,D,0,,,,,Y,,A,01,0,0,1,0,0,0,0,0,0,"- ","- ",35.656299591064453,-120.9105224609375,"SAN LUIS OBISPO",UNINCORPORATED,-120.91065979003906,35.656139373779297
91572194,2021,2021-09-16,9745,2021-09-06,1515,020391,,1,2,9,4000,0,1,3,,1,045,SR-1,"DIVISION ST",1848.00,N,N,A,-,N,,,1,,,,,,,Y,4,0,2,2,A,-,09,21804,A,N,A,C,A,A,H,-,A,D,0,,,,,Y,,A,07,0,0,2,0,0,0,0,0,0,"- ","- ",34.996238708496094,-120.57054138183594,"SAN LUIS OBISPO",UNINCORPORATED,-120.57054901123047,34.996238708496094
91572510,2021,2021-09-16,9740,2021-09-14,1808,019800,,2,2,9,4000,0,3,5,,2,017,"EL CAMINO REAL","ASUNCION RD.",450.00,S,N,A,-,N,,,,,,,,,,Y,3,0,1,1,A,-,01,23152,A,N,E,I,A,A,H,-,A,D,0,,,,,Y,Y,A,01,0,1,0,0,0,0,0,0,0,"- ","- ",35.427589416503906,-120.60459899902344,"SAN LUIS OBISPO",UNINCORPORATED,-120.60459136962891,35.427497863769531
91574349,2021,2021-09-20,9745,2021-08-25,2011,017968,,3,2,9,4000,0,1,2,,1,101,"US-101 N/B","TV TOWER ROAD",528.00,N,N,A,-,Y,,,101,,,,,,N,Y,4,0,1,2,A,-,03,22350,,N,C,C,A,A,D,-,C,D,0,,,Y,,Y,,C,02,0,0,1,0,0,0,0,0,1,"- ","- ",35.354820251464844,-120.635986328125,"SAN LUIS OBISPO",UNINCORPORATED,-120.63595581054688,35.354846954345703
91574613,2021,2021-09-20,9740,2021-09-12,0815,019486,,7,1,9,4000,0,1,3,,2,008,"SR-46E EASTBOUND","MCMILLAN CANYON RD.",7128.00,E,N,A,-,Y,,,46,,,,,,E,Y,3,0,1,1,A,-,08,22107,,N,F,0,A,A,H,-,A,D,0,,,,Y,Y,,G,25,0,1,0,0,0,0,0,0,0,"- ","- ",35.662498474121094,-120.39016723632812,"SAN LUIS OBISPO",UNINCORPORATED,-120.39016723632812,35.662586212158203
91574777,2021,2021-09-20,9740,2021-09-17,1630,019800,,5,2,3,4004,0,1,2,,2,003,"US-101 S/B FROM NIBLICK RD.","NIBLICK RD.",400.00,S,N,A,-,Y,,,101,,,,R,,S,Y,3,0,1,2,A,-,03,22350,,N,C,C,A,A,H,-,A,A,0,,,,,Y,,A,01,0,1,0,0,0,0,0,0,0,"- ","- ",35.612041473388672,-120.69129943847656,"SAN LUIS OBISPO","PASO ROBLES",-120.69129943847656,35.612041473388672
91574928,2021,2021-09-20,9745,2021-09-09,2105,017097,,4,2,9,4000,0,1,3,,1,041,SR-1,"COOLIDGE DR",1320.00,N,N,A,-,Y,,,1,,,,,,,N,3,0,1,2,A,-,08,22107,,F,C,G,A,A,H,-,D,D,0,,Y,,,Y,,D,22,0,1,0,0,0,0,1,0,0,"- ","- ",35.113391876220703,-120.62624359130859,"SAN LUIS OBISPO",UNINCORPORATED,-120.62622833251953,35.113395690917969
91574961,2021,2021-09-20,9745,2021-03-23,1802,019809,,2,2,9,4000,0,1,2,,2,303,"US 101 SOUTHBOUND","AVILA BEACH DRIVE",1214.00,S,N,A,-,Y,,,,,,,,,,Y,1,1,1,2,A,-,07,21658,A,F,C,C,A,A,H,-,A,D,0,,,Y,,Y,,C,02,0,0,1,0,0,0,0,1,0,"- ","- ",35.175880432128906,-120.69767761230469,"SAN LUIS OBISPO",UNINCORPORATED,-120.69812774658203,35.17755126953125
91575584,2021,2021-09-21,9745,2021-09-13,2059,020417,,1,2,9,4000,0,3,5,,2,005,"CAMINO CABALLO","QUAIL OAKS LN.",120.00,W,N,B,-,N,,,,,,,,,,Y,4,0,1,2,A,-,01,23152,F,N,A,E,A,A,H,-,C,D,0,,,,,Y,,D,22,0,0,1,0,0,0,0,0,0,"- ","- ",35.035060882568359,-120.50633239746094,"SAN LUIS OBISPO",UNINCORPORATED,-120.50626373291016,35.035060882568359
91575680,2021,2021-09-21,9740,2021-09-15,1710,020302,,3,2,9,4000,0,1,3,,2,008,"SR-46E W/B","MCMILLAN CANYON RD.",4752.00,E,N,A,-,Y,,,46,,,,,,W,Y,2,0,1,2,A,-,01,23152,F,N,C,C,A,A,H,-,A,D,0,,,,Y,Y,,A,01,1,0,0,0,0,0,0,0,0,"- ","- ",35.662811279296875,-120.39285278320312,"SAN LUIS OBISPO",UNINCORPORATED,-120.39283752441406,35.662521362304688
91575808,2021,2021-09-21,9745,2021-09-11,1435,020391,,6,2,2,4005,0,1,2,,2,404,"US-101 SOUTHBOUND","MATTIE RD",3960.00,N,N,A,-,Y,,,101,,,,,,S,Y,4,0,1,3,A,-,03,22350,,N,C,C,A,A,H,-,A,D,0,,,,,Y,,A,01,0,0,1,0,0,0,0,0,0,"- ","- ",35.155628204345703,-120.66632080078125,"SAN LUIS OBISPO","PISMO BEACH",-120.66632843017578,35.155609130859375
91576684,2021,2021-09-22,9745,2021-09-10,1200,017144,,5,1,9,4000,0,1,2,,2,303,"US-101 NORTHBOUND","SAN LUIS BAY DR.",1000.00,S,N,A,-,Y,,,101,,,,,,N,Y,3,0,1,1,A,-,08,22107,,N,E,I,A,A,H,-,A,D,0,,,,,Y,,A,01,0,1,0,0,0,0,0,0,0,"- ","- ",35.193321228027344,-120.70033264160156,"SAN LUIS OBISPO",UNINCORPORATED,-120.70030212402344,35.193309783935547
91577208,2021,2021-09-22,9740,2021-09-09,1105,015675,,4,1,9,4000,0,1,3,,1,009,SR-58,"J ST.",0.00,,Y,A,-,Y,,,58,,,,,,,Y,3,0,1,1,A,-,08,22107,,N,E,8,A,A,H,-,A,D,0,,,,,Y,,A,01,0,1,0,0,0,0,0,0,0,"- ","- ",35.39202880859375,-120.59976196289062,"SAN LUIS OBISPO",UNINCORPORATED,-120.59973907470703,35.391986846923828
91578926,2021,2021-09-24,9745,2021-09-16,0805,016390,,4,1,9,4000,0,1,2,,2,303,"US-101 S/B","S. HIGUERA ST.",1150.00,N,N,B,-,Y,,,101,,,,,,S,Y,4,0,1,1,A,-,08,22107,,N,E,I,A,A,H,-,A,D,0,,,,,Y,,A,01,0,0,1,0,0,0,0,0,0,"- ","- ",35.227291107177734,-120.69148254394531,"SAN LUIS OBISPO",UNINCORPORATED,-120.69140625,35.227287292480469
91578942,2021,2021-09-24,9740,2021-09-14,0225,018069,,2,3,9,4000,0,1,2,,2,004,"US-101 NORTHBOUND","EXLINE RD.",1584.00,S,N,A,-,Y,,,101,,,,,,N,Y,3,0,3,2,A,-,03,22350,,N,C,C,A,A,H,-,D,D,0,,,,,Y,,A,07,0,3,0,0,0,0,0,0,0,"- ","- ",35.677040100097656,-120.69651031494141,"SAN LUIS OBISPO",UNINCORPORATED,-120.69657897949219,35.677036285400391
91579284,2021,2021-09-24,9740,2021-09-18,0905,017498,,6,1,9,4000,0,3,5,,2,019,"RIVER RD.","WELLSONA RD.",1584.00,N,N,A,-,N,,,,,,,,,,Y,3,0,2,1,A,-,08,22107,,N,E,I,A,A,H,-,A,D,0,,,,,Y,,D,22,0,2,0,0,0,0,0,0,0,"- ","- ",35.69873046875,-120.68089294433594,"SAN LUIS OBISPO",UNINCORPORATED,-120.68330383300781,35.692974090576172
91580765,2021,2021-09-27,9740,2021-09-15,0800,015675,,3,1,9,4000,0,3,5,,2,021,"LAS TABLAS RD.","BENNETT WAY",0.00,,Y,A,-,N,,,,,,,,,,Y,3,0,1,2,D,-,00,,,N,D,C,A,A,H,-,A,A,0,,,,,Y,,-,"- ",0,1,0,0,0,0,0,0,0,"- ","- ",35.534358978271484,-120.71482849121094,"SAN LUIS OBISPO",UNINCORPORATED,-120.71424102783203,35.554393768310547
91580782,2021,2021-09-27,9745,2021-09-16,1253,017541,,4,1,9,4000,0,2,4,,1,055,"TEFFT ST.","ORCHARD RD",50.00,E,N,A,-,N,,,,,,,,,,Y,3,0,2,2,A,-,08,22107,,N,A,C,A,A,H,-,A,D,0,,,,,Y,,A,01,0,2,0,0,0,0,0,0,0,"- ","- ",35.029090881347656,-120.49620819091797,"SAN LUIS OBISPO",UNINCORPORATED,-120.49624633789062,35.029064178466797
91580924,2021,2021-09-27,9740,2021-09-23,1526,019800,,4,2,9,4000,0,1,2,,2,002,"US-101 NORTHBOUND","VINEYARD DR.",528.00,S,N,A,-,Y,,,101,,,,,,N,Y,4,0,1,3,A,-,03,22350,,N,C,C,A,A,H,-,A,D,0,,,,,Y,,A,07,0,0,1,0,0,0,0,0,0,"- ","- ",35.542930603027344,-120.71372222900391,"SAN LUIS OBISPO",UNINCORPORATED,-120.71400451660156,35.542812347412109
91581628,2021,2021-09-28,9740,2021-09-24,1715,021275,,5,2,9,4000,0,3,5,,2,019,"MISSION ST.","14TH ST.",0.00,,Y,A,-,N,,,,,,,,,,Y,4,0,1,2,A,-,01,23152,A,N,D,C,A,A,H,-,A,A,0,,,,,Y,Y,A,07,0,0,1,0,0,0,0,0,0,"- ","- ",35.752738952636719,-120.69605255126953,"SAN LUIS OBISPO",UNINCORPORATED,-120.69615173339844,35.752788543701172
91582019,2021,2021-09-28,9745,2021-09-17,1850,020391,,5,2,9,4000,0,3,5,,2,005,"CAMINO CABALLO","OLYMPIC WAY",0.00,,Y,A,-,N,,,,,,,,,,Y,4,0,1,2,A,-,12,22450,A,N,D,C,A,A,H,-,A,A,0,,,,,Y,Y,D,22,0,0,1,0,0,0,0,0,0,"- ","- ",35.035068511962891,-120.51467895507812,"SAN LUIS OBISPO",UNINCORPORATED,-120.51458740234375,35.035037994384766
91583051,2021,2021-09-29,9740,2021-07-25,1855,021275,,7,2,9,4000,0,1,3,,2,007,SR-41,"WOOD CANYON RD.",2000.00,S,N,A,-,Y,,,41,,,,,,,Y,1,1,0,1,A,-,01,23152,A,N,E,I,A,A,H,-,A,D,0,,,,,Y,Y,A,01,0,0,0,0,0,0,0,0,0,"- ","- ",35.615470886230469,-120.40440368652344,"SAN LUIS OBISPO",UNINCORPORATED,-120.40443420410156,35.615493774414062
91583071,2021,2021-09-29,9745,2021-09-18,0823,017968,,6,1,9,4000,0,3,5,,2,005,"S. OAK GLEN AVENUE","W. TEFFT STREET",325.00,S,N,A,-,N,,,,,,,,,,Y,4,0,1,2,A,-,01,23152,A,M,D,C,A,A,H,-,A,D,0,,,,,Y,Y,A,01,0,0,1,0,0,0,0,0,0,"- ","- ",35.03704833984375,-120.48222351074219,"SAN LUIS OBISPO",UNINCORPORATED,-120.48226928710938,35.037124633789062
91583109,2021,2021-09-29,9745,2021-09-23,2030,020391,,4,2,9,4000,0,3,5,,2,005,"S. THOMPSON AVE","RANCHO RD",1848.00,S,N,A,-,N,,,,,,,,,,Y,3,0,1,3,A,-,01,23152,A,N,C,C,A,A,H,-,D,D,0,,,,,Y,Y,D,22,0,1,0,0,0,0,0,0,0,"- ","- ",35.030441284179688,-120.46241760253906,"SAN LUIS OBISPO",UNINCORPORATED,-120.46295928955078,35.030963897705078
91583112,2021,2021-09-29,9745,2021-09-18,1627,018009,,6,2,9,4000,0,1,2,,2,505,"U.S 101 S/B",SR-166,2640.00,N,N,A,-,Y,,,,,,,,,,Y,3,0,1,2,A,-,07,21658,A,N,C,C,A,A,H,-,A,D,0,,,Y,,Y,Y,C,02,0,1,0,0,0,0,0,0,1,"- ","- ",35.003921508789062,-120.44029998779297,"SAN LUIS OBISPO",UNINCORPORATED,-120.43641662597656,34.999618530273438
91583849,2021,2021-09-30,9745,2021-09-19,0320,014910,,7,3,9,4000,0,1,2,,2,303,"US-101 SOUTHBOUND","LOS OSOS VALLEY RD",2640.00,S,N,A,-,Y,,,101,,,,,,S,Y,2,0,4,1,A,-,08,22107,,N,E,I,A,A,H,-,D,D,0,,,,,Y,,A,01,2,1,1,0,0,0,0,0,0,"- ","- ",35.237060546875,-120.68428039550781,"SAN LUIS OBISPO",UNINCORPORATED,-120.6842041015625,35.237022399902344
91584140,2021,2021-09-30,9745,2021-09-20,0800,016773,,1,1,9,4000,0,1,3,,1,045,SR-1,"DIVISION ST",1056.00,N,N,A,-,N,,,1,,,,,,,Y,4,0,1,2,A,-,09,21804,A,M,D,C,A,A,H,-,A,D,0,,,,,Y,,-,99,0,0,1,0,0,0,0,0,0,"- ","- ",34.996318817138672,-120.57048797607422,"SAN LUIS OBISPO",UNINCORPORATED,-120.57054138183594,34.996318817138672
91584209,2021,2021-09-30,9745,2021-09-21,1640,017379,,2,2,9,4000,0,1,3,,1,045,SR-1,"DIVISION ST.",0.00,,Y,B,-,Y,,,1,,,,,,,Y,3,0,1,2,A,-,09,21802,A,N,D,C,A,A,H,-,A,A,0,,,Y,Y,Y,,C,02,0,1,0,0,0,0,0,0,1,"- ","- ",34.9910888671875,-120.57064819335938,"SAN LUIS OBISPO",UNINCORPORATED,-120.57054901123047,34.9910888671875
91585740,2021,2021-10-01,9745,2021-09-22,2015,017496,,3,2,9,4000,0,2,4,,1,046,"PRICE CANYON ROAD","THOUSAND HILLS ROAD",1500.00,W,N,A,-,N,,,,,,,,,,Y,3,0,1,1,C,-,18,,,N,E,H,A,A,H,-,D,D,0,,,,,Y,,-,"- ",0,1,0,0,0,0,0,0,0,"- ","- ",35.156349182128906,-120.63124847412109,"SAN LUIS OBISPO",UNINCORPORATED,-120.63362884521484,35.160789489746094
91586078,2021,2021-10-01,9745,2021-09-24,1020,020689,,5,1,9,4000,0,1,2,,2,505,"US-101 NORTHBOUND",SR-166,0.50,N,N,A,-,Y,,,101,,,,,,N,Y,3,0,1,1,A,-,03,22350,,N,F,A,A,A,H,-,A,D,0,,,Y,,Y,,C,02,0,1,0,0,0,0,0,0,1,"- ","- ",35.003990173339844,-120.44008636474609,"SAN LUIS OBISPO",UNINCORPORATED,-120.44007873535156,35.004009246826172
91587233,2021,2021-10-04,9740,2021-09-11,1129,019700,,6,1,9,4000,0,3,5,,2,017,"S. EL POMAR RD.","EL POMAR DR.",300.00,S,N,A,-,N,,,,,,,,,,Y,3,0,1,2,A,-,09,21804,A,F,D,C,A,A,H,-,A,D,0,,,,,Y,,A,01,0,1,0,0,0,0,0,0,0,"- ","- ",35.534431457519531,-120.61412811279297,"SAN LUIS OBISPO",UNINCORPORATED,-120.61106872558594,35.552070617675781
91588236,2021,2021-10-05,9745,2021-09-25,1400,017496,,6,2,9,4000,0,1,2,,1,101,"US-101 SOUTHBOUND","OLD STAGECOACH ROAD",0.00,,Y,A,-,Y,,,101,,,,,,S,Y,3,0,3,2,A,-,09,21801,A,N,C,C,A,A,H,-,A,D,0,,,,,Y,,A,01,0,3,0,0,0,0,0,0,0,"- ","- ",35.317249298095703,-120.62139129638672,"SAN LUIS OBISPO",UNINCORPORATED,-120.62136077880859,35.317237854003906
91588322,2021,2021-10-05,9740,2021-09-28,0620,015675,,2,1,9,4000,0,3,5,,2,021,"VINEYARD DR.","BENNETT WAY",281.00,W,N,A,-,N,,,,,,,,,,N,2,0,1,2,A,-,08,22107,,N,H,G,A,A,H,-,D,D,0,,Y,,,Y,,L,04,1,0,0,0,0,0,1,0,0,"- ","- ",35.543388366699219,-120.71922302246094,"SAN LUIS OBISPO",UNINCORPORATED,-120.71910095214844,35.543323516845703
91588655,2021,2021-10-05,9740,2021-09-18,0446,019648,,6,3,9,4000,0,1,3,,2,010,SR-41,"KERN COUNTY LINE",7920.00,S,N,E,G,Y,,,41,,,,,,,Y,3,0,2,2,A,-,01,23152,A,N,B,C,A,A,H,-,D,D,0,,,,,Y,Y,A,01,0,1,1,0,0,0,0,0,0,"- ","- ",35.780281066894531,-120.21806335449219,"SAN LUIS OBISPO",UNINCORPORATED,-120.21804809570312,35.780235290527344
91588806,2021,2021-10-05,9745,2021-10-01,0545,017097,,5,3,9,4000,0,1,3,,2,023,"SR-1 SOUTHBOUND","MAININI RANCH RD",160.00,S,N,A,-,Y,,,1,,,,,,S,Y,3,0,3,2,A,-,07,21658,A,N,C,C,A,A,H,-,D,D,0,,,,Y,Y,,A,01,0,3,0,0,0,0,0,0,0,"- ","- ",35.320079803466797,-120.70410919189453,"SAN LUIS OBISPO",UNINCORPORATED,-120.70410919189453,35.320098876953125
91589387,2021,2021-10-06,9740,2021-09-29,1115,019259,,3,1,9,4000,0,1,2,,2,004,"US-101 SOUTHBOUND","WELLSONA RD.",0.00,,Y,A,-,Y,,,101,,,,,,S,Y,2,0,1,2,A,-,09,21802,A,N,D,C,A,A,H,-,A,A,0,,,,,Y,,A,01,1,0,0,0,0,0,0,0,0,"- ","- ",35.695850372314453,-120.69676971435547,"SAN LUIS OBISPO",UNINCORPORATED,-120.69680023193359,35.695850372314453
91589566,2021,2021-10-06,9740,2021-09-29,2330,018069,,3,3,3,4004,0,1,2,,2,003,"US-101 NORTHBOUND",SR-46W,3696.00,N,N,A,-,Y,,,101,,,,,,N,Y,4,0,2,2,A,-,03,22350,,N,C,C,A,A,D,-,D,D,0,,,,,Y,,A,01,0,0,2,0,0,0,0,0,0,"- ","- ",35.599529266357422,-120.6934814453125,"SAN LUIS OBISPO","PASO ROBLES",-120.69352722167969,35.599552154541016
91589803,2021,2021-10-06,9745,2021-10-01,1823,020417,,5,2,2,4005,0,1,2,,2,404,"US-101 SOUTHBOUND","SPYGLASS DRIVE",2640.00,S,N,B,-,Y,,,101,,,,,,S,Y,3,0,2,3,A,-,03,22350,,N,C,C,A,A,H,-,A,D,0,,,,,Y,,A,01,0,1,1,0,0,0,0,0,0,"- ","- ",35.160999298095703,-120.68003082275391,"SAN LUIS OBISPO","PISMO BEACH",-120.68003845214844,35.160972595214844
91589863,2021,2021-10-06,9745,2021-10-02,1045,016390,,6,1,9,4000,0,2,4,,1,049,"CORBETT CANYON ROAD","CORBETT HIGHLANDS PL",0.00,,Y,A,-,N,,,,,,,,,,N,4,0,1,2,A,-,09,21802,A,N,A,C,A,A,H,-,A,A,0,,,,,Y,,D,22,0,0,1,0,0,0,0,0,0,"- ","- ",35.1768798828125,-120.56349945068359,"SAN LUIS OBISPO",UNINCORPORATED,-120.56353759765625,35.176895141601562
91592100,2021,2021-10-08,9740,2021-10-01,1635,019800,,5,2,9,4000,0,1,3,,1,014,SR-1,"BURTON DR.",60.00,N,N,A,-,Y,,,,,,,,,,N,4,0,1,2,A,-,03,22350,,N,C,C,A,A,H,-,A,A,0,,,,,Y,,A,01,0,0,1,0,0,0,0,0,0,"- ","- ",35.552101135253906,-121.08267211914062,"SAN LUIS OBISPO",UNINCORPORATED,-121.08212280273438,35.555389404296875
91592732,2021,2021-10-11,9745,2021-10-03,1655,020391,,7,2,9,4000,0,3,5,,2,002,"TURRI RD","S. BAY BLVD",6864.00,E,N,A,-,N,,,,,,,,,,Y,4,0,1,1,A,-,03,22350,,N,F,A,A,A,B,-,A,D,0,,,Y,,Y,,C,02,0,0,1,0,0,0,0,0,1,"- ","- ",35.330421447753906,-120.81257629394531,"SAN LUIS OBISPO",UNINCORPORATED,-120.80682373046875,35.326309204101562