CASE_ID,ACCIDENT_YEAR,PROC_DATE,JURIS,COLLISION_DATE,COLLISION_TIME,OFFICER_ID,REPORTING_DISTRICT,DAY_OF_WEEK,CHP_SHIFT,POPULATION,CNTY_CITY_LOC,SPECIAL_COND,BEAT_TYPE,CHP_BEAT_TYPE,CITY_DIVISION_LAPD,CHP_BEAT_CLASS,BEAT_NUMBER,PRIMARY_RD,SECONDARY_RD,DISTANCE,DIRECTION,INTERSECTION,WEATHER_1,WEATHER_2,STATE_HWY_IND,CALTRANS_COUNTY,CALTRANS_DISTRICT,STATE_ROUTE,ROUTE_SUFFIX,POSTMILE_PREFIX,POSTMILE,LOCATION_TYPE,RAMP_INTERSECTION,SIDE_OF_HWY,TOW_AWAY,COLLISION_SEVERITY,NUMBER_KILLED,NUMBER_INJURED,PARTY_COUNT,PRIMARY_COLL_FACTOR,PCF_CODE_OF_VIOL,PCF_VIOL_CATEGORY,PCF_VIOLATION,PCF_VIOL_SUBSECTION,HIT_AND_RUN,TYPE_OF_COLLISION,MVIW,PED_ACTION,ROAD_SURFACE,ROAD_COND_1,ROAD_COND_2,LIGHTING,CONTROL_DEVICE,CHP_ROAD_TYPE,PEDESTRIAN_ACCIDENT,BICYCLE_ACCIDENT,MOTORCYCLE_ACCIDENT,TRUCK_ACCIDENT,NOT_PRIVATE_PROPERTY,ALCOHOL_INVOLVED,STWD_VEHTYPE_AT_FAULT,CHP_VEHTYPE_AT_FAULT,COUNT_SEVERE_INJ,COUNT_VISIBLE_INJ,COUNT_COMPLAINT_PAIN,COUNT_PED_KILLED,COUNT_PED_INJURED,COUNT_BICYCLIST_KILLED,COUNT_BICYCLIST_INJURED,COUNT_MC_KILLED,COUNT_MC_INJURED,PRIMARY_RAMP,SECONDARY_RAMP,LATITUDE,LONGITUDE,COUNTY,CITY,POINT_X,POINT_Y
91592806,2021,2021-10-11,9745,2021-10-08,0518,017968,,5,3,9,4000,0,1,2,,1,101,"US-101 N/B","CUESTA SPRINGS ROAD",1584.00,N,N,B,-,Y,,,101,,,,,,N,Y,3,0,1,1,A,-,08,22107,,N,E,A,A,A,D,-,D,D,0,,,,,Y,,D,22,0,1,0,0,0,0,0,0,0,"- ","- ",35.360980987548828,-120.63822937011719,"SAN LUIS OBISPO",UNINCORPORATED,-120.63805389404297,35.360996246337891
91594121,2021,2021-10-12,9745,2021-10-08,0521,017968,,5,3,9,4000,0,1,2,,1,101,"US-101 N/B","CUESTA SPRINGS ROAD",2112.00,N,N,B,-,Y,,,101,,,,,,N,Y,4,0,1,1,A,-,08,22107,,N,E,A,A,A,D,-,D,D,0,,,,,Y,,A,01,0,0,1,0,0,0,0,0,0,"- ","- ",35.361778259277344,-120.63841247558594,"SAN LUIS OBISPO",UNINCORPORATED,-120.63810729980469,35.361785888671875
91594547,2021,2021-10-12,9745,2021-10-10,2115,017496,,7,2,9,4000,0,1,3,,1,043,SR-1,"VALLEY ROAD",33.00,S,N,A,-,Y,,,1,,,,,,,Y,3,0,1,1,A,-,08,22107,,N,E,I,A,A,H,-,C,D,0,,,,,Y,,A,01,0,1,0,0,0,0,0,0,0,"- ","- ",35.098121643066406,-120.58184814453125,"SAN LUIS OBISPO",UNINCORPORATED,-120.58187866210938,35.09808349609375
91594609,2021,2021-10-12,9745,2021-10-12,0730,018454,,2,1,9,4000,0,2,4,,1,025,"LOS OSOS VALLEY RD","9TH STREET",100.00,W,N,A,-,N,,,,,,,,,,Y,4,0,1,2,A,-,03,22350,,N,C,C,A,A,H,-,A,B,0,,,,,Y,,A,07,0,0,1,0,0,0,0,0,0,"- ","- ",35.311351776123047,-120.833740234375,"SAN LUIS OBISPO",UNINCORPORATED,,
91596168,2021,2021-10-14,9740,2021-10-12,1850,020302,,2,2,9,4000,0,3,5,,2,024,"MAIN ST.","SANTA ROSA CREEK RD.",1056.00,E,N,A,-,N,,,,,,,,,,Y,3,0,1,1,C,-,18,,,N,H,H,A,A,H,-,B,D,0,,,Y,,Y,,-,"- ",0,1,0,0,0,0,0,0,1,"- ","- ",35.563098907470703,-120.07318115234375,"SAN LUIS OBISPO",UNINCORPORATED,-121.07349395751953,35.564044952392578
91597561,2021,2021-10-15,9740,2021-10-12,1000,015675,,2,1,9,4000,0,1,2,,2,001,"US-101 SOUTHBOUND","SANTA BARBARA RD.",528.00,S,N,A,-,Y,,,101,,,,,,S,N,3,0,2,2,A,-,03,22350,,N,C,C,A,A,D,-,A,A,0,,,,,Y,,A,01,0,2,0,0,0,0,0,0,0,"- ","- ",35.437099456787109,-120.63736724853516,"SAN LUIS OBISPO",UNINCORPORATED,-120.63746643066406,35.437084197998047
91597960,2021,2021-10-15,9740,2021-10-10,1230,017498,,7,1,3,4004,0,1,2,,2,003,"US-101 NORTHBOUND",SR-46E,1584.00,S,N,A,-,Y,,,101,,,,,,N,Y,3,0,2,2,A,-,03,22350,,N,C,C,A,A,H,-,A,D,0,,,,,Y,Y,A,01,0,2,0,0,0,0,0,0,0,"- ","- ",35.639041900634766,-120.68399810791016,"SAN LUIS OBISPO","PASO ROBLES",-120.68401336669922,35.639041900634766
91599492,2021,2021-10-18,9740,2021-10-05,0603,017952,,2,1,9,4000,0,1,3,,2,010,SR-41,SR-46E,18480.00,N,N,A,-,Y,,,41,,,,,,,Y,2,0,2,2,A,-,05,21460,A,N,B,C,A,A,H,-,A,D,0,,,,Y,Y,,F,26,1,1,0,0,0,0,0,0,0,"- ","- ",35.771339416503906,-120.23925018310547,"SAN LUIS OBISPO",UNINCORPORATED,-120.23921966552734,35.771282196044922
91601442,2021,2021-10-20,9745,2021-10-09,2000,020689,,6,2,9,4000,0,2,4,,1,051,"AVILA BEACH DRIVE","SAN MIGUEL ST",600.00,E,N,A,-,N,,,,,,,,,,Y,2,0,1,3,A,-,01,23152,A,N,C,E,A,A,H,-,D,D,0,,,,Y,Y,Y,A,01,1,0,0,0,0,0,0,0,0,"- ","- ",35.181819915771484,-120.73059844970703,"SAN LUIS OBISPO",UNINCORPORATED,-120.73077392578125,35.181911468505859
91601598,2021,2021-10-20,9745,2021-10-11,1800,020391,,1,2,9,4000,0,3,5,,2,004,"BEACH ST","19TH ST",0.00,,Y,A,-,N,,,,,,,,,,N,2,0,1,2,A,-,09,21800,A,F,D,C,A,A,H,-,A,A,0,,,Y,,Y,,A,01,1,0,0,0,0,0,0,0,1,"- ","- ",35.099189758300781,-120.61081695556641,"SAN LUIS OBISPO",UNINCORPORATED,-120.61077117919922,35.099163055419922
91601862,2021,2021-10-20,9745,2021-10-12,0755,016390,,2,1,9,4000,0,1,3,,1,043,SR-1,"S. HALCYON ROAD",0.00,,Y,A,-,Y,,,1,,,,,,,Y,4,0,2,2,A,-,12,21453,A,N,D,C,A,A,H,-,A,A,0,,,,,Y,,A,01,0,0,2,0,0,0,0,0,0,"- ","- ",35.080760955810547,-120.58669281005859,"SAN LUIS OBISPO",UNINCORPORATED,-120.58667755126953,35.08074951171875
91602533,2021,2021-10-21,9740,2021-10-16,1030,015675,,6,1,9,4000,0,3,5,,2,017,"MAIN ST.","GIBSON RD.",237.00,N,N,A,-,N,,,,,,,,,,N,4,0,3,2,A,-,09,21804,A,N,D,C,A,A,H,-,A,D,0,,,,,Y,,A,07,0,0,3,0,0,0,0,0,0,"- ","- ",35.554950714111328,-120.70142364501953,"SAN LUIS OBISPO",UNINCORPORATED,-120.70153045654297,35.554939270019531
91603154,2021,2021-10-21,9745,2021-10-14,2220,016773,,4,3,2,4005,0,1,2,,2,404,"US-101 SOUTHBOUND","HINDS AVE",305.00,N,N,A,-,Y,,,101,,,,,,S,Y,4,0,1,2,A,-,03,22350,,N,C,C,A,A,D,-,C,A,0,,,,,Y,,A,01,0,0,1,0,0,0,0,0,0,"- ","- ",35.141941070556641,-120.63944244384766,"SAN LUIS OBISPO","PISMO BEACH",-120.63941955566406,35.141960144042969
91603161,2021,2021-10-21,9745,2021-10-19,1530,019070,,2,2,2,4005,0,1,2,,2,404,"US-101 SOUTHBOUND","MATTIE ROAD",4224.00,N,N,A,-,Y,,,101,,,,,,S,N,3,0,1,2,A,-,03,22350,,N,C,C,A,A,H,-,A,D,0,,,,,Y,,A,01,0,1,0,0,0,0,0,0,0,"- ","- ",35.154251098632812,-120.66281890869141,"SAN LUIS OBISPO","PISMO BEACH",-120.66282653808594,35.15423583984375
91605372,2021,2021-10-25,9745,2021-10-16,1420,020391,,6,2,9,4000,0,3,5,,2,002,"PECHO VALLEY RD","SEA WIND WAY",184.00,N,N,A,-,N,,,,,,,,,,Y,4,0,1,2,A,-,05,21460,A,N,B,C,A,A,H,-,A,D,0,,,,,Y,,A,08,0,0,1,0,0,0,0,0,0,"- ","- ",35.308879852294922,-121.85637664794922,"SAN LUIS OBISPO",UNINCORPORATED,-120.85612487792969,35.308982849121094
91605607,2021,2021-10-25,9745,2021-10-19,1215,018454,,2,1,9,4000,0,3,5,,2,002,"7TH STREET","EL MORO AVE",3.00,N,N,A,-,N,,,,,,,,,,N,2,0,1,2,A,-,10,21950,A,N,G,B,B,A,H,-,A,A,0,Y,,,,Y,,D,22,1,0,0,0,1,0,0,0,0,"- ","- ",35.326358795166016,-120.83545684814453,"SAN LUIS OBISPO",UNINCORPORATED,-120.83541870117188,35.326297760009766
91605710,2021,2021-10-25,9750,2021-10-17,0320,018616,,7,3,9,4000,0,1,3,,1,066,SR-166,SR-33,10560.00,E,N,A,-,Y,,,,,,,,,,Y,3,0,1,1,A,-,08,22107,,N,F,A,A,A,H,-,D,D,0,,,,,Y,,A,01,0,1,0,0,0,0,0,0,0,"- ","- ",34.938350677490234,-119.48813629150391,"SAN LUIS OBISPO",UNINCORPORATED,-119.47695159912109,34.937900543212891
91605852,2021,2021-10-25,9750,2021-10-19,0930,016469,,2,1,9,4000,0,1,3,,2,061,SR-166,"TEPUSQUET RD",7392.00,W,N,A,-,Y,,,166,,,,,,,Y,3,0,3,1,A,-,08,22107,,N,F,A,A,A,H,-,A,D,0,,,,,Y,,A,07,0,3,0,0,0,0,0,0,0,"- ","- ",35.02410888671875,-120.23149108886719,"SAN LUIS OBISPO",UNINCORPORATED,-120.23149871826172,35.024070739746094
91605862,2021,2021-10-25,9745,2021-10-21,1825,020417,,4,2,9,4000,0,1,2,,2,505,"US-101 SOUTHBOUND","WILLOW RD.",1584.00,N,N,B,-,Y,,,101,,,,,,S,Y,3,0,1,3,A,-,03,22350,,N,C,C,A,A,H,-,B,D,0,,,,,Y,,A,07,0,1,0,0,0,0,0,0,0,"- ","- ",35.058971405029297,-120.50464630126953,"SAN LUIS OBISPO",UNINCORPORATED,-120.504638671875,35.058979034423828
91606764,2021,2021-10-26,9740,2021-10-22,1640,020057,,5,2,9,4000,0,3,5,,2,023,"OLD CREEK RD.",SR-46W,13728.00,S,N,B,C,N,,,,,,,,,,Y,3,0,1,2,A,-,03,22350,,N,A,C,A,B,H,-,A,D,0,,,,,Y,,A,01,0,1,0,0,0,0,0,0,0,"- ","- ",35.504680633544922,-120.84615325927734,"SAN LUIS OBISPO",UNINCORPORATED,-120.84613037109375,35.504615783691406
91607234,2021,2021-10-27,9740,2021-10-20,1045,015675,,3,1,9,4000,0,3,5,,2,016,"BRANCH MOUNTAIN ROAD",SR-58,4224.00,S,N,A,-,N,,,,,,,,,,N,2,0,1,1,A,-,03,22350,,N,E,I,A,A,H,-,A,D,0,,,,,Y,,D,22,1,0,0,0,0,0,0,0,0,"- ","- ",35.33892822265625,-120.02301025390625,"SAN LUIS OBISPO",UNINCORPORATED,-120.02310943603516,35.339996337890625
91611192,2021,2021-10-29,9740,2021-10-24,1240,017498,,7,1,9,4000,0,1,2,,2,003,"US-101 NORTHBOUND","13TH ST.",1056.00,S,N,A,-,Y,,,,,,,,,,Y,4,0,1,4,A,-,03,22350,,F,C,2,A,A,H,-,A,D,0,,,,,Y,,E,22,0,0,1,0,0,0,0,0,0,"- ","- ",35.626209259033203,-120.68630218505859,"SAN LUIS OBISPO",UNINCORPORATED,-120.68623352050781,35.625118255615234
91613525,2021,2021-11-02,9740,2021-10-23,2300,021275,,6,3,9,4000,0,1,3,,2,005,SR-58,"DIGGER PINE RD.",650.00,E,N,A,-,Y,,,58,,,,,,,Y,4,0,1,1,A,-,01,23152,A,N,F,A,A,A,H,-,D,D,0,,,,,Y,Y,D,22,0,0,1,0,0,0,0,0,0,"- ","- ",35.406768798828125,-120.57132720947266,"SAN LUIS OBISPO",UNINCORPORATED,-120.57133483886719,35.406772613525391
91614527,2021,2021-11-03,9740,2021-10-23,0430,020335,,6,3,9,4000,0,1,2,,2,004,"US-101 NORTHBOUND","CAMP ROBERTS OVERCROSSING",4752.00,S,N,A,-,Y,,,101,,,,,,N,Y,2,0,3,2,A,-,03,22350,,N,C,C,A,A,H,-,C,D,0,,,,Y,Y,Y,G,25,2,1,0,0,0,0,0,0,0,"- ","- ",35.787490844726562,-120.72863006591797,"SAN LUIS OBISPO",UNINCORPORATED,-120.72866058349609,35.787464141845703
91614794,2021,2021-11-03,9745,2021-10-27,1735,020417,,3,2,9,4000,0,1,3,,1,041,SR-1,"23RD ST.",0.00,,Y,B,-,Y,,,1,,,,,,,Y,4,0,1,2,A,-,09,21801,A,N,D,C,A,A,H,-,A,D,0,,,,,Y,,D,22,0,0,1,0,0,0,0,0,0,"- ","- ",35.098178863525391,-120.60566711425781,"SAN LUIS OBISPO",UNINCORPORATED,-120.60567474365234,35.098114013671875
91615089,2021,2021-11-03,9745,2021-10-31,0013,017379,,7,3,4,4006,0,1,2,,2,202,"US-101 NORTHBOUND","GRAND AVE.",250.00,N,N,A,-,Y,,,101,,,,,,N,Y,4,0,1,1,A,-,01,23152,A,N,E,I,A,A,H,-,D,D,0,,,,,Y,Y,A,01,0,0,1,0,0,0,0,0,0,"- ","- ",35.291770935058594,-120.65229034423828,"SAN LUIS OBISPO","SAN LUIS OBISPO",-120.65229034423828,35.291748046875
91616242,2021,2021-11-04,9745,2021-09-04,1955,020391,,6,2,9,4000,0,2,S,,2,054,"LOPEZ DR","GRIEB RANCH ROAD",5280.00,E,N,A,-,N,,,,,,,,,,Y,1,1,2,2,A,-,08,22107,,N,A,C,A,A,H,-,D,D,0,,,Y,,Y,,C,02,0,0,2,0,0,0,0,1,0,"- ","- ",35.186759948730469,-120.48684692382812,"SAN LUIS OBISPO",UNINCORPORATED,-120.48548126220703,35.186470031738281
91616574,2021,2021-11-04,9745,2021-09-11,0645,017144,,6,1,9,4000,0,1,3,,2,023,"SR-1 SOUTHBOUND","HIGHLAND DR.",0.00,,Y,B,-,Y,,,1,,,,,,S,Y,1,1,1,3,A,-,12,21453,A,N,D,C,A,A,H,-,A,A,0,,,,,Y,,D,22,0,1,0,0,0,0,0,0,0,"- ","- ",35.298431396484375,-120.67382049560547,"SAN LUIS OBISPO",UNINCORPORATED,-120.67388153076172,35.298351287841797
91616634,2021,2021-11-04,9745,2021-10-28,2140,016773,,4,2,9,4000,0,1,3,,1,045,"SR-1 SOUTHBOUND","OSO FLACO LAKE RD",2640.00,S,N,A,-,Y,,,1,,,,,,S,Y,2,0,1,1,A,-,08,22107,,N,F,J,A,A,H,-,D,D,0,,,Y,,Y,Y,C,02,1,0,0,0,0,0,0,0,1,"- ","- ",34.991100311279297,-120.57054138183594,"SAN LUIS OBISPO",UNINCORPORATED,-120.57054901123047,34.991100311279297
91617405,2021,2021-11-05,9745,2021-10-30,0240,017379,,6,3,9,4000,0,1,2,,1,101,"US-101 SOUTHBOUND",SR-58,1320.00,S,N,A,-,Y,,,101,,,,,,S,Y,4,0,1,1,A,-,08,22107,,N,E,I,A,A,H,-,D,D,0,,,,,Y,,A,07,0,0,1,0,0,0,0,0,0,"- ","- ",35.357181549072266,-120.63694000244141,"SAN LUIS OBISPO",UNINCORPORATED,-120.63702392578125,35.357158660888672
91617418,2021,2021-11-05,9745,2021-11-01,0058,017379,,1,3,9,4000,0,3,5,,2,002,"ONTARIO RD.","SAN LUIS BAY DR.",1954.00,N,N,A,-,N,,,,,,,,,,Y,3,0,1,1,C,-,18,,,N,H,H,A,A,H,-,D,D,0,,,,,Y,Y,-,"- ",0,1,0,0,0,0,0,0,0,"- ","- ",35.201419830322266,-120.69782257080078,"SAN LUIS OBISPO",UNINCORPORATED,-120.69795227050781,35.201011657714844
91617725,2021,2021-11-05,9745,2021-10-27,1715,017061,,3,2,9,4000,0,1,2,,2,404,"US-101 SOUTHBOUND","AVILA BEACH DRIVE",300.00,S,N,A,-,Y,,,101,,,,,,S,N,4,0,1,2,A,-,03,22350,,N,C,C,A,A,H,-,A,D,0,,,,,Y,,A,01,0,0,1,0,0,0,0,0,0,"- ","- ",35.174728393554688,-120.69716644287109,"SAN LUIS OBISPO",UNINCORPORATED,-120.69721984863281,35.174705505371094
91622665,2021,2021-11-11,9750,2021-10-31,2230,018616,,7,3,9,4000,0,1,2,,2,111,"US-101 SOUTHBOUND FROM SR-166",SR-166,528.00,S,N,B,-,Y,,,101,,,,R,,S,Y,2,0,1,2,A,-,03,22350,,F,C,C,A,A,H,-,C,D,0,,,,,Y,,A,07,1,0,0,0,0,0,0,0,0,"- ","- ",34.995319366455078,-120.43489837646484,"SAN LUIS OBISPO",UNINCORPORATED,-120.43489837646484,34.995319366455078
91622697,2021,2021-11-11,9745,2021-11-01,0846,017968,,1,1,9,4000,0,1,2,,2,303,"US-101 N/B","SAN LUIS BAY DRIVE",100.00,N,N,A,-,Y,,,101,,,,,,N,Y,4,0,1,2,A,-,03,22350,,N,C,C,A,A,H,-,A,D,0,,,,,Y,,A,07,0,0,1,0,0,0,0,0,0,"- ","- ",35.197879791259766,-120.69866943359375,"SAN LUIS OBISPO",UNINCORPORATED,-120.69853973388672,35.197830200195312
91622702,2021,2021-11-11,9745,2021-11-01,1645,018009,,1,2,9,4000,0,3,5,,2,004,"BRANCH MILL ROAD","TANNER LANE",2640.00,N,N,A,-,N,,,,,,,,,,N,3,0,1,1,A,-,08,22107,,N,F,A,A,A,H,-,A,D,0,,,,,Y,,A,01,0,1,0,0,0,0,0,0,0,"- ","- ",35.130561828613281,-120.54940032958984,"SAN LUIS OBISPO",UNINCORPORATED,-120.550048828125,35.129947662353516
91622709,2021,2021-11-11,9745,2021-11-09,1916,017151,,2,2,9,4000,0,1,2,,2,303,"US-101 NORTHBOUND","SAN LUIS BAY DR.",400.00,S,N,B,-,Y,,,101,,,,,,N,Y,3,0,1,2,A,-,01,23152,A,N,C,C,A,B,H,-,D,D,0,,,,,Y,Y,A,01,0,1,0,0,0,0,0,0,0,"- ","- ",35.195629119873047,-120.69933319091797,"SAN LUIS OBISPO",UNINCORPORATED,-120.69940185546875,35.195659637451172
91622711,2021,2021-11-11,9745,2021-11-02,0839,017541,,2,1,9,4000,0,1,2,,2,505,"US 101 NORTHBOUND","TEFFT ST.",4224.00,N,N,A,-,Y,,,,,,,,,,Y,4,0,1,2,A,-,03,22350,,N,C,C,A,A,H,-,A,D,0,,,,,Y,,A,01,0,0,1,0,0,0,0,0,0,"- ","- ",35.046581268310547,-120.49315643310547,"SAN LUIS OBISPO",UNINCORPORATED,-120.48639678955078,35.038959503173828
91623247,2021,2021-11-12,9745,2021-11-04,1610,017496,,4,2,9,4000,0,3,5,,2,005,"UPPER LOS BERROS ROAD","BLUE FOX ROAD",1584.00,S,N,A,-,N,,,,,,,,,,Y,3,0,1,1,A,-,08,22107,,N,F,A,A,A,H,-,A,B,0,,,,,Y,Y,A,07,0,1,0,0,0,0,0,0,0,"- ","- ",35.098281860351562,-120.47383880615234,"SAN LUIS OBISPO",UNINCORPORATED,-120.45767974853516,35.088424682617188
91623391,2021,2021-11-12,9745,2021-11-05,2300,020029,,5,3,9,4000,0,2,4,,1,052,"S THOMPSON AVE","RANCHO RD",2500.00,S,N,A,-,N,,,,,,,,,,Y,4,0,1,2,A,-,08,22107,,M,B,C,A,A,H,-,D,A,0,,,,,Y,,D,22,0,0,1,0,0,0,0,0,0,"- ","- ",35.025581359863281,-120.45744323730469,"SAN LUIS OBISPO",UNINCORPORATED,-120.46150970458984,35.029624938964844
91624019,2021,2021-11-15,9750,2021-11-03,0625,020765,,3,1,9,4000,0,1,3,,2,061,"SR-166 (CHP OFFICERS IRVINE & STOVALL MEMORIAL HIG","TEPUSQUET RD",9240.00,W,N,E,-,Y,,,166,,,,,,,Y,4,0,2,3,A,-,05,21460,A,N,A,2,A,A,H,-,D,D,0,,,,Y,Y,,A,01,0,0,2,0,0,0,0,0,0,"- ","- ",35.024650573730469,-120.23744964599609,"SAN LUIS OBISPO",UNINCORPORATED,-120.23744964599609,35.024639129638672
91624325,2021,2021-11-15,9745,2021-11-02,0755,020773,,2,1,3,4001,0,1,2,,2,402,"US-101 SOUTHBOUND","GRAND AVENUE",1000.00,N,N,A,-,Y,,,101,,,,,,S,Y,2,0,1,2,A,-,08,22107,,N,C,C,A,A,H,-,A,D,0,,,,Y,Y,,A,07,1,0,0,0,0,0,0,0,0,"- ","- ",35.122371673583984,-120.58760833740234,"SAN LUIS OBISPO","ARROYO GRANDE",-120.58759307861328,35.122428894042969
91624431,2021,2021-11-15,9740,2021-11-05,0810,017498,,5,1,9,4000,0,3,5,,2,024,"MAIN ST.","SANTA ROSA CREEK RD.",1584.00,W,N,A,-,N,,,,,,,,,,Y,4,0,1,2,A,-,08,22107,,N,D,A,A,A,H,-,A,D,0,,,,,Y,,A,01,0,0,1,0,0,0,0,0,0,"- ","- ",35.566341400146484,-121.07832336425781,"SAN LUIS OBISPO",UNINCORPORATED,-121.08026123046875,35.565410614013672
91624669,2021,2021-11-15,9745,2021-11-06,0105,017144,,6,3,4,4006,0,1,2,,2,202,"US-101 SOUTHBOUND","LOS OSOS VALLEY RD",2112.00,N,N,A,-,Y,,,101,,,,,,S,Y,3,0,1,1,A,-,01,23152,A,N,E,8,A,A,H,-,D,D,0,,,,,Y,Y,A,01,0,1,0,0,0,0,0,0,0,"- ","- ",35.249191284179688,-120.67967224121094,"SAN LUIS OBISPO","SAN LUIS OBISPO",-120.67961120605469,35.249156951904297
91624824,2021,2021-11-15,9740,2021-11-05,1630,020302,,5,2,9,4000,0,2,4,,2,012,"G-14 (NACIMIENTO LAKE DR.)","MUSTARD CREEK RD.",80.00,W,N,A,-,N,,,,,,,,,,N,4,0,1,1,A,-,08,22107,,N,E,I,A,A,H,-,A,D,0,,,,,Y,,A,01,0,0,1,0,0,0,0,0,0,"- ","- ",35.674419403076172,-120.73066711425781,"SAN LUIS OBISPO",UNINCORPORATED,-120.73023223876953,35.674068450927734
91625152,2021,2021-11-15,9745,2021-11-08,1602,016390,,1,2,2,4005,0,1,2,,2,404,"US-101 S/B","MATTIE ROAD U/C",1584.00,N,N,A,-,Y,,,101,,,,,,S,Y,4,0,1,1,A,-,08,22107,,N,E,I,A,A,H,-,A,D,0,,,,,Y,,A,01,0,0,1,0,0,0,0,0,0,"- ","- ",35.152778625488281,-120.65943145751953,"SAN LUIS OBISPO","PISMO BEACH",-120.65950775146484,35.152637481689453
91627215,2021,2021-11-17,9745,2021-11-11,0430,016773,,4,3,2,4005,0,1,2,,2,404,"US-101 NORTHBOUND","FRADY LN",25.00,N,N,A,-,Y,,,101,,,,,,N,Y,3,0,1,1,A,-,08,22107,,N,E,I,A,A,H,-,D,D,0,,,,,Y,,A,01,0,1,0,0,0,0,0,0,0,"- ","- ",35.139301300048828,-120.63349914550781,"SAN LUIS OBISPO","PISMO BEACH",-120.63357543945312,35.138973236083984
91627613,2021,2021-11-17,9740,2021-11-14,0215,020335,,7,3,4,4008,0,1,2,,2,002,"US-101 NORTHBOUND","SAN RAMON RD.",2170.00,S,N,A,-,Y,,,101,,,,,,N,Y,3,0,1,1,A,-,01,23152,A,N,E,I,A,A,H,-,D,D,0,,,,,Y,Y,A,01,0,1,0,0,0,0,0,0,0,"- ","- ",35.520599365234375,-120.70384216308594,"SAN LUIS OBISPO",ATASCADERO,-120.70394134521484,35.520572662353516
91628622,2021,2021-11-18,9740,2021-11-11,1730,019800,,4,2,9,4000,0,1,3,,1,014,SR-1,"BURTON DR.",0.00,,Y,A,-,Y,,,,,,,,,,Y,3,0,2,2,A,-,12,21453,A,F,D,C,A,A,H,-,C,A,0,,,,,Y,,A,01,0,1,1,0,0,0,0,0,0,"- ","- ",35.551799774169922,-121.08310699462891,"SAN LUIS OBISPO",UNINCORPORATED,-121.08232116699219,35.555362701416016
91630717,2021,2021-11-19,9745,2021-11-18,0820,017541,,4,1,9,4000,0,1,3,,1,032,"PRICE CANYON RD",SR-227,700.00,E,N,A,-,N,,,,,,,,,,Y,4,0,2,3,A,-,03,22350,,N,C,C,A,A,H,-,A,D,0,,,,,Y,,A,01,0,0,2,0,0,0,0,0,0,"- ","- ",35.199081420898438,-120.61013031005859,"SAN LUIS OBISPO",UNINCORPORATED,-120.60887908935547,35.200691223144531
91632287,2021,2021-11-22,9740,2021-11-18,1751,019800,,4,2,9,4000,0,1,3,,1,014,SR-1,"BURTON DR.",528.00,N,N,A,-,Y,,,1,,,,,,,Y,3,0,2,2,A,-,03,22350,,N,C,C,A,A,H,-,D,D,0,,,,,Y,,A,01,0,2,0,0,0,0,0,0,0,"- ","- ",35.554721832275391,-121.08480072021484,"SAN LUIS OBISPO",UNINCORPORATED,-121.08484649658203,35.555023193359375
91633228,2021,2021-11-23,9745,2021-11-13,2336,016773,,6,3,9,4000,0,3,5,,2,004,"MESA RD","TRAIL VIEW PL",90.00,E,N,A,-,N,,,,,,,,,,Y,2,0,1,1,A,-,01,23152,A,N,E,I,A,A,H,-,D,D,0,,,,,Y,Y,D,22,1,0,0,0,0,0,0,0,0,"- ","- ",35.027778625488281,-120.53925323486328,"SAN LUIS OBISPO",UNINCORPORATED,-120.54009246826172,35.027763366699219
91633241,2021,2021-11-23,9740,2021-11-11,1205,017283,,4,1,9,4000,0,1,3,,2,010,SR-41,SR-46E,18480.00,N,N,A,-,Y,,,41,,,,,,,Y,2,0,1,1,A,-,08,22107,,N,E,I,A,A,H,-,A,D,0,,,Y,,Y,,C,02,1,0,0,0,0,0,0,0,1,"- ","- ",35.771068572998047,-120.23979949951172,"SAN LUIS OBISPO",UNINCORPORATED,-120.23973846435547,35.770977020263672
91633594,2021,2021-11-23,9745,2021-11-17,0905,016390,,3,1,9,4000,0,1,3,,1,040,SR-227,"DIXIE LANE",0.00,,Y,A,-,Y,,,227,,,,,,,N,3,0,1,2,A,-,03,22350,,N,C,C,A,A,H,-,A,D,0,,,,,Y,,D,22,0,1,0,0,0,0,0,0,0,"- ","- ",35.173721313476562,-120.58596038818359,"SAN LUIS OBISPO",UNINCORPORATED,-120.58592224121094,35.173736572265625