CASE_ID,ACCIDENT_YEAR,PROC_DATE,JURIS,COLLISION_DATE,COLLISION_TIME,OFFICER_ID,REPORTING_DISTRICT,DAY_OF_WEEK,CHP_SHIFT,POPULATION,CNTY_CITY_LOC,SPECIAL_COND,BEAT_TYPE,CHP_BEAT_TYPE,CITY_DIVISION_LAPD,CHP_BEAT_CLASS,BEAT_NUMBER,PRIMARY_RD,SECONDARY_RD,DISTANCE,DIRECTION,INTERSECTION,WEATHER_1,WEATHER_2,STATE_HWY_IND,CALTRANS_COUNTY,CALTRANS_DISTRICT,STATE_ROUTE,ROUTE_SUFFIX,POSTMILE_PREFIX,POSTMILE,LOCATION_TYPE,RAMP_INTERSECTION,SIDE_OF_HWY,TOW_AWAY,COLLISION_SEVERITY,NUMBER_KILLED,NUMBER_INJURED,PARTY_COUNT,PRIMARY_COLL_FACTOR,PCF_CODE_OF_VIOL,PCF_VIOL_CATEGORY,PCF_VIOLATION,PCF_VIOL_SUBSECTION,HIT_AND_RUN,TYPE_OF_COLLISION,MVIW,PED_ACTION,ROAD_SURFACE,ROAD_COND_1,ROAD_COND_2,LIGHTING,CONTROL_DEVICE,CHP_ROAD_TYPE,PEDESTRIAN_ACCIDENT,BICYCLE_ACCIDENT,MOTORCYCLE_ACCIDENT,TRUCK_ACCIDENT,NOT_PRIVATE_PROPERTY,ALCOHOL_INVOLVED,STWD_VEHTYPE_AT_FAULT,CHP_VEHTYPE_AT_FAULT,COUNT_SEVERE_INJ,COUNT_VISIBLE_INJ,COUNT_COMPLAINT_PAIN,COUNT_PED_KILLED,COUNT_PED_INJURED,COUNT_BICYCLIST_KILLED,COUNT_BICYCLIST_INJURED,COUNT_MC_KILLED,COUNT_MC_INJURED,PRIMARY_RAMP,SECONDARY_RAMP,LATITUDE,LONGITUDE,COUNTY,CITY,POINT_X,POINT_Y
91633612,2021,2021-11-23,9745,2021-11-18,2155,016773,,4,2,9,4000,0,1,3,,1,043,SR-1,"NORTHVIEW AVE",284.00,S,N,A,-,Y,,,1,,,,,,,Y,2,0,3,1,A,-,08,22107,,N,E,I,A,A,H,-,D,D,0,,,,,Y,,A,01,2,1,0,0,0,0,0,0,0,"- ","- ",35.07373046875,-120.59036254882812,"SAN LUIS OBISPO",UNINCORPORATED,-120.59027862548828,35.073699951171875
91634188,2021,2021-11-24,9740,2021-11-23,1725,020057,,2,2,9,4000,0,1,2,,2,002,"US-101 NORTHBOUND","MAIN ST.",1584.00,N,N,A,-,Y,,,101,,,,,,N,N,4,0,1,2,A,-,03,22350,,N,C,C,A,A,H,-,D,D,0,,,,,Y,,A,01,0,0,1,0,0,0,0,0,0,"- ","- ",35.571128845214844,-120.69911956787109,"SAN LUIS OBISPO",UNINCORPORATED,-120.69908142089844,35.571109771728516
91634306,2021,2021-11-24,9745,2021-11-11,2305,016773,,4,3,9,4000,0,1,3,,1,041,SR-1,"19TH STREET",50.00,S,N,A,-,Y,,,1,,,,,,,Y,2,0,1,4,A,-,08,22107,,N,E,I,A,A,H,-,C,D,0,,,Y,,Y,,C,02,1,0,0,0,0,0,0,0,1,"- ","- ",35.098148345947266,-120.60904693603516,"SAN LUIS OBISPO",UNINCORPORATED,-120.60904693603516,35.098140716552734
91634773,2021,2021-11-24,9745,2021-11-20,1830,020391,,6,2,9,4000,0,1,3,,1,041,SR-1,"CASITAS ST",298.00,S,N,A,-,Y,,,1,,,,,,,Y,4,0,1,2,A,-,06,21750,A,N,D,C,A,A,H,-,E,D,0,,,,,Y,,A,07,0,0,1,0,0,0,0,0,0,"- ","- ",35.098148345947266,-120.59884643554688,"SAN LUIS OBISPO",UNINCORPORATED,-120.59884643554688,35.098133087158203
91636720,2021,2021-11-29,9745,2021-11-27,0140,017097,,6,3,9,4000,0,2,4,,1,049,"CORBETT CANYON RD","PALOMA PL",634.00,S,N,A,-,N,,,,,,,,,,Y,3,0,1,1,A,-,01,23152,A,M,E,I,A,A,H,-,D,D,0,,,,,Y,Y,A,07,0,1,0,0,0,0,0,0,0,"- ","- ",35.144981384277344,-120.56153106689453,"SAN LUIS OBISPO",UNINCORPORATED,-120.56155395507812,35.144989013671875
91636766,2021,2021-11-29,9740,2021-11-22,1708,020302,,1,2,9,4000,0,1,2,,2,002,"US-101 NORTHBOUND",SR-46W,282.00,S,N,A,-,Y,,,101,,,,,,N,Y,4,0,3,3,A,-,03,22350,,N,C,C,A,A,H,-,A,D,0,,,,,Y,,A,01,0,0,3,0,0,0,0,0,0,"- ","- ",35.588249206542969,-120.69570159912109,"SAN LUIS OBISPO",UNINCORPORATED,-120.69560241699219,35.588233947753906
91638147,2021,2021-11-30,9740,2021-11-27,1410,020710,,6,2,4,4008,0,1,2,,2,001,"US-101 SOUTHBOUND","SANTA ROSA RD.",3960.00,S,N,A,-,Y,,,101,,,,,,S,N,4,0,1,1,A,-,08,22107,,N,E,I,A,A,H,-,A,D,0,,,,,Y,,A,01,0,0,1,0,0,0,0,0,0,"- ","- ",35.452590942382812,-120.64090728759766,"SAN LUIS OBISPO",ATASCADERO,-120.64099884033203,35.452522277832031
91639420,2021,2021-12-01,9740,2021-11-19,1150,019486,,5,1,9,4000,0,3,5,,2,017,"CAMP 8 RD.","CRESTON RD.",2376.00,E,N,A,-,N,,,,,,,,,,N,3,0,1,1,A,-,08,22107,,N,F,A,A,A,H,-,A,D,0,,,Y,,Y,,C,02,0,1,0,0,0,0,0,0,1,"- ","- ",35.558799743652344,-120.5318603515625,"SAN LUIS OBISPO",UNINCORPORATED,-120.53005981445312,35.559627532958984
91639459,2021,2021-12-01,9745,2021-11-17,2253,017144,,3,3,9,4000,0,1,3,,2,023,"SR-1 NORTHBOUND","HOLLISTER AVE",500.00,S,N,A,-,Y,,,1,,,,,,N,N,3,0,1,2,A,-,01,23152,A,N,C,C,A,A,H,-,D,D,0,,,,,Y,Y,A,01,0,1,0,0,0,0,0,0,0,"- ","- ",35.332801818847656,-120.74082183837891,"SAN LUIS OBISPO",UNINCORPORATED,-120.74082183837891,35.332786560058594
91639567,2021,2021-12-01,9745,2021-11-21,1700,020391,,7,2,9,4000,0,3,5,,2,004,"STANTON RD","LYN RD",0.00,,Y,A,-,N,,,,,,,,,,N,3,0,1,2,A,-,09,21802,A,N,D,C,A,A,H,-,D,A,0,,,Y,,Y,Y,A,01,0,1,0,0,0,0,0,0,1,"- ","- ",35.072319030761719,-120.55281829833984,"SAN LUIS OBISPO",UNINCORPORATED,-120.55288696289062,35.072181701660156
91640036,2021,2021-12-01,9740,2021-11-26,1115,019259,,5,1,9,4000,0,3,5,,2,017,"EL CAMINO REAL","VIEJO CAMINO",528.00,N,N,A,-,N,,,,,,,,,,Y,4,0,1,2,A,-,08,22107,,N,D,C,A,A,H,-,A,D,0,,,,,Y,,D,22,0,0,1,0,0,0,0,0,0,"- ","- ",35.442390441894531,-120.63059234619141,"SAN LUIS OBISPO",UNINCORPORATED,-120.64048004150391,35.4561767578125
91640051,2021,2021-12-01,9745,2021-11-22,0845,020773,,1,1,9,4000,0,1,2,,2,505,"US-101 NORTHBOUND","TEFFT STREET",1000.00,S,N,A,-,Y,,,101,,,,,,N,Y,4,0,1,1,A,-,08,22107,,N,F,I,A,A,H,-,A,D,0,,,,,Y,,A,01,0,0,1,0,0,0,0,0,0,"- ","- ",35.034938812255859,-120.48239898681641,"SAN LUIS OBISPO",UNINCORPORATED,-120.48239898681641,35.034942626953125
91642168,2021,2021-12-03,9750,2021-11-21,1900,017616,,7,2,9,4000,0,1,3,,2,061,SR-166,"ALAMO CREEK ROAD",1300.00,W,N,A,-,Y,,,166,,,,,,,N,3,0,1,1,A,-,01,23152,A,N,F,A,A,A,H,-,D,D,0,,,,,Y,Y,A,01,0,1,0,0,0,0,0,0,0,"- ","- ",35.01995849609375,-120.31529235839844,"SAN LUIS OBISPO",UNINCORPORATED,-120.31528472900391,35.019935607910156
91643606,2021,2021-12-06,9745,2021-11-21,1332,017817,,7,1,9,4000,0,1,2,,2,303,"US-101 N/B","SAN LUIS BAY DR.",3590.00,N,N,A,-,Y,,,101,,,,,,N,Y,2,0,1,2,A,-,07,21658,A,N,B,C,A,A,H,-,A,D,0,,,Y,,Y,,C,02,1,0,0,0,0,0,0,0,1,"- ","- ",35.206081390380859,-120.69654083251953,"SAN LUIS OBISPO",UNINCORPORATED,-120.696533203125,35.206081390380859
91643922,2021,2021-12-06,9745,2021-11-23,1720,017061,,2,2,4,4006,0,1,2,,2,202,"US-101 SOUTHBOUND","SANTA ROSA ST",200.00,S,N,A,-,Y,,,101,,,,,,S,Y,3,0,1,3,A,-,03,22350,,N,C,C,A,A,H,-,C,D,0,,,Y,,Y,,A,01,0,1,0,0,0,0,0,0,1,"- ","- ",35.286579132080078,-120.66387176513672,"SAN LUIS OBISPO","SAN LUIS OBISPO",-120.66386413574219,35.286567687988281
91644141,2021,2021-12-06,9745,2021-11-24,1810,017496,,3,2,9,4000,0,1,3,,1,043,SR-1,"WOODLAND HILLS DRIVE",150.00,S,N,A,-,Y,,,1,,,,,,,N,3,0,1,2,A,-,11,21954,A,N,G,B,D,A,H,-,D,D,0,Y,,,,Y,,N,60,0,1,0,0,1,0,0,0,0,"- ","- ",35.071559906005859,-120.59153747558594,"SAN LUIS OBISPO",UNINCORPORATED,-120.59149169921875,35.071525573730469
91644197,2021,2021-12-06,9745,2021-11-26,2120,017097,,5,2,9,4000,0,1,2,,2,303,"US-101 SOUTHBOUND","HIGUERA ST",3960.00,N,N,A,-,Y,,,101,,,,,,S,Y,3,0,4,1,A,-,08,22107,,N,E,I,A,A,H,-,D,D,0,,,,,Y,,A,07,0,4,0,0,0,0,0,0,0,"- ","- ",35.233310699462891,-120.68853759765625,"SAN LUIS OBISPO",UNINCORPORATED,-120.68856048583984,35.233348846435547
91644395,2021,2021-12-06,9740,2021-11-30,1153,019259,,2,1,9,4000,0,3,5,,2,017,"S. EL POMAR RD.","HOMESTEAD RD.",3696.00,N,N,A,-,N,,,,,,,,,,Y,4,0,1,2,A,-,08,22107,,N,E,I,A,A,H,-,A,D,0,,,,,Y,,A,01,0,0,1,0,0,0,0,0,0,"- ","- ",35.527870178222656,-120.63227844238281,"SAN LUIS OBISPO",UNINCORPORATED,-120.63161468505859,35.528778076171875
91644475,2021,2021-12-06,9745,2021-11-30,1725,014508,,2,2,4,4006,0,1,2,,2,202,US-101,"MONTEREY STREET",528.00,N,N,A,-,Y,,,101,,,,,,,Y,3,0,1,2,A,-,03,22350,,N,C,C,A,A,H,-,C,D,0,,,,,Y,,A,01,0,1,0,0,0,0,0,0,0,"- ","- ",35.291648864746094,-120.64846801757812,"SAN LUIS OBISPO","SAN LUIS OBISPO",-120.64846801757812,35.29168701171875
91645773,2021,2021-12-07,9740,2021-12-04,1800,021275,,6,2,9,4000,0,1,3,,2,008,SR-46E,"LUCY BROWN RD.",1056.00,W,N,A,-,Y,,,46,,,,,,,Y,3,0,1,1,A,-,08,22107,,N,E,I,A,A,H,-,D,D,0,,,,,Y,Y,A,07,0,1,0,0,0,0,0,0,0,"- ","- ",35.684238433837891,-120.33849334716797,"SAN LUIS OBISPO",UNINCORPORATED,-120.33858489990234,35.684303283691406
91646246,2021,2021-12-08,9740,2021-12-05,2230,017283,,7,3,9,4000,0,3,5,,2,021,"BENNETT WAY","CHIANTI COURT",330.00,S,N,A,-,N,,,,,,,,,,Y,4,0,1,2,A,-,03,22350,,N,C,E,A,A,H,-,D,D,0,,,,,Y,,A,01,0,0,1,0,0,0,0,0,0,"- ","- ",35.541210174560547,-120.71833801269531,"SAN LUIS OBISPO",UNINCORPORATED,-120.71829986572266,35.541202545166016
91646272,2021,2021-12-21,9745,2021-12-06,2145,018009,,1,2,9,4000,0,3,5,,2,004,"24TH STREET","PASO ROBLES STREET",0.00,,Y,A,-,N,,,,,,,,,,Y,3,0,3,2,A,-,01,23152,A,N,D,C,A,A,H,-,C,D,0,,,,,Y,Y,A,01,0,1,2,0,0,0,0,0,0,"- ","- ",35.101139068603516,-120.60405731201172,"SAN LUIS OBISPO",UNINCORPORATED,-120.60395812988281,35.101169586181641
91646689,2021,2021-12-08,9740,2021-12-06,1010,019259,,1,1,9,4000,0,1,2,,2,002,"US-101 S/B TO LAS TABLAS RD.","LAS TABLAS RD.",5.00,N,N,A,-,Y,,,101,,,,R,,S,N,4,0,1,2,A,-,03,22350,,N,C,C,A,A,H,-,A,A,0,,,,,Y,,A,07,0,0,1,0,0,0,0,0,0,"- ","- ",35.554481506347656,-120.71260833740234,"SAN LUIS OBISPO",UNINCORPORATED,-120.71260833740234,35.554481506347656
91646788,2021,2021-12-08,9745,2021-12-02,1245,017097,,4,1,9,4000,0,2,S,,2,054,"LOPEZ DR","CECCHETTI RD",1584.00,E,N,A,-,N,,,,,,,,,,Y,3,0,1,1,A,-,01,23152,A,M,E,I,A,A,H,-,A,D,0,,,,,Y,Y,A,07,0,1,0,0,0,0,0,0,0,"- ","- ",35.154041290283203,-120.53471374511719,"SAN LUIS OBISPO",UNINCORPORATED,-120.53475952148438,35.154460906982422
91647674,2021,2021-12-09,9740,2021-12-02,1316,017952,,4,1,9,4000,0,3,5,,2,017,"ROCKY CANYON RD.","RIO VISTA LN.",692.00,N,N,A,-,N,,,,,,,,,,Y,3,0,2,1,A,-,08,22107,,N,E,I,A,A,H,-,A,D,0,,,,,Y,,D,22,0,2,0,0,0,0,0,0,0,"- ","- ",35.500850677490234,-120.64888000488281,"SAN LUIS OBISPO",UNINCORPORATED,-120.64942169189453,35.501323699951172
91647864,2021,2021-12-09,9740,2021-12-03,0650,019486,,5,1,9,4000,0,1,3,,2,007,SR-41,"E. CENTRE ST.",1848.00,N,N,A,-,Y,,,41,,,,,,,Y,4,0,2,2,A,-,03,22350,,N,C,C,A,A,H,-,B,D,0,,,,,Y,,A,01,0,0,2,0,0,0,0,0,0,"- ","- ",35.655429840087891,-120.40602111816406,"SAN LUIS OBISPO",UNINCORPORATED,-120.40602111816406,35.655448913574219
91648991,2021,2021-12-10,9740,2021-12-01,1640,018069,,3,2,9,4000,0,1,3,,1,014,SR-1,"CASTILLO DR.",0.00,,Y,B,-,Y,,,1,,,,,,,N,4,0,1,2,A,-,09,21802,A,N,H,G,A,A,H,-,A,A,0,,Y,,,Y,,D,22,0,0,1,0,0,0,1,0,0,"- ","- ",35.610618591308594,-121.14125061035156,"SAN LUIS OBISPO",UNINCORPORATED,-121.14133453369141,35.610523223876953
91650607,2021,2021-12-13,9745,2021-12-04,2203,018009,,6,3,3,4001,0,1,2,,2,402,"U.S. 101 NORTHBOUND","BRISCO ROAD",300.00,N,N,A,-,Y,,,,,,,,,,Y,4,0,1,1,A,-,01,23152,A,N,E,I,A,A,H,-,A,A,0,,,,,Y,Y,D,22,0,0,1,0,0,0,0,0,0,"- ","- ",35.124858856201172,-120.59464263916016,"SAN LUIS OBISPO","ARROYO GRANDE",-120.59372711181641,35.124515533447266
91650641,2021,2021-12-13,9745,2021-12-08,2345,017144,,3,3,9,4000,0,3,5,,2,002,"DORIS AVE","MAR VISTA DR",56.00,S,N,B,-,N,,,,,,,,,,Y,3,0,1,3,A,-,01,23152,A,N,C,E,A,A,H,-,D,D,0,,,,,Y,Y,A,01,0,1,0,0,0,0,0,0,0,"- ","- ",35.309459686279297,-120.84796142578125,"SAN LUIS OBISPO",UNINCORPORATED,-120.84795379638672,35.309417724609375
91650717,2021,2021-12-13,9745,2021-12-06,1540,017379,,1,2,9,4000,0,3,5,,2,002,"PASO ROBLES AVE.","13TH STREET",0.00,,Y,B,-,N,,,,,,,,,,N,3,0,1,2,A,-,12,22450,A,N,D,G,A,A,H,-,A,A,0,,Y,,,Y,,L,04,0,1,0,0,0,0,1,0,0,"- ","- ",35.32440185546875,-120.82875061035156,"SAN LUIS OBISPO",UNINCORPORATED,-120.82882690429688,35.324359893798828
91652092,2021,2021-12-14,9745,2021-12-13,0530,020211,,1,3,9,4000,0,1,3,,1,011,SR-41,"OLD MORRO ROAD WEST",140.00,N,N,A,-,Y,,,41,,,,,,,Y,2,0,1,1,A,-,03,22350,,N,E,I,A,B,H,-,D,D,0,,,,,Y,,A,01,1,0,0,0,0,0,0,0,0,"- ","- ",35.460529327392578,-120.73336791992188,"SAN LUIS OBISPO",UNINCORPORATED,-120.73336791992188,35.460514068603516
91652830,2021,2021-12-15,9745,2021-12-14,0720,018454,,2,1,9,4000,0,3,5,,2,005,"S. FRONTAGE RD.","GRANDE AVE.",0.00,,Y,B,C,N,,,,,,,,,,Y,4,0,1,2,A,-,09,21804,A,N,D,C,A,B,H,-,A,A,0,,,,,Y,,A,07,0,0,1,0,0,0,0,0,0,"- ","- ",35.032508850097656,-120.48040771484375,"SAN LUIS OBISPO",UNINCORPORATED,-120.48040008544922,35.032501220703125
91653039,2021,2021-12-15,9745,2021-12-09,1719,020773,,4,2,9,4000,0,2,4,,1,058,"ORCHARD ROAD","HOLDER PARK LANE",280.00,S,N,A,-,N,,,,,,,,,,Y,2,0,2,2,A,-,01,23152,G,N,A,C,A,A,H,-,D,D,0,,,,,Y,Y,A,01,1,0,1,0,0,0,0,0,0,"- ","- ",35.003860473632812,-120.45953369140625,"SAN LUIS OBISPO",UNINCORPORATED,-120.45954132080078,35.00384521484375
91654081,2021,2021-12-16,9745,2021-12-13,1950,017097,,1,2,2,4005,0,1,2,,2,404,"US-101 NORTHBOUND","SPYGLASS DR",1848.00,S,N,C,G,Y,,,101,,,,,,N,Y,4,0,2,2,A,-,03,22350,,N,E,8,A,B,H,-,D,D,0,,,,Y,Y,,A,01,0,0,2,0,0,0,0,0,0,"- ","- ",35.161701202392578,-120.68148040771484,"SAN LUIS OBISPO","PISMO BEACH",-120.68147277832031,35.161712646484375
91656256,2021,2021-12-20,9745,2021-12-05,1045,017151,,7,1,9,4000,0,3,5,,2,002,"PREFUMO CYN. RD.","SERPENTINE LN",5280.00,N,N,A,-,N,,,,,,,,,,N,2,0,1,1,A,-,03,22350,,N,F,A,A,A,H,-,A,D,0,,Y,,,Y,,L,04,1,0,0,0,0,0,1,0,0,"- ","- ",35.26055908203125,-120.75169372558594,"SAN LUIS OBISPO",UNINCORPORATED,-120.75560760498047,35.260356903076172
91656558,2021,2021-12-20,9745,2021-12-16,0902,017541,,4,1,9,4000,0,1,2,,2,505,"US 101 SOUTHBOUND","LAETITIA VINEYARD DR.",2112.00,N,N,C,-,Y,,,,,,,,,,Y,3,0,1,1,A,-,08,22107,,N,E,I,A,B,H,-,A,B,0,,,,,Y,,A,01,0,1,0,0,0,0,0,0,0,"- ","- ",35.094081878662109,-120.54403686523438,"SAN LUIS OBISPO",UNINCORPORATED,-120.54273986816406,35.09332275390625
91657443,2021,2021-12-21,9740,2021-12-14,0940,019259,,2,1,9,4000,0,3,5,,2,019,"RIVER RD.","WELLSONA RD.",3168.00,S,N,C,-,N,,,,,,,,,,Y,4,0,1,1,A,-,08,22107,,N,E,I,A,B,H,-,A,D,0,,,,,Y,,A,07,0,0,1,0,0,0,0,0,0,"- ","- ",35.687999725341797,-120.68390655517578,"SAN LUIS OBISPO",UNINCORPORATED,-120.68097686767578,35.695808410644531
91657952,2021,2021-12-21,9745,2021-12-14,2035,020391,,2,2,9,4000,0,2,4,,1,055,"TEFFT ST.","POMEROY RD",291.00,E,N,A,-,N,,,,,,,,,,Y,4,0,1,2,A,-,03,22350,,M,C,C,A,A,H,-,C,D,0,,,Y,,Y,,A,01,0,0,1,0,0,0,0,0,1,"- ","- ",35.031429290771484,-120.49432373046875,"SAN LUIS OBISPO",UNINCORPORATED,-120.49436950683594,35.031360626220703
91658103,2021,2021-12-21,9745,2021-12-17,0725,016390,,5,1,3,4001,0,1,2,,2,402,"US-101 S/B","OAK PARK BOULEVARD",1400.00,S,N,A,-,Y,,,101,,,,,,S,Y,4,0,1,2,A,-,03,22350,,N,C,C,A,A,H,-,A,D,0,,,,,Y,,A,01,0,0,1,0,0,0,0,0,0,"- ","- ",35.128608703613281,-120.60221862792969,"SAN LUIS OBISPO","ARROYO GRANDE",-120.60222625732422,35.128604888916016
91659303,2021,2021-12-22,9740,2021-12-17,0930,017498,,5,1,3,4004,0,1,2,,2,003,"US-101 N/B TO SR-46E",SR-46E,500.00,S,N,B,-,Y,,,101,,,,R,,N,Y,3,0,1,3,A,-,03,22350,,N,C,C,A,A,H,-,A,D,0,,,,,Y,,A,07,0,1,0,0,0,0,0,0,0,"- ","- ",35.641330718994141,-120.68422698974609,"SAN LUIS OBISPO","PASO ROBLES",-120.68422698974609,35.641330718994141
91660029,2021,2021-12-23,9740,2021-12-10,2320,020335,,5,3,3,4004,0,1,2,,2,003,"US-101 NORTHBOUND","SPRING ST.",197.00,S,N,A,-,Y,,,101,,,,,,N,Y,2,0,1,1,A,-,08,22107,,N,E,I,A,A,H,-,D,D,0,,,,,Y,Y,A,01,1,0,0,0,0,0,0,0,0,"- ","- ",35.653251647949219,-120.69278717041016,"SAN LUIS OBISPO","PASO ROBLES",-120.69281005859375,35.6531982421875
91660265,2021,2021-12-23,9740,2021-12-16,2500,017283,,4,4,9,4000,0,3,5,,2,018,"GENESEO RD.","EAGLE OAK RANCH WAY",2.00,N,N,A,-,N,,,,,,,,,,Y,2,0,1,1,A,-,01,23152,A,N,E,I,A,A,H,-,D,D,0,,,,,Y,Y,A,01,1,0,0,0,0,0,0,0,0,"- ","- ",35.585479736328125,-120.55680847167969,"SAN LUIS OBISPO",UNINCORPORATED,-120.55686187744141,35.5845947265625
91661452,2021,2021-12-24,9740,2021-12-16,1605,019486,,4,2,9,4000,0,3,5,,2,017,"CRIPPLE CREEK RD.","EL POMAR DR.",1848.00,S,N,B,-,N,,,,,,,,,,Y,3,0,1,1,A,-,08,22107,,N,E,I,A,A,H,-,B,D,0,,,,,Y,,D,22,0,1,0,0,0,0,0,0,0,"- ","- ",35.542701721191406,-120.56088256835938,"SAN LUIS OBISPO",UNINCORPORATED,-120.56078338623047,35.542484283447266
91661555,2021,2021-12-24,9745,2021-12-18,1810,020765,,6,2,9,4000,0,2,S,,2,904,"MESA ROAD","LA SERENA WAY",650.00,N,N,A,-,N,,,,,,,,,,Y,4,0,1,2,A,-,01,23152,A,N,A,C,A,A,H,-,D,D,0,,,,,Y,Y,A,01,0,0,1,0,0,0,0,0,0,"- ","- ",35.027019500732422,-120.50536346435547,"SAN LUIS OBISPO",UNINCORPORATED,-120.50522613525391,35.0269775390625
91661797,2021,2021-12-27,9740,2021-12-22,2235,020335,,3,3,9,4000,0,1,3,,2,011,"W/B SR-46","HIDDEN VALLEY ROAD",535.00,W,N,C,-,Y,,,46,,,,,,,Y,3,0,1,2,A,-,05,21651,A,N,A,C,A,B,H,-,D,D,0,,,,,Y,,A,07,0,1,0,0,0,0,0,0,0,"- ","- ",35.551448822021484,-120.77693176269531,"SAN LUIS OBISPO",UNINCORPORATED,-120.77692413330078,35.551380157470703
91663619,2021,2021-12-28,9740,2021-12-19,0845,017498,,7,1,9,4000,0,1,3,,2,008,SR-46E,"JARDINE RD.",0.00,,Y,E,-,Y,,,46,,,,,,,Y,3,0,1,2,A,-,09,21801,A,N,D,C,A,B,H,-,A,D,0,,,,Y,Y,,F,26,0,1,0,0,0,0,0,0,0,"- ","- ",35.659381866455078,-120.60256958007812,"SAN LUIS OBISPO",UNINCORPORATED,-120.60254669189453,35.659111022949219
91663867,2021,2021-12-28,9740,2021-12-24,1618,020710,,5,2,9,4000,0,3,5,,2,017,"CRESTON RD.","S EL POMAR RD.",40.00,W,N,B,-,N,,,,,,,,,,Y,4,0,1,1,A,-,08,22107,,N,E,I,A,B,H,-,A,D,0,,,,,Y,,A,01,0,0,1,0,0,0,0,0,0,"- ","- ",35.573909759521484,-120.60870361328125,"SAN LUIS OBISPO",UNINCORPORATED,-120.608642578125,35.573947906494141
91665449,2021,2021-12-29,9745,2021-12-23,2020,017097,,4,2,2,4005,0,1,2,,2,404,"US-101 NORTHBOUND","SPYGLASS DR",2640.00,N,N,B,C,Y,,,101,,,,,,N,Y,4,0,1,2,A,-,07,21658,A,N,B,2,A,B,H,-,D,D,0,,,,,Y,,D,22,0,0,1,0,0,0,0,0,0,"- ","- ",35.169788360595703,-120.69207000732422,"SAN LUIS OBISPO","PISMO BEACH",-120.69205474853516,35.1697998046875
91668557,2021,2022-01-21,9745,2021-12-29,1730,017379,,3,2,9,4000,0,3,5,,2,005,"FRONTAGE RD","TEFFT ST.",85.00,S,N,B,C,N,,,,,,,,,,Y,4,0,2,3,A,-,01,23152,A,N,C,C,A,B,H,-,C,D,0,,,,,Y,Y,A,07,0,0,2,0,0,0,0,0,0,"- ","- ",35.036258697509766,-120.48490142822266,"SAN LUIS OBISPO",UNINCORPORATED,-120.48503112792969,35.036346435546875
91668900,2021,2022-01-03,9740,2021-12-26,0850,019259,,7,1,9,4000,0,3,5,,2,018,"UNION RD.","KIT FOX LN.",2640.00,E,N,B,-,N,,,,,,,,,,Y,4,0,1,1,A,-,08,22107,,N,F,A,A,A,H,-,A,A,0,,,,,Y,,A,01,0,0,1,0,0,0,0,0,0,"- ","- ",35.632240295410156,-120.62750244140625,"SAN LUIS OBISPO",UNINCORPORATED,-120.62786865234375,35.632362365722656
91670049,2021,2022-01-04,9740,2021-12-31,2115,020710,,5,2,9,4000,0,3,5,,2,019,"RIVER RD.","WELLSONA RD.",6864.00,N,N,A,-,N,,,,,,,,,,Y,2,0,1,1,A,-,01,23152,A,N,F,A,A,A,H,-,D,D,0,,,,,Y,Y,D,22,1,0,0,0,0,0,0,0,0,"- ","- ",35.714550018310547,-120.68119812011719,"SAN LUIS OBISPO",UNINCORPORATED,-120.68627166748047,35.678924560546875
91670154,2021,2022-01-04,9740,2021-12-30,2030,021275,,4,2,9,4000,0,3,5,,2,019,"ESTRELLA RD.","RIVER RD.",2640.00,E,N,A,-,N,,,,,,,,,,Y,3,0,1,1,A,-,08,22107,,N,E,I,A,A,H,-,D,D,0,,,,,Y,Y,D,22,0,1,0,0,0,0,0,0,0,"- ","- ",35.736900329589844,-120.6727294921875,"SAN LUIS OBISPO",UNINCORPORATED,-120.67648315429688,35.736358642578125
91674068,2021,2022-01-10,9740,2021-11-23,1745,020302,,2,2,9,4000,0,3,5,,2,016,"W. POZO ROAD","LAS PILITAS ROAD",3168.00,E,N,A,-,N,,,,,,,,,,Y,1,1,0,2,A,-,03,22350,,N,H,C,A,A,H,-,D,D,0,,,,Y,Y,,D,22,0,0,0,0,0,0,0,0,0,"- ","- ",35.344108581542969,-120.53478240966797,"SAN LUIS OBISPO",UNINCORPORATED,-120.53506469726562,35.344547271728516