CASE_ID,ACCIDENT_YEAR,PROC_DATE,JURIS,COLLISION_DATE,COLLISION_TIME,OFFICER_ID,REPORTING_DISTRICT,DAY_OF_WEEK,CHP_SHIFT,POPULATION,CNTY_CITY_LOC,SPECIAL_COND,BEAT_TYPE,CHP_BEAT_TYPE,CITY_DIVISION_LAPD,CHP_BEAT_CLASS,BEAT_NUMBER,PRIMARY_RD,SECONDARY_RD,DISTANCE,DIRECTION,INTERSECTION,WEATHER_1,WEATHER_2,STATE_HWY_IND,CALTRANS_COUNTY,CALTRANS_DISTRICT,STATE_ROUTE,ROUTE_SUFFIX,POSTMILE_PREFIX,POSTMILE,LOCATION_TYPE,RAMP_INTERSECTION,SIDE_OF_HWY,TOW_AWAY,COLLISION_SEVERITY,NUMBER_KILLED,NUMBER_INJURED,PARTY_COUNT,PRIMARY_COLL_FACTOR,PCF_CODE_OF_VIOL,PCF_VIOL_CATEGORY,PCF_VIOLATION,PCF_VIOL_SUBSECTION,HIT_AND_RUN,TYPE_OF_COLLISION,MVIW,PED_ACTION,ROAD_SURFACE,ROAD_COND_1,ROAD_COND_2,LIGHTING,CONTROL_DEVICE,CHP_ROAD_TYPE,PEDESTRIAN_ACCIDENT,BICYCLE_ACCIDENT,MOTORCYCLE_ACCIDENT,TRUCK_ACCIDENT,NOT_PRIVATE_PROPERTY,ALCOHOL_INVOLVED,STWD_VEHTYPE_AT_FAULT,CHP_VEHTYPE_AT_FAULT,COUNT_SEVERE_INJ,COUNT_VISIBLE_INJ,COUNT_COMPLAINT_PAIN,COUNT_PED_KILLED,COUNT_PED_INJURED,COUNT_BICYCLIST_KILLED,COUNT_BICYCLIST_INJURED,COUNT_MC_KILLED,COUNT_MC_INJURED,PRIMARY_RAMP,SECONDARY_RAMP,LATITUDE,LONGITUDE,COUNTY,CITY,POINT_X,POINT_Y
91684048,2021,2022-01-24,9740,2021-09-24,0902,019700,,5,1,9,4000,0,1,3,,1,014,SR-1,"ARDATH DR.",0.00,,Y,A,-,Y,,,1,,,,,,,N,2,0,1,2,A,-,12,21453,A,F,H,G,A,A,H,-,A,A,0,,Y,,,Y,,A,01,1,0,0,0,0,0,1,0,0,"- ","- ",35.551200866699219,-121.07161712646484,"SAN LUIS OBISPO",UNINCORPORATED,-121.07156372070312,35.551265716552734
91686892,2021,2022-01-27,9740,2021-11-25,1217,019259,,4,1,9,4000,0,3,5,,2,022,"ADELAIDA ROAD","STAG'S LEAP WAY",1056.00,W,N,A,-,N,,,,,,,,,,Y,1,1,0,1,A,-,08,22107,,N,E,I,A,A,H,-,A,D,0,,,,,Y,,A,01,0,0,0,0,0,0,0,0,0,"- ","- ",35.658451080322266,-120.76039123535156,"SAN LUIS OBISPO",UNINCORPORATED,-120.75978088378906,35.658145904541016
91690507,2021,2022-02-01,9745,2021-12-21,1750,017379,,2,2,9,4000,0,3,5,,2,003,"ALTA MIRA LANE","COUNTRY CLUB DR.",325.00,W,N,A,-,N,,,,,,,,,,Y,4,0,1,2,A,-,08,22107,,N,C,E,A,A,H,-,D,D,0,,,,,Y,Y,A,07,0,0,1,0,0,0,0,0,0,"- ","- ",35.206199645996094,-120.62841033935547,"SAN LUIS OBISPO",UNINCORPORATED,-120.62890625,35.207000732421875
9180070,2021,2021-02-04,4004,2021-01-07,0726,1208,,4,5,3,4004,0,0,0,,0,,"RT 46 E","AIRPORT RD",0.00,,Y,A,-,Y,SLO,5,46,-,-,32.143,I,5,W,N,4,0,1,2,A,-,03,22350,,N,C,C,A,A,H,-,A,D,0,,,,,Y,,A,01,0,0,1,0,0,0,0,0,0,"- ","- ",35.644660949707031,-120.64330291748047,"SAN LUIS OBISPO","PASO ROBLES",-120.64335632324219,35.644618988037109
9216365,2021,2021-03-18,4004,2021-01-28,1104,1349,,4,5,3,4004,0,0,0,,0,,"CRESTON RD","CEDARWOOD DR",0.00,,Y,C,-,N,,,,,,,,,,N,2,0,1,2,A,-,12,21453,A,N,D,C,A,B,H,-,A,A,0,,,,,Y,,-,"- ",1,0,0,0,0,0,0,0,0,"- ","- ",35.607341766357422,-120.65892791748047,"SAN LUIS OBISPO","PASO ROBLES",-120.65898895263672,35.607391357421875
9216369,2021,2021-03-18,4004,2021-01-25,1451,1384,,1,5,3,4004,0,0,0,,0,,"RIVERSIDE AV","13TH ST",0.00,,Y,A,-,N,,,,,,,,,,N,4,0,2,2,A,-,03,22350,,N,C,C,A,A,H,-,A,A,0,,,,,Y,,D,22,0,0,2,0,0,0,0,0,0,"- ","- ",35.628028869628906,-120.68708801269531,"SAN LUIS OBISPO","PASO ROBLES",-120.68701934814453,35.627967834472656
9216430,2021,2021-03-09,4004,2021-01-27,1853,1448,,3,5,3,4004,0,0,0,,0,,"NIBLICK  RD","RIVER RD",610.00,E,N,C,-,N,,,,,,,,,,Y,3,0,2,4,A,-,03,22350,,N,C,C,A,B,H,-,C,A,0,,,,,Y,,A,01,0,1,1,0,0,0,0,0,0,"- ","- ",35.615009307861328,-120.68020629882812,"SAN LUIS OBISPO","PASO ROBLES",-120.67829895019531,35.615409851074219
9216463,2021,2021-03-01,4008,2021-01-12,1640,3113,A,2,5,4,4008,0,0,0,,0,,"MORRO RD","CHOLARE RD",82.00,E,N,A,-,Y,SLO,5,41,-,-,10.930,H,-,N,Y,3,0,2,2,A,-,09,21804,A,N,D,C,A,A,H,-,A,D,0,,,,,Y,,D,22,0,1,1,0,0,0,0,0,0,"- ","- ",35.45880126953125,-120.72576141357422,"SAN LUIS OBISPO",ATASCADERO,-120.72264099121094,35.459354400634766
9217691,2021,2021-03-15,4006,2021-01-05,1907,98137,,2,5,4,4006,0,0,0,,0,,"SANTA ROSA",HIGUERA,0.00,,Y,A,-,N,,,,,,,,,,Y,4,0,1,2,A,-,12,21453,A,N,D,C,A,A,H,-,B,A,0,,,,,Y,,-,,0,0,1,0,0,0,0,0,0,"- ","- ",35.281990051269531,-120.65939331054688,"SAN LUIS OBISPO","SAN LUIS OBISPO",-120.65940093994141,35.281970977783203
9219469,2021,2021-03-13,4004,2021-01-11,1246,1384,,1,5,3,4004,0,0,0,,0,,"NIBLICK RD","RIVER RD",228.00,W,N,A,-,N,,,,,,,,,,N,3,0,1,2,A,-,05,21650,1,N,D,G,A,A,H,-,A,D,0,,Y,,,Y,,L,04,0,1,0,0,0,0,1,0,0,"- ","- ",35.615009307861328,-120.68020629882812,"SAN LUIS OBISPO","PASO ROBLES",-120.68103790283203,35.615028381347656
9221095,2021,2021-03-26,4006,2021-02-03,1713,89870,,3,5,4,4006,0,0,0,,0,,MORRO,MARSH,0.00,,Y,A,-,N,,,,,,,,,,N,3,0,1,2,B,-,22,,,N,H,A,A,A,H,-,B,A,0,,Y,,,Y,,-,"- ",0,1,0,0,0,0,1,0,0,"- ","- ",35.164699554443359,-120.39389801025391,"SAN LUIS OBISPO","SAN LUIS OBISPO",-120.66101837158203,35.279811859130859
9221440,2021,2021-02-18,4004,2021-01-15,1357,575,,5,5,3,4004,0,0,0,,0,,"RT 101","RT 46 E",0.00,,Y,A,-,Y,SLO,5,101,-,-,57.800,R,1,N,N,4,0,1,2,A,-,03,22350,,N,C,C,A,A,H,-,A,A,0,,,,,Y,,A,01,0,0,1,0,0,0,0,0,0,NF,"- ",35.642768859863281,-120.68425750732422,"SAN LUIS OBISPO","PASO ROBLES",-120.68431091308594,35.6409912109375
9221579,2021,2021-03-01,4006,2021-01-20,1145,89870,,3,5,4,4006,0,0,0,,0,,"RT 227",PERKINS,0.00,N,N,A,-,N,,,,,,,,,,Y,2,0,1,1,A,-,08,22107,,N,E,I,A,A,H,-,A,D,0,,,,,Y,,D,22,1,0,0,0,0,0,0,0,0,"- ","- ",35.154800415039062,-120.39060211181641,"SAN LUIS OBISPO","SAN LUIS OBISPO",-120.65151977539062,35.263404846191406
9222172,2021,2021-03-22,4008,2021-01-27,1705,3113,A,3,5,4,4008,0,0,0,,0,,"MORRO RD","OLD MORRO RD",1632.00,W,N,C,-,Y,SLO,5,41,-,-,12.280,H,-,S,Y,3,0,1,1,A,-,03,22350,,N,E,I,A,B,H,-,B,D,0,,,,,Y,,A,07,0,1,0,0,0,0,0,0,0,"- ","- ",35.451229095458984,-120.69732666015625,"SAN LUIS OBISPO",ATASCADERO,-120.70246124267578,35.451145172119141
9225213,2021,2021-03-23,4006,2021-01-26,1600,90046,,2,5,4,4006,0,0,0,,0,,CHORRO,PEACH,0.00,,Y,A,-,N,,,,,,,,,,N,4,0,1,2,A,-,03,22350,,N,C,G,A,A,H,-,A,D,0,,Y,,,Y,,L,04,0,0,1,0,0,0,1,0,0,"- ","- ",35.283000946044922,-120.66500091552734,"SAN LUIS OBISPO","SAN LUIS OBISPO",-120.66568756103516,35.283058166503906
9225214,2021,2021-03-23,4006,2021-01-29,1638,20008,,5,5,4,4006,0,0,0,,0,SLO,FOOTHILL,"LA ENTRADA",227.00,E,N,A,-,N,,,,,,,,,,Y,4,0,1,3,A,-,01,23153,A,N,C,D,A,A,H,-,A,A,0,,,,,Y,,A,01,0,0,1,0,0,0,0,0,0,"- ","- ",35.294288635253906,-120.68219757080078,"SAN LUIS OBISPO","SAN LUIS OBISPO",-120.682373046875,35.294139862060547
9227171,2021,2021-03-24,4006,2021-02-19,1730,16380,,5,5,4,4006,0,0,0,,0,,CALIFORNIA,FOOTHILL,494.00,S,N,A,-,N,,,,,,,,,,Y,4,0,1,2,A,-,03,22350,,N,C,C,A,A,H,-,A,D,0,,,,,Y,,A,01,0,0,1,0,0,0,0,0,0,"- ","- ",35.293861389160156,-120.66278839111328,"SAN LUIS OBISPO","SAN LUIS OBISPO",-120.66291046142578,35.293930053710938
9227172,2021,2021-03-24,4006,2021-02-12,1235,89870,,5,5,4,4006,0,0,0,,0,,HIGUERA,"BRIDGE ST",103.00,N,N,A,-,N,,,,,,,,,,Y,3,0,2,2,A,-,08,22100,5,N,D,C,A,A,H,-,A,D,0,,,,,Y,,A,01,0,1,1,0,0,0,0,0,0,"- ","- ",35.160301208496094,-120.40129852294922,"SAN LUIS OBISPO","SAN LUIS OBISPO",-120.67044830322266,35.267501831054688
9227173,2021,2021-03-29,4006,2021-02-09,1626,62657,,2,5,4,4006,0,0,0,,0,,GRAND,ABBOTT,0.00,,Y,A,-,N,,,,,,,,,,N,4,0,1,2,A,-,09,21801,A,N,D,G,A,A,H,-,A,A,0,,,,,Y,,-,,0,0,1,0,0,0,0,0,0,"- ","- ",35.291419982910156,-120.65309143066406,"SAN LUIS OBISPO","SAN LUIS OBISPO",-120.65313720703125,35.291492462158203
9227752,2021,2021-03-24,4006,2021-02-14,1351,98137,,7,5,4,4006,0,0,0,,0,,MONTEREY,"SANTA ROSA",0.00,,Y,A,-,N,,,,,,,,,,N,4,0,1,2,A,-,10,21950,A,N,G,B,B,A,H,-,A,A,0,Y,,,,Y,,D,22,0,0,1,0,1,0,0,0,0,"- ","- ",35.282508850097656,-120.65994262695312,"SAN LUIS OBISPO","SAN LUIS OBISPO",-120.65995788574219,35.282600402832031
9228081,2021,2021-04-06,4008,2021-03-06,1401,3125,C,6,5,4,4008,0,0,0,,0,,"EL CAMINO REAL","EL BORDO AV",10.00,S,N,B,-,N,,,,,,,,,,N,4,0,1,2,A,-,01,23153,A,N,C,C,A,A,H,-,A,D,0,,,,,Y,Y,A,01,0,0,1,0,0,0,0,0,0,"- ","- ",35.464038848876953,-120.64681243896484,"SAN LUIS OBISPO",ATASCADERO,-120.64685821533203,35.463958740234375
9228801,2021,2021-03-05,4008,2021-01-24,1123,2114,C,7,5,4,4008,0,0,0,,0,,"EL CAMINO REAL","TRAFFIC WY",16.00,S,N,A,-,N,,,,,,,,,,Y,4,0,1,2,A,-,03,22350,,N,C,C,A,A,H,-,A,A,0,,,,,Y,,D,22,0,0,1,0,0,0,0,0,0,"- ","- ",35.489368438720703,-120.67031097412109,"SAN LUIS OBISPO",ATASCADERO,-120.67035675048828,35.489345550537109
9229361,2021,2021-03-18,4006,2021-01-07,1341,80908,,4,5,4,4006,0,0,0,,0,,"SANTA ROSA",OAK,0.00,,N,A,-,N,,,,,,,,,,N,3,0,1,2,A,-,09,21804,A,N,A,B,D,A,H,-,A,D,0,Y,,,,Y,,A,01,0,1,0,0,1,0,0,0,0,"- ","- ",35.288799285888672,-120.66541290283203,"SAN LUIS OBISPO","SAN LUIS OBISPO",-120.66567230224609,35.289115905761719
9229362,2021,2021-03-18,4006,2021-01-09,1327,89870,,6,5,4,4006,0,0,0,,0,,"TANK FARM",ORCUTT,0.00,,Y,A,-,N,,,,,,,,,,Y,4,0,1,2,A,-,09,21801,A,N,B,C,A,A,H,-,A,D,0,,,,,Y,,A,01,0,0,1,0,0,0,0,0,0,"- ","- ",35.150001525878906,-120.372802734375,"SAN LUIS OBISPO","SAN LUIS OBISPO",-120.62509155273438,35.250328063964844
9229363,2021,2021-03-18,4006,2021-01-15,1528,89870,,5,5,4,4006,0,0,0,,0,,"CALLE JOAQUIN","LOS OSOS VALLEY RD",0.00,,N,A,-,N,,,,,,,,,,N,4,0,1,2,A,-,09,21804,A,N,D,C,A,A,H,-,A,D,0,,,,,Y,,A,01,0,0,1,0,0,0,0,0,0,"- ","- ",35.143699645996094,-120.41030120849609,"SAN LUIS OBISPO","SAN LUIS OBISPO",-120.68264007568359,35.244895935058594
9229364,2021,2021-03-18,4006,2021-01-13,1646,89870,,3,5,4,4006,0,0,0,,0,,HIGUERA,"PACIFIC ST",177.00,S,N,A,-,N,,,,,,,,,,Y,4,0,1,3,A,-,03,22350,,N,C,C,A,A,H,-,B,D,0,,,,,Y,,A,01,0,0,1,0,0,0,0,0,0,"- ","- ",35.162300109863281,-120.4010009765625,"SAN LUIS OBISPO","SAN LUIS OBISPO",-120.66963195800781,35.273097991943359
9230067,2021,2021-03-24,4006,2021-02-02,0947,80908,,2,5,4,4006,0,0,0,,0,,CALIFORNIA,MARSH,0.00,,Y,A,-,N,,,,,,,,,,N,3,0,1,2,A,-,12,22450,A,F,D,B,B,A,H,-,A,A,0,Y,,,,Y,,A,01,0,1,0,0,1,0,0,0,0,"- ","- ",35.284709930419922,-120.65335083007812,"SAN LUIS OBISPO","SAN LUIS OBISPO",-120.65328216552734,35.284759521484375
9231873,2021,2021-04-29,4008,2021-03-20,2114,4080,D,6,5,4,4008,0,0,0,,0,,"MORRO RD","OLD MORRO RD",0.00,,Y,A,-,Y,SLO,5,41,-,-,12.580,H,-,N,Y,4,0,2,2,A,-,03,22350,,N,C,C,A,A,H,-,D,D,0,,,,,Y,,A,01,0,0,2,0,0,0,0,0,0,"- ","- ",35.451229095458984,-120.69732666015625,"SAN LUIS OBISPO",ATASCADERO,-120.69774627685547,35.450687408447266
9231922,2021,2021-05-14,4005,2021-02-15,1543,P095,6,1,5,2,4005,0,0,0,,0,,"SAN LUIS AV",DOLLIVER,14.00,W,N,B,-,Y,SLO,5,1,-,-,15.840,I,6,S,N,3,0,1,2,A,-,"- ",,,N,E,I,A,A,H,-,A,D,0,,Y,,,Y,Y,L,04,0,1,0,0,0,0,1,0,0,"- ","- ",,,"SAN LUIS OBISPO","PISMO BEACH",-120.64417266845703,35.143573760986328
9231927,2021,2021-05-17,4005,2021-04-01,1832,P110,5,4,5,2,4005,0,0,0,,0,,DOLLIVER,WADSWORTH,25.00,N,N,A,-,Y,SLO,5,1,-,-,15.800,H,-,S,N,3,0,1,1,D,-,00,,,N,H,-,A,A,H,-,A,D,0,,Y,,,Y,Y,-,"- ",0,1,0,0,0,0,1,0,0,"- ","- ",,,"SAN LUIS OBISPO","PISMO BEACH",-120.64371490478516,35.143173217773438
9231973,2021,2021-05-03,4008,2021-03-28,1740,2114,C,7,5,4,4008,0,0,0,,0,,"MORRO RD","SANTA YSABEL AV",0.00,,Y,A,-,Y,SLO,5,41,-,R,16.063,I,6,N,N,3,0,1,2,A,-,08,22100,B,N,H,G,A,A,H,-,A,A,0,,Y,,,Y,,L,04,0,1,0,0,0,0,1,0,0,"- ","- ",35.486099243164062,-120.66484832763672,"SAN LUIS OBISPO",ATASCADERO,-120.66399383544922,35.487590789794922
9232865,2021,2021-03-10,4001,2021-01-03,1034,P0147,46-2,7,5,3,4001,0,0,0,,0,OPERAT,"JAMES WY","RANCHO PKWY",55.00,W,N,A,-,N,,,,,,,,,,Y,4,0,1,1,D,-,00,,,N,H,J,A,A,H,-,A,D,0,,,,,Y,,-,"- ",0,0,1,0,0,0,0,0,0,"- ","- ",,,"SAN LUIS OBISPO","ARROYO GRANDE",-120.587646484375,35.135627746582031
9234197,2021,2021-03-27,4008,2021-02-01,1107,3153,A,1,5,4,4008,0,0,0,,0,,"EL CAMINO REAL","PALOMAR AV",45.00,S,N,A,-,N,,,,,,,,,,Y,3,0,1,2,A,-,09,21804,A,N,A,C,A,A,H,-,A,D,0,,,,,Y,,A,01,0,1,0,0,0,0,0,0,0,"- ","- ",35.474838256835938,-120.65448760986328,"SAN LUIS OBISPO",ATASCADERO,-120.65460968017578,35.474761962890625
9234248,2021,2021-03-17,4008,2021-01-15,1012,3125,,5,5,4,4008,0,0,0,,0,,"EL CAMINO REAL","CARRIZO RD",192.00,N,N,A,-,N,,,,,,,,,,Y,2,0,2,2,A,-,09,21801,A,N,A,C,A,A,H,-,A,D,0,,,,,Y,,A,08,1,0,1,0,0,0,0,0,0,"- ","- ",35.517730712890625,-120.70079040527344,"SAN LUIS OBISPO",ATASCADERO,-120.70135498046875,35.5181884765625
9234440,2021,2021-03-15,4001,2021-01-01,0538,P0152,463,5,5,3,4001,0,0,0,,0,OPERAT,"THE PIKE","THE PIKE 1002",0.00,,Y,A,-,N,,,,,,,,,,Y,4,0,1,1,C,-,18,,,N,A,J,A,A,C,-,D,D,0,,,,,Y,,-,"- ",0,0,1,0,0,0,0,0,0,"- ","- ",,,"SAN LUIS OBISPO","ARROYO GRANDE",-120.61640167236328,35.106391906738281
9235743,2021,2021-03-25,4004,2021-02-16,1700,1349,,2,5,3,4004,0,0,0,,0,,"CRESTON RD","BEECHWOOD DR",0.00,,Y,A,-,Y,,,,,,,,,,Y,4,0,1,2,A,-,09,21801,A,N,A,C,A,A,H,-,A,D,0,,,,,Y,,A,07,0,0,1,0,0,0,0,0,0,"- ","- ",35.594409942626953,-120.65550231933594,"SAN LUIS OBISPO","PASO ROBLES",-120.65451049804688,35.595439910888672
9236096,2021,2021-03-22,4008,2021-02-22,1400,2154,A,1,5,4,4008,0,0,0,,0,,"ATASCADERO AV","MORRO RD",0.00,,Y,A,-,Y,SLO,5,41,-,-,15.570,I,5,S,Y,3,0,1,1,A,-,01,23152,A,N,E,I,A,A,D,-,A,A,0,,,,,Y,Y,D,22,0,1,0,0,0,0,0,0,0,"- ","- ",35.480758666992188,-120.66655731201172,"SAN LUIS OBISPO",ATASCADERO,-120.66645050048828,35.480667114257812
9236725,2021,2021-04-06,4004,2021-03-08,1337,1208,,1,5,3,4004,0,0,0,,0,,"24TH ST","SPRING ST",0.00,,Y,A,-,N,,,,,,,,,,N,3,0,1,2,A,-,10,21950,A,N,G,B,B,A,H,-,A,A,0,Y,,,,Y,,D,22,0,1,0,0,1,0,0,0,0,"- ","- ",35.639259338378906,-120.69246673583984,"SAN LUIS OBISPO","PASO ROBLES",-120.69243621826172,35.639125823974609
9239424,2021,2021-04-20,4001,2021-02-13,1345,P0139,462,6,5,3,4001,0,0,0,,0,OPERAT,"CAMINO MERCADO","WEST BRANCH ST",0.00,,N,A,-,N,,,,,,,,,,Y,3,0,2,3,A,-,03,22350,,N,C,C,A,A,H,-,A,D,0,,,,,Y,,A,01,0,1,1,0,0,0,0,0,0,"- ","- ",,,"SAN LUIS OBISPO","ARROYO GRANDE",-120.60098266601562,35.128952026367188
9240103,2021,2021-04-23,4004,2021-03-29,1538,1349,,1,5,3,4004,0,0,0,,0,,"RT 46 E","BUENA VISTA DR",38.00,W,N,A,-,Y,SLO,5,46,-,-,30.490,H,-,E,N,4,0,2,2,A,-,03,22350,,N,C,C,A,A,H,-,A,A,0,,,,,Y,,A,08,0,0,2,0,0,0,0,0,0,"- ","- ",35.643760681152344,-120.67150115966797,"SAN LUIS OBISPO","PASO ROBLES",-120.67214202880859,35.644405364990234
9242005,2021,2021-04-22,4006,2021-03-16,1106,62857,,2,5,4,4006,0,0,0,,0,,"BROAD ST","AERO DR",0.00,,Y,A,-,N,,,,,,,,,,N,4,0,1,2,A,-,12,21453,A,N,H,C,A,A,H,-,A,A,0,,,Y,,Y,,A,07,0,0,1,0,0,0,0,0,0,"- ","- ",35.240909576416016,-120.63804626464844,"SAN LUIS OBISPO","SAN LUIS OBISPO",-120.63797760009766,35.240959167480469
9242007,2021,2021-04-22,4006,2021-03-29,1347,62657,,1,5,4,4006,0,0,0,,0,,"LOS OSOS VALLEY RD","RT 101",207.00,S,N,A,-,N,,,,,,,,,,Y,4,0,2,2,A,-,03,22350,,N,C,-,A,A,H,-,A,A,0,,,,,Y,,A,08,0,0,2,0,0,0,0,0,0,"- ",NF,35.242931365966797,-120.68093872070312,"SAN LUIS OBISPO","SAN LUIS OBISPO",,
9242044,2021,2021-04-15,4006,2021-02-26,1425,89870,,5,5,4,4006,0,0,0,,0,,"HIGUERA ST",VACHELL,0.00,,Y,A,-,N,,,,,,,,,,Y,4,0,1,2,A,-,09,21802,A,N,D,C,A,A,H,-,A,A,0,,,,,Y,,A,01,0,0,1,0,0,0,0,0,0,"- ","- ",,,"SAN LUIS OBISPO","SAN LUIS OBISPO",-120.67599487304688,35.243110656738281
9242045,2021,2021-04-09,4006,2021-02-25,1317,26257,,4,5,4,4006,0,0,0,,0,,GRAND,LOOMIS,0.00,,Y,A,-,N,,,,,,,,,,Y,4,0,2,2,A,-,09,21802,A,N,D,C,A,A,H,-,A,A,0,,,,,Y,,A,01,0,0,2,0,0,0,0,0,0,"- ","- ",35.292381286621094,-120.65328216552734,"SAN LUIS OBISPO","SAN LUIS OBISPO",-120.65328979492188,35.292385101318359
9244960,2021,2021-04-01,4008,2021-01-16,0855,3125,C,6,5,4,4008,0,0,0,,0,,"GRAVES CREEK RD","BALBOA RD",60.00,E,N,A,-,N,,,,,,,,,,Y,4,0,1,1,A,-,03,22350,,N,E,I,A,A,H,-,A,D,0,,,,,Y,,A,07,0,0,1,0,0,0,0,0,0,"- ","- ",35.498851776123047,-120.69747161865234,"SAN LUIS OBISPO",ATASCADERO,-120.69739532470703,35.498947143554688
9244970,2021,2021-04-08,4002,2021-03-15,1703,721,,1,5,3,4002,0,0,0,,0,,"S 4TH ST","S 4TH ST 500",0.00,,Y,A,-,N,,,,,,,,,,N,3,0,1,3,A,-,08,22103,,M,D,C,A,A,H,-,A,D,0,,,,,Y,,D,22,0,1,0,0,0,0,0,0,0,"- ","- ",,,"SAN LUIS OBISPO","GROVER BEACH",-120.62644195556641,35.121799468994141
9245522,2021,2021-04-02,4008,2021-01-15,1601,3125,C,5,5,4,4008,0,0,0,,0,,"MORRO RD","SAN MIGUEL RD",2325.00,E,N,A,-,N,,,41,,,,,,,Y,4,0,1,1,A,-,03,22350,,N,E,I,A,A,H,-,A,D,0,,,,,Y,,A,07,0,0,1,0,0,0,0,0,0,"- ","- ",35.454479217529297,-120.714599609375,"SAN LUIS OBISPO",ATASCADERO,-120.71417236328125,35.454929351806641
9247634,2021,2021-04-09,4001,2021-02-08,1731,P0143,461,1,5,3,4001,0,0,0,,0,OPREAT,"E BRANCH ST","EAST GRAND AV",0.00,,Y,A,-,N,,,,,,,,,,Y,4,0,1,2,A,-,09,21802,A,N,D,C,A,A,H,-,B,D,0,,,,,Y,,A,01,0,0,1,0,0,0,0,0,0,"- ","- ",,,"SAN LUIS OBISPO","ARROYO GRANDE",-120.58126831054688,35.122528076171875
9247932,2021,2021-04-16,4004,2021-03-18,1805,1304,,4,5,3,4004,0,0,0,,0,,"RIVER RD","CARY ST",225.00,S,N,C,-,N,,,,,,,,,,Y,3,0,1,2,A,-,09,21804,A,N,D,C,A,B,H,-,A,A,0,,,,,Y,,A,01,0,1,0,0,0,0,0,0,0,"- ","- ",35.616950988769531,-120.6802978515625,"SAN LUIS OBISPO","PASO ROBLES",-120.68040466308594,35.616348266601562
9247933,2021,2021-04-16,4004,2021-03-27,2316,1425,,6,5,3,4004,0,0,0,,0,,"FONTANA RD","SHERWOOD RD",0.00,,Y,A,-,N,,,,,,,,,,Y,3,0,1,2,A,-,01,23152,A,N,A,C,A,A,H,-,C,A,0,,,,,Y,Y,A,01,0,1,0,0,0,0,0,0,0,"- ","- ",35.614429473876953,-120.65058135986328,"SAN LUIS OBISPO","PASO ROBLES",-120.65016174316406,35.615673065185547
9247934,2021,2021-04-30,4004,2021-03-22,1559,1349,,1,5,3,4004,0,0,0,,0,,"SPRING ST","5TH ST",7.00,N,N,A,-,N,,,,,,,,,,N,4,0,1,2,A,-,03,22350,,N,C,C,A,A,H,-,A,A,0,,,,,Y,,A,01,0,0,1,0,0,0,0,0,0,"- ","- ",35.619400024414062,-120.69082641601562,"SAN LUIS OBISPO","PASO ROBLES",-120.69078826904297,35.619438171386719
9248051,2021,2021-04-13,4006,2021-02-07,2318,68045,"SAN L",7,5,4,4006,0,0,0,,0,,"TANK FARM","RIGHETTI RANCH",0.00,,Y,E,-,N,,,,,,,,,,N,3,0,1,1,A,-,01,23152,A,N,F,I,A,B,H,-,C,D,0,,,,,Y,Y,-,,0,1,0,0,0,0,0,0,0,"- ","- ",35.250209808349609,-120.63317108154297,"SAN LUIS OBISPO","SAN LUIS OBISPO",-120.63322448730469,35.250198364257812
9248797,2021,2021-04-20,4004,2021-03-31,1910,1383,,3,5,3,4004,0,0,0,,0,,"MEADOWLARK RD","AIRPORT RD",1252.00,E,N,A,-,N,,,,,,,,,,N,3,0,1,2,A,-,01,23152,A,N,G,B,F,A,H,-,B,D,0,Y,,,,Y,Y,A,01,0,1,0,0,1,0,0,0,0,"- ","- ",35.600990295410156,-120.64372253417969,"SAN LUIS OBISPO","PASO ROBLES",-120.63941955566406,35.600975036621094
9250085,2021,2021-04-27,4006,2021-03-26,1840,10938,4006,5,5,4,4006,0,0,0,,0,,"LOS OSOS VALLEY",LAGUNA,0.00,,Y,A,-,N,,,,,,,,,,Y,3,0,1,1,C,-,18,,,N,E,I,A,A,H,-,A,D,0,,,,,Y,,-,"- ",0,1,0,0,0,0,0,0,0,"- ","- ",35.262050628662109,-120.69686126708984,"SAN LUIS OBISPO","SAN LUIS OBISPO",-120.69654846191406,35.261981964111328
9250142,2021,2021-04-28,4004,2021-04-03,1105,1351,,6,5,3,4004,0,0,0,,0,,"RIVERSIDE AV","12TH ST",101.00,S,N,A,-,N,,,,,,,,,,N,3,0,1,1,A,-,08,22107,,N,E,I,A,A,H,-,A,A,0,,,Y,,Y,,C,02,0,1,0,0,0,0,0,0,1,"- ","- ",35.626899719238281,-120.68686676025391,"SAN LUIS OBISPO","PASO ROBLES",-120.68692779541016,35.626632690429688
9251704,2021,2021-04-27,4001,2021-03-19,1534,P0139,463,5,5,3,4001,0,0,0,,0,OPERAT,"TRAFFIC WY","ALLEN ST",0.00,,Y,A,-,N,,,,,,,,,,N,4,0,1,2,A,-,08,22107,,N,A,C,A,B,H,-,A,A,0,,,,,Y,,A,01,0,0,1,0,0,0,0,0,0,"- ","- ",,,"SAN LUIS OBISPO","ARROYO GRANDE",-120.57614898681641,35.119403839111328
9251705,2021,2021-05-04,4001,2021-03-16,0802,P0144,463,2,5,3,4001,0,0,0,,0,OPERAT,"S HALCYON RD","PARK WY",35.00,N,N,A,-,N,,,,,,,,,,Y,3,0,1,2,A,-,"- ",,,N,B,C,A,A,H,-,A,D,0,,,,,Y,,A,01,0,1,0,0,0,0,0,0,0,"- ","- ",,,"SAN LUIS OBISPO","ARROYO GRANDE",-120.59158325195312,35.117664337158203