CASE_ID,ACCIDENT_YEAR,PROC_DATE,JURIS,COLLISION_DATE,COLLISION_TIME,OFFICER_ID,REPORTING_DISTRICT,DAY_OF_WEEK,CHP_SHIFT,POPULATION,CNTY_CITY_LOC,SPECIAL_COND,BEAT_TYPE,CHP_BEAT_TYPE,CITY_DIVISION_LAPD,CHP_BEAT_CLASS,BEAT_NUMBER,PRIMARY_RD,SECONDARY_RD,DISTANCE,DIRECTION,INTERSECTION,WEATHER_1,WEATHER_2,STATE_HWY_IND,CALTRANS_COUNTY,CALTRANS_DISTRICT,STATE_ROUTE,ROUTE_SUFFIX,POSTMILE_PREFIX,POSTMILE,LOCATION_TYPE,RAMP_INTERSECTION,SIDE_OF_HWY,TOW_AWAY,COLLISION_SEVERITY,NUMBER_KILLED,NUMBER_INJURED,PARTY_COUNT,PRIMARY_COLL_FACTOR,PCF_CODE_OF_VIOL,PCF_VIOL_CATEGORY,PCF_VIOLATION,PCF_VIOL_SUBSECTION,HIT_AND_RUN,TYPE_OF_COLLISION,MVIW,PED_ACTION,ROAD_SURFACE,ROAD_COND_1,ROAD_COND_2,LIGHTING,CONTROL_DEVICE,CHP_ROAD_TYPE,PEDESTRIAN_ACCIDENT,BICYCLE_ACCIDENT,MOTORCYCLE_ACCIDENT,TRUCK_ACCIDENT,NOT_PRIVATE_PROPERTY,ALCOHOL_INVOLVED,STWD_VEHTYPE_AT_FAULT,CHP_VEHTYPE_AT_FAULT,COUNT_SEVERE_INJ,COUNT_VISIBLE_INJ,COUNT_COMPLAINT_PAIN,COUNT_PED_KILLED,COUNT_PED_INJURED,COUNT_BICYCLIST_KILLED,COUNT_BICYCLIST_INJURED,COUNT_MC_KILLED,COUNT_MC_INJURED,PRIMARY_RAMP,SECONDARY_RAMP,LATITUDE,LONGITUDE,COUNTY,CITY,POINT_X,POINT_Y
9251783,2021,2021-04-27,4001,2021-03-09,1548,P0144,"46 3",2,5,3,4001,0,0,0,,0,OPERAT,"EAST GRAND AV","HALCYON RD",0.00,,Y,A,-,N,,,,,,,,,,N,4,0,1,2,D,-,00,,,N,D,C,A,A,H,-,A,A,0,,,,,Y,,-,"- ",0,0,1,0,0,0,0,0,0,"- ","- ",,,"SAN LUIS OBISPO","ARROYO GRANDE",-120.59158325195312,35.118701934814453
9251787,2021,2021-04-29,4001,2021-03-05,1305,P0139,463,5,5,3,4001,0,0,0,,0,OPERAT,"THE PIKE","GARFIELD PL",192.00,E,N,A,-,N,,,,,,,,,,N,4,0,1,2,A,-,03,22350,,N,C,C,A,A,H,-,A,D,0,,,,,Y,,E,22,0,0,1,0,0,0,0,0,0,"- ","- ",,,"SAN LUIS OBISPO","ARROYO GRANDE",-120.59719085693359,35.106414794921875
9253159,2021,2021-04-29,4005,2021-01-21,1741,P115,5,4,5,2,4005,0,0,0,,0,,WASWORTH,DOLLIVER,61.00,E,N,A,-,N,,,,,,,,,,Y,4,0,1,3,A,-,03,22350,,F,A,E,A,A,H,-,B,A,0,,,,,Y,,A,01,0,0,1,0,0,0,0,0,0,"- ","- ",,,"SAN LUIS OBISPO","PISMO BEACH",,
9253900,2021,2021-04-27,4006,2021-03-16,1605,62657,,2,5,4,4006,0,0,0,,0,,FOOTHILL,"MUSTANG DR",50.00,E,N,A,-,N,,,,,,,,,,Y,4,0,1,2,A,-,09,21804,A,N,D,C,A,A,H,-,A,D,0,,,,,Y,,A,01,0,0,1,0,0,0,0,0,0,"- ","- ",35.294681549072266,-120.66459655761719,"SAN LUIS OBISPO","SAN LUIS OBISPO",-120.66465759277344,35.294746398925781
9255693,2021,2021-05-06,4002,2021-04-24,0013,464,,6,5,3,4002,0,0,0,,0,,"S 13TH ST","FARROLL RD",0.00,,Y,A,-,N,,,,,,,,,,Y,4,0,1,2,A,-,12,22450,A,F,D,C,A,A,H,-,C,A,0,,,,,Y,,A,01,0,0,1,0,0,0,0,0,0,"- ","- ",,,"SAN LUIS OBISPO","GROVER BEACH",-120.61605072021484,35.111869812011719
9256368,2021,2021-07-20,4005,2021-05-10,1614,P115,6,1,5,2,4005,0,0,0,,0,,PRICE,STIMSON,9.00,N,N,A,-,N,,,,,,,,,,N,1,1,0,2,A,-,10,21950,A,N,A,B,C,A,H,-,A,A,0,Y,,,,Y,,D,22,0,0,0,1,0,0,0,0,0,"- ","- ",,,"SAN LUIS OBISPO","PISMO BEACH",-120.63851165771484,35.140377044677734
9257149,2021,2021-04-28,4008,2021-04-02,1515,3125,C,5,5,4,4008,0,0,0,,0,,"EL CAMINO REAL","JUNIPERO AV",0.00,,Y,A,-,N,,,,,,,,,,Y,4,0,1,2,A,-,12,21453,A,N,D,C,A,-,H,-,A,A,0,,,,,Y,,A,01,0,0,1,0,0,0,0,0,0,"- ","- ",35.476348876953125,-120.65564727783203,"SAN LUIS OBISPO",ATASCADERO,-120.65547180175781,35.476291656494141
9257346,2021,2021-04-28,4005,2021-02-23,1746,P095,5,2,5,2,4005,0,0,0,,0,,PRICE,BAY,175.00,N,N,A,-,N,,,,,,,,,,N,3,0,4,1,A,-,08,22107,,F,E,I,A,A,H,-,B,D,0,,,,,Y,,A,01,0,3,1,0,0,0,0,0,0,"- ","- ",,,"SAN LUIS OBISPO","PISMO BEACH",-120.64451599121094,35.146026611328125
9257731,2021,2021-05-04,4005,2021-04-05,1925,P118,2,1,5,2,4005,0,0,0,,0,,"SHELL BEACH RD","EBB TIDE LN",0.00,,Y,A,-,N,,,,,,,,,,N,3,0,1,1,A,-,01,23152,A,N,F,I,A,A,H,-,A,D,0,,,Y,,Y,Y,C,02,0,1,0,0,0,0,0,0,1,"- ","- ",,,"SAN LUIS OBISPO","PISMO BEACH",-120.69075012207031,35.166862487792969
9257732,2021,2021-05-04,4005,2021-04-10,1412,P115,2,6,5,2,4005,0,0,0,,0,,"SHELL BEACH RD","EBB TIDE",224.00,N,N,A,-,N,,,,,,,,,,N,3,0,1,1,A,-,03,22350,,N,F,I,A,A,G,-,A,A,0,,Y,,,Y,,L,04,0,1,0,0,0,0,1,0,0,"- ","- ",,,"SAN LUIS OBISPO","PISMO BEACH",-120.69118499755859,35.167362213134766
9257882,2021,2021-04-29,4005,2021-03-27,1639,P115,2,6,5,2,4005,0,0,0,,0,,"SHELL BEACH RD",SPYGLASS,36.00,E,N,A,-,N,,,,,,,,,,Y,4,0,1,3,A,-,09,21804,,N,D,C,A,A,H,-,A,A,0,,,,,Y,,A,01,0,0,1,0,0,0,0,0,0,"- ","- ",,,"SAN LUIS OBISPO","PISMO BEACH",-120.68758392333984,35.163566589355469
9258273,2021,2021-05-04,4005,2021-02-06,1711,P109,4,6,5,2,4005,0,0,0,,0,,"CLIFF AV","SHELL BEACH RD",8.00,W,N,A,-,N,,,,,,,,,,N,4,0,1,2,A,-,10,21950,A,N,G,B,B,A,H,-,A,D,0,Y,,,,Y,,A,01,0,0,1,0,1,0,0,0,0,"- ","- ",,,"SAN LUIS OBISPO","PISMO BEACH",-120.66587066650391,35.155189514160156
9259007,2021,2021-05-13,4002,2021-04-29,2020,478,,4,5,3,4002,0,0,0,,0,,"W GRAND AV","N 6TH ST",0.00,,Y,A,-,N,,,,,,,,,,N,4,0,1,2,A,-,09,21804,A,N,D,G,A,A,H,-,C,A,0,,Y,,,Y,,A,01,0,0,1,0,0,0,1,0,0,"- ","- ",,,"SAN LUIS OBISPO","GROVER BEACH",-120.62394714355469,35.121673583984375
9259447,2021,2021-05-12,4008,2021-04-28,1848,1047,,3,5,4,4008,0,0,0,,0,,"TRAFFIC WY","TUNITAS AV",0.00,,Y,A,-,N,,,,,,,,,,Y,3,0,1,2,A,-,01,23153,A,N,D,C,A,A,H,-,A,D,0,,,,,Y,Y,A,01,0,1,0,0,0,0,0,0,0,"- ","- ",35.493850708007812,-120.66796875,"SAN LUIS OBISPO",ATASCADERO,-120.66796112060547,35.493751525878906
9261939,2021,2021-05-05,4006,2021-04-15,1118,10938,4006,4,5,4,4006,0,0,0,,0,,FOOTHILL,FERRINI,0.00,,Y,A,-,N,,,,,,,,,,N,3,0,1,1,D,-,00,,,N,H,I,A,A,H,-,A,-,0,,Y,,,Y,,-,"- ",0,1,0,0,0,0,1,0,0,"- ","- ",35.294040679931641,-120.67452239990234,"SAN LUIS OBISPO","SAN LUIS OBISPO",-120.67394256591797,35.294113159179688
9261941,2021,2021-05-19,4006,2021-04-01,1742,77891,,4,5,4,4006,0,0,0,,0,,HIGUERA,NIPOMO,38.00,W,N,A,-,N,,,,,,,,,,N,3,0,1,2,A,-,03,22350,,N,C,G,A,A,H,-,A,D,0,,Y,,,Y,,L,04,0,1,0,0,0,0,1,0,0,"- ","- ",35.278118133544922,-120.66593933105469,"SAN LUIS OBISPO","SAN LUIS OBISPO",-120.66583251953125,35.278068542480469
9261942,2021,2021-05-06,4006,2021-04-15,1616,60659,,4,5,4,4006,0,0,0,,0,,HIGUERA,NIPOMO,518.00,W,N,A,-,N,,,,,,,,,,Y,3,0,1,2,A,-,08,22100,B,N,D,C,A,A,H,-,A,D,0,,,,,Y,,A,07,0,1,0,0,0,0,0,0,0,"- ","- ",35.163799285888672,-120.40010070800781,"SAN LUIS OBISPO","SAN LUIS OBISPO",-120.66712951660156,35.277290344238281
9262359,2021,2021-05-18,4004,2021-04-26,1109,1384,,1,5,3,4004,0,0,0,,0,,"RT 46 E","GOLDEN HILL RD",341.00,E,N,A,-,Y,SLO,5,46,-,-,31.370,H,-,W,Y,4,0,1,2,A,-,03,22350,,N,C,C,A,A,H,-,A,A,0,,,,,Y,,D,22,0,0,1,0,0,0,0,0,0,"- ","- ",35.644428253173828,-120.657958984375,"SAN LUIS OBISPO","PASO ROBLES",-120.65702819824219,35.644626617431641
9262902,2021,2021-05-14,4004,2021-04-27,1918,1427,,2,5,3,4004,0,0,0,,0,,"12TH ST","RAILROAD ST",0.00,,Y,A,-,N,,,,,,,,,,,3,0,1,2,A,-,01,23152,A,F,D,C,A,A,H,-,A,A,0,,,,,Y,Y,A,01,0,1,0,0,0,0,0,0,0,"- ","- ",34.626861572265625,-120.68816375732422,"SAN LUIS OBISPO","PASO ROBLES",-120.68820190429688,35.626861572265625
9262903,2021,2021-05-14,4004,2021-04-14,2015,1383,,3,5,3,4004,0,0,0,,0,,"PASO ROBLES ST","13TH ST",520.00,N,N,A,-,N,,,,,,,,,,,4,0,1,2,A,-,11,21954,A,N,G,B,D,A,H,-,C,D,0,Y,,,,Y,,N,60,0,0,1,0,1,0,0,0,0,"- ","- ",35.627651214599609,-120.685546875,"SAN LUIS OBISPO","PASO ROBLES",-120.68631744384766,35.629337310791016
9262904,2021,2021-05-14,4004,2021-04-21,1604,1470,,3,5,3,4004,0,0,0,,0,,"VINE ST","14TH ST",100.00,N,N,A,-,N,,,,,,,,,,Y,2,0,1,2,A,-,08,22100,B,N,D,C,A,A,H,-,A,D,0,,,,,Y,,A,01,1,0,0,0,0,0,0,0,0,"- ","- ",35.628681182861328,-120.69416809082031,"SAN LUIS OBISPO","PASO ROBLES",-120.69413757324219,35.628875732421875
9262965,2021,2021-05-21,4004,2021-04-03,1821,1425,,6,5,3,4004,0,0,0,,0,,"RT 46E","RT 101",0.00,,Y,A,-,Y,SLO,5,46,-,-,29.801,H,-,E,Y,4,0,1,2,A,-,12,21453,A,N,D,C,A,A,H,-,A,A,0,,,,,Y,,A,01,0,0,1,0,0,0,0,0,0,"- ",NF,35.642429351806641,-120.68367767333984,"SAN LUIS OBISPO","PASO ROBLES",-120.68373107910156,35.642963409423828
9262967,2021,2021-05-18,4008,2021-04-15,1546,3125,A,4,5,4,4008,0,0,0,,0,,"MORRO RD","OLD MORRO RD",1599.00,W,N,A,-,Y,SLO,5,41,-,-,10.000,H,-,S,Y,3,0,3,2,A,-,09,21804,A,N,A,C,A,A,H,-,A,D,0,,,,,Y,,A,07,0,2,1,0,0,0,0,0,0,"- ","- ",35.451229095458984,-120.69732666015625,"SAN LUIS OBISPO",ATASCADERO,-120.73838043212891,35.460678100585938
9263202,2021,2021-06-17,4008,2021-05-01,2314,2113,D,6,5,4,4008,0,0,0,,0,,"MORRO RD","EL CAMINO REAL",177.00,E,N,A,-,Y,SLO,5,41,-,R,15.990,H,-,S,N,4,0,1,1,A,-,03,22350,,N,E,J,A,A,H,-,C,D,0,,,Y,,Y,,C,02,0,0,1,0,0,0,0,0,1,"- ","- ",35.486099243164062,-120.66484832763672,"SAN LUIS OBISPO",ATASCADERO,-120.66465759277344,35.486652374267578
9263921,2021,2021-05-27,4005,2021-04-18,1241,P115,6,7,5,2,4005,0,0,0,,0,,DOLLIVER,"OCEAN VIEW",14.00,E,N,A,-,N,,,,,,,,,,N,3,0,1,3,A,-,09,21804,A,N,D,C,A,A,H,-,A,A,0,,,,,Y,,A,01,0,1,0,0,0,0,0,0,0,"- ","- ",,,"SAN LUIS OBISPO","PISMO BEACH",,
9264033,2021,2021-06-07,4005,2021-04-20,1314,P110,6,2,5,2,4005,0,0,0,,0,,"DOLLIVER ST","ADDIE ST",243.00,S,N,A,-,Y,SLO,5,1,-,-,15.270,H,-,N,N,3,0,1,1,C,-,18,,,N,H,-,A,A,H,-,A,D,0,,Y,,,Y,Y,-,"- ",0,1,0,0,0,0,1,0,0,"- ","- ",,,"SAN LUIS OBISPO","PISMO BEACH",-120.63804626464844,35.137165069580078
9264592,2021,2021-05-24,4005,2021-04-15,1459,P115,5,4,5,2,4005,0,0,0,,0,,PRICE,DOLLIVER,26.00,N,N,A,-,N,,,,,,,,,,N,3,0,1,2,A,-,09,21804,A,N,D,G,A,A,H,-,A,A,0,,Y,,,Y,,D,22,0,1,0,0,0,0,1,0,0,"- ","- ",,,"SAN LUIS OBISPO","PISMO BEACH",,
9264620,2021,2021-05-24,4005,2021-04-28,1311,P117,5,3,5,2,4005,0,0,0,,0,,"MAIN ST","DOLLIVER ST",103.00,W,N,A,-,N,,,,,,,,,,Y,4,0,2,2,A,-,21,22106,,N,C,C,A,A,H,-,A,D,0,,,,,Y,,D,22,0,0,2,0,0,0,0,0,0,"- ","- ",,,"SAN LUIS OBISPO","PISMO BEACH",,
9266202,2021,2021-06-08,4006,2021-04-25,1846,19810,,7,5,4,4006,0,0,0,,0,,"SANTA ROSA",PALM,0.00,,Y,B,-,N,,,,,,,,,,Y,2,0,1,2,A,-,09,21801,A,N,B,C,A,A,H,-,A,D,0,,,Y,,Y,,A,01,1,0,0,0,0,0,0,0,1,"- ","- ",35.28350830078125,-120.66075897216797,"SAN LUIS OBISPO","SAN LUIS OBISPO",-120.66075897216797,35.283538818359375
9266431,2021,2021-06-07,4006,2021-04-29,0746,10938,,4,5,4,4006,0,0,0,,0,,ORCUTT,MCMILLAN,0.00,,Y,A,-,N,,,,,,,,,,Y,4,0,3,2,A,-,09,21801,A,N,A,C,A,A,H,-,A,D,0,,,,,Y,,D,22,0,0,3,0,0,0,0,0,0,"- ","- ",35.261428833007812,-120.648193359375,"SAN LUIS OBISPO","SAN LUIS OBISPO",-120.64813995361328,35.261333465576172
9267477,2021,2021-06-10,4004,2021-05-20,1201,928,"2 6",4,5,3,4004,0,0,0,,0,002,"RIVERSIDE AV","PINE ST",0.00,,Y,A,-,N,,,,,,,,,,N,4,0,2,2,A,-,09,21801,A,N,A,C,A,A,H,-,A,D,0,,,,Y,Y,,A,07,0,0,2,0,0,0,0,0,0,"- ","- ",35.617568969726562,-120.68757629394531,"SAN LUIS OBISPO","PASO ROBLES",-120.68762969970703,35.617679595947266
9267478,2021,2021-06-10,4005,2021-05-08,1749,P115,6,6,5,2,4005,0,0,0,,0,,DOLLIVER,OCEANVIEW,18.00,E,N,A,-,N,,,,,,,,,,N,3,0,1,2,A,-,09,21804,,N,D,C,A,A,H,-,A,A,0,,,Y,,Y,,D,22,0,1,0,0,0,0,0,0,1,"- ","- ",,,"SAN LUIS OBISPO","PISMO BEACH",,
9267912,2021,2021-06-01,4001,2021-04-12,1121,P0144,466-3,1,5,3,4001,0,0,0,,0,OPERAT,"EAST GRAND AV","JUNIPER ST",338.00,W,N,A,-,N,,,,,,,,,,Y,4,0,1,2,C,-,18,,,N,B,C,A,A,H,-,A,A,0,,,,,Y,,-,"- ",0,0,1,0,0,0,0,0,0,"- ","- ",,,"SAN LUIS OBISPO","ARROYO GRANDE",-120.60521697998047,35.120773315429688
9267916,2021,2021-06-01,4001,2021-04-06,1504,P0144,46-3,2,5,3,4001,0,0,0,,0,OPERAT,"EAST GRAND AV","ELM ST",312.00,W,N,A,-,N,,,,,,,,,,Y,3,0,1,2,A,-,03,22350,,N,C,C,A,A,H,-,A,A,0,,,,,Y,,D,22,0,1,0,0,0,0,0,0,0,"- ","- ",,,"SAN LUIS OBISPO","ARROYO GRANDE",-120.60149383544922,35.120586395263672
9268239,2021,2021-05-27,4006,2021-05-04,1406,62657,,2,5,4,4006,0,0,0,,0,,"SANTA ROSA",BOYSEN,19.00,S,N,A,-,N,,,,,,,,,,Y,4,0,2,3,A,-,09,21802,A,N,D,C,A,A,H,-,A,A,0,,,,,Y,,A,01,0,0,2,0,0,0,0,0,0,"- ","- ",35.295719146728516,-120.66945648193359,"SAN LUIS OBISPO","SAN LUIS OBISPO",-120.66952514648438,35.295753479003906
9268447,2021,2021-06-22,4008,2021-05-04,1952,2133,B,2,5,4,4008,0,0,0,,0,,"EL CAMINO REAL","JORNADA LN",10.00,N,N,A,-,N,,,,,,,,,,Y,4,0,1,3,A,-,09,21804,A,N,D,C,A,A,H,-,B,D,0,,,,,Y,,A,07,0,0,1,0,0,0,0,0,0,"- ","- ",35.457950592041016,-120.64179992675781,"SAN LUIS OBISPO",ATASCADERO,-120.64180755615234,35.457954406738281
9269445,2021,2021-06-01,4004,2021-05-07,1634,1306,,5,5,3,4004,0,0,0,,0,,"CRESTON RD","SANTA YNEZ AV",0.00,,Y,A,-,N,,,,,,,,,,,4,0,1,2,A,-,12,22450,A,N,D,C,A,A,H,-,A,D,0,,,,,Y,,A,01,0,0,1,0,0,0,0,0,0,"- ","- ",35.610481262207031,-120.65901184082031,"SAN LUIS OBISPO","PASO ROBLES",-120.65901947021484,35.610515594482422
9270390,2021,2021-06-10,4004,2021-05-10,1714,1448,,1,5,3,4004,0,0,0,,0,,"SPRING ST","34TH ST",87.00,S,N,A,-,,,,,,,,,,,,4,0,1,2,A,-,03,22350,,N,C,C,A,A,H,-,A,D,0,,,,,Y,,A,01,0,0,1,0,0,0,0,0,0,"- ","- ",35.649608612060547,-120.69333648681641,"SAN LUIS OBISPO","PASO ROBLES",-120.69330596923828,35.649360656738281
9271409,2021,2021-06-17,4003,2021-02-04,0045,H9596,11,4,5,2,4003,0,0,0,,0,002,"RT 1","MAIN ST",0.00,,Y,A,-,Y,SLO,5,1,-,-,29.730,H,-,N,Y,3,0,2,1,A,-,03,22350,,N,E,I,A,A,H,-,C,A,0,,,,,Y,,A,01,0,1,1,0,0,0,0,0,0,"- ","- ",,,"SAN LUIS OBISPO","MORRO BAY",-120.85276031494141,35.3746337890625
9271858,2021,2021-06-17,4006,2021-05-14,1451,19810,,5,5,4,4006,0,0,0,,0,,CALIFORNIA,TAFT,0.00,,Y,A,-,N,,,,,,,,,,N,3,0,1,2,A,-,09,21802,A,N,B,G,A,A,H,-,A,D,0,,Y,,,Y,,L,04,0,1,0,0,0,0,1,0,0,"- ","- ",35.291011810302734,-120.66033172607422,"SAN LUIS OBISPO","SAN LUIS OBISPO",-120.66030120849609,35.290897369384766
9272393,2021,2021-06-09,4006,2021-04-22,1204,89870,,4,5,4,4006,0,0,0,,0,,"TANK FARM","BROAD ST",830.00,W,N,B,-,N,,,,,,,,,,Y,3,0,1,2,A,-,12,21453,A,N,D,C,A,A,H,-,A,A,0,,,,,Y,,A,01,0,1,0,0,0,0,0,0,0,"- ","- ",35.145000457763672,-120.3843994140625,"SAN LUIS OBISPO","SAN LUIS OBISPO",-120.64553833007812,35.247390747070312
9272394,2021,2021-06-09,4006,2021-04-24,2237,68045,"SAN L",6,5,4,4006,0,0,0,,0,,"LOS OSOS VALLEY RD","CALLE JOAQUIN",0.00,,Y,A,-,N,,,,,,,,,,Y,2,0,3,2,A,-,09,21801,A,N,D,D,A,A,H,-,C,A,0,,,,,Y,,A,01,1,0,2,0,0,0,0,0,0,"- ","- ",35.246650695800781,-120.68316650390625,"SAN LUIS OBISPO","SAN LUIS OBISPO",-120.68264007568359,35.244895935058594
9272395,2021,2021-06-09,4006,2021-04-10,1712,10938,4006,6,5,4,4006,0,0,0,,0,,"SANTA BARBARA",ROUNDHOUSE,0.00,,Y,A,-,N,,,,,,,,,,Y,4,0,1,1,A,-,08,22107,A,N,E,I,A,A,H,-,A,D,0,,,,,Y,,A,01,0,0,1,0,0,0,0,0,0,"- ","- ",35.270610809326172,-120.65643310546875,"SAN LUIS OBISPO","SAN LUIS OBISPO",-120.65634918212891,35.270488739013672
9272396,2021,2021-06-09,4006,2021-04-13,1823,62657,,2,5,4,4006,0,0,0,,0,,OCEANAIRE,"LOS OSOS VALLEY RD",10.00,N,N,A,-,N,,,,,,,,,,N,2,0,1,2,A,-,17,21461,A,N,D,C,A,A,H,-,A,A,0,,Y,,,Y,,L,04,1,0,0,0,0,0,1,0,0,"- ","- ",35.259979248046875,-120.69400787353516,"SAN LUIS OBISPO","SAN LUIS OBISPO",-120.69403839111328,35.259891510009766
9272447,2021,2021-06-07,4001,2021-04-02,1622,P0139,46-1,5,5,3,4001,0,0,0,,0,OPERAT,"LE POINT ST","N MASON ST",125.00,E,N,A,-,N,,,,,,,,,,Y,3,0,2,2,A,-,01,23152,F,N,E,E,A,A,H,-,A,D,0,,,,,Y,,A,01,0,2,0,0,0,0,0,0,0,"- ","- ",,,"SAN LUIS OBISPO","ARROYO GRANDE",-120.57717132568359,35.125621795654297
9272449,2021,2021-06-09,4001,2021-04-09,2127,P0148,46-3,5,5,3,4001,0,0,0,,0,OPERAT,"SOUTH ELM ST","S ELM ST 400",0.00,,Y,A,-,N,,,,,,,,,,Y,2,0,1,3,A,-,01,23152,A,N,E,I,A,A,H,-,C,A,0,,,,,Y,Y,A,01,1,0,0,0,0,0,0,0,0,"- ","- ",,,"SAN LUIS OBISPO","ARROYO GRANDE",-120.60044860839844,35.120529174804688
9272527,2021,2021-06-10,4006,2021-05-08,1754,10938,,6,5,4,4006,0,0,0,,0,,MADONNA,"EL MERCADO",0.00,,Y,A,-,N,,,,,,,,,,Y,3,0,2,2,A,-,09,21802,A,N,A,C,A,A,H,-,A,D,0,,,,,Y,,A,01,0,1,1,0,0,0,0,0,0,"- ","- ",35.263351440429688,-120.67736053466797,"SAN LUIS OBISPO","SAN LUIS OBISPO",-120.67852020263672,35.262550354003906
9275783,2021,2021-06-30,4006,2021-05-18,1502,89870,,2,5,4,4006,0,0,0,,0,,"RT 227","AEROVISTA PL",0.00,,Y,A,-,N,,,,,,,,,,Y,3,0,2,2,A,-,09,21802,A,N,D,C,A,A,H,-,A,A,0,,,,,Y,,A,01,0,1,1,0,0,0,0,0,0,SO,"- ",35.143501281738281,-120.38240051269531,"SAN LUIS OBISPO","SAN LUIS OBISPO",-120.63992309570312,35.243110656738281
9275812,2021,2021-07-01,4004,2021-05-20,0721,1306,,4,5,3,4004,0,0,0,,0,,"RT 46 E","GOLDEN HILL RD",0.00,,Y,A,-,Y,SLO,5,46,-,-,31.310,I,5,E,Y,2,0,6,3,A,-,12,21453,A,N,D,C,A,A,H,-,A,A,0,,,,,Y,,A,01,1,3,2,0,0,0,0,0,0,"- ","- ",35.644428253173828,-120.657958984375,"SAN LUIS OBISPO","PASO ROBLES",-120.65808868408203,35.644428253173828
9276229,2021,2021-08-30,4003,2021-07-04,2135,T4434,7,7,5,2,4003,0,0,0,,0,002,"RT 1","ATASCADERO RD",30.00,N,N,A,-,Y,SLO,5,1,-,-,30.270,R,1,S,N,2,0,1,2,A,-,03,22350,,F,C,C,A,A,H,-,C,D,0,,,,,Y,Y,A,01,1,0,0,0,0,0,0,0,0,SF,"- ",,,"SAN LUIS OBISPO","MORRO BAY",-120.85619354248047,35.381862640380859
9277351,2021,2021-06-09,4008,2021-05-25,1158,2154,A,2,5,4,4008,0,0,0,,0,,"EL CAMINO REAL","ASH ST",97.00,S,N,A,-,N,,,,,,,,,,N,4,0,1,2,A,-,21,22106,,N,D,C,A,A,H,-,A,D,0,,,,,Y,,M,47,0,0,1,0,0,0,0,0,0,"- ","- ",35.462799072265625,-120.64582061767578,"SAN LUIS OBISPO",ATASCADERO,-120.64567565917969,35.462558746337891
9277352,2021,2021-06-09,4008,2021-05-27,2326,3153,B,4,5,4,4008,0,0,0,,0,4008,"LAKE VIEW DR","SANTA ROSA RD",250.00,N,N,A,-,N,,,,,,,,,,N,4,0,1,1,A,-,00,23103,A,N,F,A,A,A,H,-,C,D,0,,,,,Y,,A,01,0,0,1,0,0,0,0,0,0,"- ","- ",35.461898803710938,-120.66346740722656,"SAN LUIS OBISPO",ATASCADERO,-120.66404724121094,35.462146759033203
9278333,2021,2021-08-17,4008,2021-06-03,1104,3125,C,4,5,4,4008,0,0,0,,0,,"LA LINIA AV","EL CAMINO REAL",5.00,W,N,A,-,N,,,,,,,,,,N,3,0,1,2,A,-,05,21650,1,N,H,G,A,A,H,-,A,A,0,,Y,,,Y,,L,04,0,1,0,0,0,0,1,0,0,"- ","- ",35.47003173828125,-120.65254211425781,"SAN LUIS OBISPO",ATASCADERO,-120.65254974365234,35.47003173828125
9278389,2021,2021-06-28,4001,2021-05-21,1903,P0154,46-1,5,5,3,4001,0,0,0,,0,OPERAT,"TRAFFIC WY","WEST BRANCH ST",125.00,E,N,B,-,N,,,,,,,,,,Y,4,0,1,3,A,-,01,23152,A,N,C,C,A,A,H,-,A,A,0,,,,,Y,Y,D,22,0,0,1,0,0,0,0,0,0,"- ","- ",,,"SAN LUIS OBISPO","ARROYO GRANDE",-120.58094024658203,35.122325897216797
9279846,2021,2021-08-11,4008,2021-06-04,1209,3125,C,5,5,4,4008,0,0,0,,0,,"MORRO RD","PORTOLA RD",193.00,E,N,A,-,Y,SLO,5,41,-,-,14.700,H,-,N,N,3,0,5,3,A,-,03,22350,,N,C,C,A,A,H,-,A,D,0,,,,,Y,,D,22,0,2,3,0,0,0,0,0,0,"- ","- ",35.469051361083984,-120.67001342773438,"SAN LUIS OBISPO",ATASCADERO,-120.67014312744141,35.468265533447266
9279973,2021,2021-07-15,4005,2021-06-07,1822,P112,7,1,5,2,4005,0,0,0,,0,,"A ST","FIVE CITIES DR",60.00,S,N,A,-,N,,,,,,,,,,N,3,0,1,2,A,-,10,21950,A,N,A,B,D,A,H,-,A,D,0,Y,,,,Y,,A,01,0,1,0,0,1,0,0,0,0,"- ","- ",,,"SAN LUIS OBISPO","PISMO BEACH",,
9280163,2021,2021-06-28,4008,2021-05-10,1536,2154,A,1,5,4,4008,0,0,0,,0,,"MORRO RD","OLD MORRO RD",382.00,W,N,A,-,Y,SLO,5,41,-,-,12.520,H,-,S,Y,4,0,1,1,A,-,08,22107,,N,F,J,A,A,H,-,A,D,0,,,Y,,Y,,C,06,0,0,1,0,0,0,0,0,1,"- ","- ",35.451229095458984,-120.69732666015625,"SAN LUIS OBISPO",ATASCADERO,-120.69876861572266,35.450717926025391
9281812,2021,2021-06-28,4001,2021-05-22,0826,P0148,46-3,6,5,3,4001,0,0,0,,0,OPERAT,"S OAK PARK BL","DIXSON ST",0.00,,Y,A,-,N,,,,,,,,,,Y,4,0,1,2,A,-,09,21802,A,N,D,C,A,A,H,-,A,A,0,,,,,Y,Y,A,01,0,0,1,0,0,0,0,0,0,"- ","- ",,,"SAN LUIS OBISPO","ARROYO GRANDE",-120.60756683349609,35.112239837646484