CASE_ID,ACCIDENT_YEAR,PROC_DATE,JURIS,COLLISION_DATE,COLLISION_TIME,OFFICER_ID,REPORTING_DISTRICT,DAY_OF_WEEK,CHP_SHIFT,POPULATION,CNTY_CITY_LOC,SPECIAL_COND,BEAT_TYPE,CHP_BEAT_TYPE,CITY_DIVISION_LAPD,CHP_BEAT_CLASS,BEAT_NUMBER,PRIMARY_RD,SECONDARY_RD,DISTANCE,DIRECTION,INTERSECTION,WEATHER_1,WEATHER_2,STATE_HWY_IND,CALTRANS_COUNTY,CALTRANS_DISTRICT,STATE_ROUTE,ROUTE_SUFFIX,POSTMILE_PREFIX,POSTMILE,LOCATION_TYPE,RAMP_INTERSECTION,SIDE_OF_HWY,TOW_AWAY,COLLISION_SEVERITY,NUMBER_KILLED,NUMBER_INJURED,PARTY_COUNT,PRIMARY_COLL_FACTOR,PCF_CODE_OF_VIOL,PCF_VIOL_CATEGORY,PCF_VIOLATION,PCF_VIOL_SUBSECTION,HIT_AND_RUN,TYPE_OF_COLLISION,MVIW,PED_ACTION,ROAD_SURFACE,ROAD_COND_1,ROAD_COND_2,LIGHTING,CONTROL_DEVICE,CHP_ROAD_TYPE,PEDESTRIAN_ACCIDENT,BICYCLE_ACCIDENT,MOTORCYCLE_ACCIDENT,TRUCK_ACCIDENT,NOT_PRIVATE_PROPERTY,ALCOHOL_INVOLVED,STWD_VEHTYPE_AT_FAULT,CHP_VEHTYPE_AT_FAULT,COUNT_SEVERE_INJ,COUNT_VISIBLE_INJ,COUNT_COMPLAINT_PAIN,COUNT_PED_KILLED,COUNT_PED_INJURED,COUNT_BICYCLIST_KILLED,COUNT_BICYCLIST_INJURED,COUNT_MC_KILLED,COUNT_MC_INJURED,PRIMARY_RAMP,SECONDARY_RAMP,LATITUDE,LONGITUDE,COUNTY,CITY,POINT_X,POINT_Y
9281856,2021,2021-06-24,4001,2021-05-19,0055,P0130,463,3,5,3,4001,0,0,0,,0,OPERAT,"EL CAMINO REAL","N OAK PARK BL",77.00,S,N,A,-,N,,,,,,,,,,Y,2,0,1,1,A,-,03,22350,,N,E,I,A,A,H,-,C,D,0,,,,,Y,,A,01,1,0,0,0,0,0,0,0,0,"- ","- ",,,"SAN LUIS OBISPO","ARROYO GRANDE",-120.60685729980469,35.129501342773438
9281857,2021,2021-08-18,4001,2021-05-15,1906,P0154,461,6,5,3,4001,0,0,0,,0,OPERA,"E BRANCH ST","E BRANCH ST 500",0.00,,Y,B,-,N,,,,,,,,,,Y,4,0,1,3,A,-,08,22107,,N,B,E,A,A,H,-,A,D,0,,,,,Y,,A,01,0,0,1,0,0,0,0,0,0,"- ","- ",,,"SAN LUIS OBISPO","ARROYO GRANDE",-120.57901000976562,35.123302459716797
9281858,2021,2021-06-24,4001,2021-05-08,1408,P0139,462,6,5,3,4001,0,0,0,,0,OPERA,"EAST GRAND AV","E GRAND AV 222",0.00,,Y,A,-,N,,,,,,,,,,N,3,0,1,2,A,-,09,21804,A,N,G,G,A,A,H,-,A,D,0,,Y,,,Y,,A,01,0,1,0,0,0,0,1,0,0,"- ","- ",,,"SAN LUIS OBISPO","ARROYO GRANDE",-120.58495330810547,35.120952606201172
9283739,2021,2021-08-02,4008,2021-06-19,1215,3125,C,6,5,4,4008,0,0,0,,0,,"EL CAMINO REAL","SAN GABRIEL ST",13.00,N,N,A,-,N,,,,,,,,,,Y,4,0,2,2,A,-,09,21804,B,N,D,C,A,A,H,-,A,D,0,,,,,Y,,A,07,0,0,2,0,0,0,0,0,0,"- ","- ",35.463558197021484,-120.64643096923828,"SAN LUIS OBISPO",ATASCADERO,-120.64652252197266,35.463558197021484
9283740,2021,2021-08-02,4008,2021-06-09,0758,2154,,3,5,4,4008,0,0,0,,0,,"EL CAMINO REAL","PLATA LN",357.00,S,N,A,-,N,,,,,,,,,,N,4,0,1,2,A,-,10,21952,,N,G,B,F,A,H,-,A,D,0,Y,,,,Y,,A,01,0,0,1,0,1,0,0,0,0,"- ","- ",35.472499847412109,-120.65357971191406,"SAN LUIS OBISPO",ATASCADERO,-120.65328979492188,35.471584320068359
9284661,2021,2021-08-04,4005,2021-06-15,1705,P112,2,2,5,2,4005,0,0,0,,0,,"SHELL BEACH RD","SEACLIFF DR",360.00,S,N,A,-,N,,,,,,,,,,N,2,0,1,2,A,-,11,21956,A,N,B,B,E,A,H,-,A,D,0,Y,,,,Y,,N,60,1,0,0,0,1,0,0,0,0,"- ","- ",,,"SAN LUIS OBISPO","PISMO BEACH",-120.68426513671875,35.16241455078125
9286262,2021,2021-07-20,4008,2021-06-10,1406,2154,A,4,5,4,4008,0,0,0,,0,,"MORRO RD","OLD MORRO RD",2254.00,W,N,A,-,Y,SLO,5,41,-,-,12.160,H,-,N,Y,2,0,1,2,A,-,08,22100,A,N,D,C,A,A,H,-,A,D,0,,,Y,,Y,,C,02,1,0,0,0,0,0,0,0,1,"- ","- ",35.451229095458984,-120.69732666015625,"SAN LUIS OBISPO",ATASCADERO,-120.70445251464844,35.451091766357422
9287753,2021,2021-12-15,4008,2021-07-02,0823,2133,,5,5,4,4008,0,0,0,,0,,"MORRO RD","MILE MARKER 12",20.00,S,N,A,-,Y,SLO,5,41,-,-,11.990,H,-,N,Y,3,0,1,1,B,-,22,,,N,F,A,A,A,H,-,A,D,0,,,,,Y,,A,01,0,1,0,0,0,0,0,0,0,"- ","- ",,,"SAN LUIS OBISPO",ATASCADERO,-120.70729064941406,35.4515380859375
9288148,2021,2021-08-02,4002,2021-06-26,2348,339,,6,5,3,4002,0,0,0,,0,,"S 14TH ST","MENTONE AV",0.00,,Y,A,-,N,,,,,,,,,,N,4,0,1,2,A,-,05,21650,1,N,A,G,A,A,H,-,D,A,0,,Y,,,Y,,L,04,0,0,1,0,0,0,1,0,0,"- ","- ",,,"SAN LUIS OBISPO","GROVER BEACH",-120.614501953125,35.115066528320312
9290205,2021,2021-08-20,4008,2021-07-02,2224,2054,,5,5,4,4008,0,0,0,,0,,"WEST FRONT RD","SANTA ROSA RD",19.00,S,N,A,-,N,,,,,,,,,,N,4,0,1,2,A,-,05,21650,,N,A,A,A,A,H,-,C,A,0,,,Y,,Y,,C,02,0,0,1,0,0,0,0,0,1,"- ","- ",,,"SAN LUIS OBISPO",ATASCADERO,-120.65201568603516,35.465492248535156
9290206,2021,2021-08-20,4008,2021-07-06,1150,2154,A,2,5,4,4008,0,0,0,,0,,"EL CAMINO REAL","PUEBLO AV",979.00,N,N,A,-,N,,,,,,,,,,Y,4,0,1,2,A,-,09,21804,A,N,B,C,A,A,H,-,A,D,0,,,,,Y,,A,01,0,0,1,0,0,0,0,0,0,"- ","- ",35.4805908203125,-120.65827941894531,"SAN LUIS OBISPO",ATASCADERO,-120.65999603271484,35.482700347900391
9290691,2021,2021-08-25,4008,2021-07-08,2055,3153,,4,5,4,4008,0,0,0,,0,,"PORTOLA RD","MARCHANT AV",325.00,E,N,A,-,N,,,,,,,,,,Y,3,0,1,1,A,-,08,22107,,N,E,J,A,A,H,-,C,D,0,,,,,Y,Y,A,01,0,1,0,0,0,0,0,0,0,"- ","- ",35.468238830566406,-120.66722106933594,"SAN LUIS OBISPO",ATASCADERO,-120.66610717773438,35.467716217041016
9290692,2021,2021-08-25,4008,2021-07-14,0912,2154,A,3,5,4,4008,0,0,0,,0,,"SANTA ROSA RD","EL CAMINO REAL",21.00,W,N,A,-,N,,,,,,,,,,N,4,0,1,2,A,-,04,21703,,F,C,C,A,A,H,-,A,A,0,,,,,Y,,A,01,0,0,1,0,0,0,0,0,0,"- ","- ",35.466781616210938,-120.64968109130859,"SAN LUIS OBISPO",ATASCADERO,-120.64962768554688,35.466819763183594
9290750,2021,2021-07-16,4006,2021-05-24,1502,16380,,1,5,4,4006,0,0,0,,0,,MADONNA,DALIDIO,30.00,E,N,A,-,N,,,,,,,,,,N,4,0,1,2,D,-,00,,,N,C,C,A,A,H,-,A,D,0,,,,,Y,,-,"- ",0,0,1,0,0,0,0,0,0,"- ","- ",35.261440277099609,-120.68007659912109,"SAN LUIS OBISPO","SAN LUIS OBISPO",-120.68008422851562,35.261394500732422
9290912,2021,2021-07-29,4006,2021-06-04,1231,19810,,5,5,4,4006,0,0,0,,0,,BROAD,HIGH,0.00,,Y,A,-,N,,,,,,,,,,Y,4,0,1,2,A,-,08,22107,,N,D,C,A,A,H,-,A,D,0,,,,,Y,,A,01,0,0,1,0,0,0,0,0,0,"- ","- ",35.272239685058594,-120.6585693359375,"SAN LUIS OBISPO","SAN LUIS OBISPO",-120.65853118896484,35.272224426269531
9291080,2021,2021-07-20,4006,2021-06-12,1525,59980,,6,5,4,4006,0,0,0,,0,,OSOS,"SANTA BARBARA",0.00,,Y,A,-,N,,,,,,,,,,N,3,0,1,2,A,-,08,22107,,N,B,E,A,A,H,-,A,A,0,,Y,,,Y,,L,04,0,1,0,0,0,0,1,0,0,"- ","- ",35.275981903076172,-120.65657043457031,"SAN LUIS OBISPO","SAN LUIS OBISPO",-120.65653991699219,35.276092529296875
9291240,2021,2021-07-27,4002,2021-06-27,1726,339,,7,5,3,4002,0,0,0,,0,,"RAMONA AV","N 16TH ST",0.00,,Y,A,-,N,,,,,,,,,,N,3,0,1,1,A,-,12,22450,A,N,H,A,A,A,H,-,A,A,0,,,Y,,Y,,C,02,0,1,0,0,0,0,0,0,1,"- ","- ",,,"SAN LUIS OBISPO","GROVER BEACH",-120.61152648925781,35.122138977050781
9294035,2021,2021-09-10,4004,2021-07-13,1020,1349,,2,5,3,4004,0,0,0,,0,,"24TH ST","PARK ST",0.00,,Y,A,-,N,,,,,,,,,,N,2,0,1,2,A,-,11,21950,B,N,G,B,D,A,H,-,A,D,0,Y,,,,Y,,N,60,1,0,0,0,1,0,0,0,0,"- ","- ",35.639308929443359,-120.69120025634766,"SAN LUIS OBISPO","PASO ROBLES",-120.69116973876953,35.639244079589844
9294123,2021,2021-08-02,4001,2021-06-20,1224,P0148,462,7,5,3,4001,0,0,0,,0,OPERA,"EL CAMINO REAL","N OAK PARK BL",0.00,,Y,A,-,N,,,,,,,,,,N,4,0,1,2,A,-,03,22350,,N,C,D,A,A,H,-,A,A,0,,,,,Y,,D,22,0,0,1,0,0,0,0,0,0,"- ","- ",,,"SAN LUIS OBISPO","ARROYO GRANDE",-120.60685729980469,35.129501342773438
9294523,2021,2021-08-10,4001,2021-06-27,1745,P0154,462,7,5,3,4001,0,0,0,,0,OPERA,"N OAK PARK BL","JAMES WY",0.00,,N,A,-,N,,,,,,,,,,Y,3,0,1,1,A,-,08,22107,,N,E,I,A,A,H,-,A,D,0,,,Y,,Y,,C,02,0,1,0,0,0,0,0,0,1,"- ","- ",,,"SAN LUIS OBISPO","ARROYO GRANDE",-120.60527801513672,35.133983612060547
9294526,2021,2021-08-10,4001,2021-06-15,1116,P0144,462,2,5,3,4001,0,0,0,,0,OPERA,"WEST BRANCH ST","RODEO DR",0.00,,N,A,-,N,,,,,,,,,,N,3,0,1,2,A,-,08,22107,,N,B,G,A,A,H,-,A,D,0,,Y,,,Y,,L,04,0,1,0,0,0,0,1,0,0,"- ","- ",,,"SAN LUIS OBISPO","ARROYO GRANDE",-120.5911865234375,35.124172210693359
9294985,2021,2021-08-18,4006,2021-07-03,1137,19810,,6,5,4,4006,0,0,0,,0,,HIGUERA,MADONNA,125.00,N,N,A,-,N,,,,,,,,,,N,3,0,1,2,A,-,08,22107,,F,B,G,A,A,H,-,A,D,0,,Y,,,Y,,A,01,0,1,0,0,0,0,1,0,0,"- ","- ",35.268638610839844,-120.67030334472656,"SAN LUIS OBISPO","SAN LUIS OBISPO",-120.67041778564453,35.268611907958984
9294986,2021,2021-08-12,4006,2021-07-09,1400,10938,4006,5,5,4,4006,0,0,0,,0,,SOUTH,"HIGUERA S",0.00,,Y,A,-,N,,,,,,,,,,N,4,0,2,2,A,-,03,22350,,F,C,C,A,A,H,-,A,A,0,,,,,Y,,-,,0,0,2,0,0,0,0,0,0,"- ","- ",35.269550323486328,-120.66983795166016,"SAN LUIS OBISPO","SAN LUIS OBISPO",-120.67028045654297,35.269550323486328
9295483,2021,2021-08-12,4006,2021-06-21,1321,10938,4006,1,5,4,4006,0,0,0,,0,,BROAD,SOUTH,0.00,,Y,A,-,N,,,,,,,,,,N,3,0,1,2,A,-,03,22350,,N,D,G,A,A,A,-,A,A,0,,Y,,,Y,,L,04,0,1,0,0,0,0,1,0,0,"- ","- ",,,"SAN LUIS OBISPO","SAN LUIS OBISPO",-120.65655517578125,35.269794464111328
9298840,2021,2021-08-28,4006,2021-07-20,1915,68099,,2,5,4,4006,0,0,0,,0,,MONTEREY,CALIFORNIA,0.00,,Y,A,-,N,,,,,,,,,,N,2,0,1,2,A,-,10,21950,A,N,G,B,B,A,H,-,A,A,0,Y,,,,Y,,D,23,1,0,0,0,1,0,0,0,0,"- ","- ",35.28607177734375,-120.65470123291016,"SAN LUIS OBISPO","SAN LUIS OBISPO",-120.65460968017578,35.286109924316406
9298844,2021,2021-08-16,4006,2021-07-03,2330,98169,,6,5,4,4006,0,0,0,,0,,"LOS OSOS VALLEY","CALLE JOAQUIN",0.00,,Y,B,-,N,,,,,,,,,,Y,3,0,5,2,A,-,09,21801,A,N,F,D,A,A,H,-,C,A,0,,,,,Y,,A,07,0,5,0,0,0,0,0,0,0,"- ","- ",35.246719360351562,-120.68325805664062,"SAN LUIS OBISPO","SAN LUIS OBISPO",-120.68264007568359,35.244895935058594
9299101,2021,2021-08-24,4003,2021-06-29,2039,M95282,5,2,5,2,4003,0,0,0,,0,001,"MORRO BAY BL","QUINTANA RD",0.00,,N,A,-,N,,,,,,,,,,N,4,0,1,2,A,-,09,21800,A,N,D,C,A,A,H,-,C,A,0,,,,Y,Y,,F,26,0,0,1,0,0,0,0,0,0,"- ","- ",,,"SAN LUIS OBISPO","MORRO BAY",-120.84091186523438,35.36651611328125
9299719,2021,2021-09-13,4002,2021-07-29,2201,672,,4,5,3,4002,0,0,0,,0,,"14TH ST","MENTONE AV",90.00,S,N,A,-,N,,,,,,,,,,N,4,0,1,2,A,-,03,22350,,N,C,C,A,A,H,-,D,A,0,,,,,Y,,A,01,0,0,1,0,0,0,0,0,0,"- ","- ",,,"SAN LUIS OBISPO","GROVER BEACH",-120.61451721191406,35.114822387695312
9300621,2021,2021-08-28,4005,2021-07-04,1851,P115,6,7,5,2,4005,0,0,0,,0,,DOLLIVER,"STIMSON AV",22.00,E,N,A,-,N,,,,,,,,,,Y,4,0,1,2,A,-,09,21804,A,N,D,C,A,A,H,-,A,A,0,,,,,Y,,D,22,0,0,1,0,0,0,0,0,0,"- ","- ",,,"SAN LUIS OBISPO","PISMO BEACH",,
9300805,2021,2021-08-10,4005,2021-06-27,1510,P109,5,7,5,2,4005,0,0,0,,0,,"SAN LUIS AV","DOLLIVER ST",0.00,,Y,A,-,N,,,,,,,,,,Y,4,0,1,2,A,-,06,21755,,N,D,C,A,A,H,-,A,D,0,,,Y,,Y,,C,02,0,0,1,0,0,0,0,0,1,"- ","- ",,,"SAN LUIS OBISPO","PISMO BEACH",,
9300890,2021,2021-08-19,4005,2021-07-04,1710,P115,4,7,5,2,4005,0,0,0,,0,,"SHELL BEACH RD",PALISADE,10.00,E,N,A,-,N,,,,,,,,,,N,3,0,2,2,A,-,09,21804,A,F,D,G,A,A,H,-,A,A,0,,Y,,,Y,,L,04,0,1,1,0,0,0,1,0,0,"- ","- ",,,"SAN LUIS OBISPO","PISMO BEACH",-120.66706848144531,35.155677795410156
9301432,2021,2021-08-30,4002,2021-07-24,1909,672,,6,5,3,4002,0,0,0,,0,,"PACIFIC BL","PACIFIC BL 1001",0.00,,Y,A,-,Y,SLO,5,1,-,-,13.360,H,-,S,Y,3,0,2,2,A,-,09,21800,A,N,A,C,A,A,H,-,A,A,0,,,,,Y,,A,01,0,1,1,0,0,0,0,0,0,"- ","- ",,,"SAN LUIS OBISPO","GROVER BEACH",-120.62560272216797,35.112052917480469
9301713,2021,2023-06-20,4002,2021-07-13,1436,093,101,2,5,3,4002,0,0,0,,0,,"N 4TH ST","NEWPORT AV",73.00,S,N,A,-,N,,,,,,,,,,Y,1,1,0,2,A,-,01,23152,F,N,D,C,A,A,H,-,A,A,0,,,Y,,Y,Y,C,02,0,0,0,0,0,0,0,1,0,"- ","- ",,,"SAN LUIS OBISPO","GROVER BEACH",-120.62615203857422,35.125408172607422
9303604,2021,2021-09-02,4003,2021-06-30,1230,M96870,6,3,5,2,4003,0,0,0,,0,001,"SOUTH BAY BL","PARK VIEW DR",0.00,,-,A,-,N,,,,,,,,,,Y,2,0,1,1,A,-,08,22107,,N,F,A,A,A,H,-,A,D,0,,,Y,,Y,,C,02,1,0,0,0,0,0,0,0,1,"- ","- ",,,"SAN LUIS OBISPO","MORRO BAY",,
9308376,2021,2021-08-26,4003,2021-07-16,1149,P114700,5,5,5,2,4003,0,0,0,,0,001,"SOUTH BAY BL","TELEPHONE POLE #120323756",0.00,,-,A,-,N,,,,,,,,,,Y,4,0,1,2,A,-,08,22107,,N,F,J,A,A,H,-,A,A,0,,,,,Y,,A,01,0,0,1,0,0,0,0,0,0,"- ","- ",,,"SAN LUIS OBISPO","MORRO BAY",,
9308378,2021,2021-09-03,4003,2021-07-15,0749,P114700,7,4,5,2,4003,0,0,0,,0,002,"RT 1","EMERALD CIR",33.00,N,N,B,-,Y,SLO,5,1,-,-,30.640,H,-,S,Y,3,0,1,1,D,-,00,,,N,A,I,A,A,H,-,A,A,0,,,,,Y,,-,"- ",0,1,0,0,0,0,0,0,0,"- ","- ",,,"SAN LUIS OBISPO","MORRO BAY",-120.85807037353516,35.387004852294922
9312174,2021,2021-09-03,4006,2021-07-28,1820,16380,,3,5,4,4006,0,0,0,,0,,"RT 1",OAK,112.00,S,N,A,-,Y,SLO,5,1,-,-,16.970,H,-,N,Y,4,0,1,2,A,-,09,21804,A,N,D,C,A,A,H,-,A,D,0,,,,,Y,,A,07,0,0,1,0,0,0,0,0,0,"- ","- ",35.28887939453125,-120.66544342041016,"SAN LUIS OBISPO","SAN LUIS OBISPO",-120.66547393798828,35.288928985595703
9312216,2021,2021-09-17,4008,2021-08-01,1837,2113,,7,5,4,4008,0,0,0,,0,,"MORRO RD","RT 101",0.00,,Y,A,-,Y,SLO,5,41,-,-,15.867,I,5,N,Y,4,0,1,2,A,-,12,21453,A,N,D,C,A,A,H,-,A,A,0,,,,,Y,,A,01,0,0,1,0,0,0,0,0,0,"- ",SF,35.484859466552734,-120.66522216796875,"SAN LUIS OBISPO",ATASCADERO,-120.66521453857422,35.484916687011719
9312237,2021,2021-09-16,4001,2021-07-11,2148,P0106,46-3,7,5,3,4001,0,0,0,,0,OPERAT,"EAST GRAND AV","EL CAMINO REAL",0.00,,Y,A,-,N,,,,,,,,,,Y,3,0,1,2,A,-,09,21801,A,N,D,A,A,A,H,-,C,D,0,,,,,Y,,A,07,0,1,0,0,0,0,0,0,0,"- ","- ",,,"SAN LUIS OBISPO","ARROYO GRANDE",-120.58357238769531,35.121429443359375
9312352,2021,2021-09-13,4008,2021-08-10,0813,2154,A,2,5,4,4008,0,0,0,,0,,"MORRO RD","ATASCADERO AV",344.00,W,N,A,-,Y,SLO,5,41,-,-,15.500,H,-,N,N,4,0,1,2,A,-,04,21703,,N,C,C,A,A,H,-,A,D,0,,,,,Y,,A,08,0,0,1,0,0,0,0,0,0,"- ","- ",35.480758666992188,-120.66655731201172,"SAN LUIS OBISPO",ATASCADERO,-120.66674041748047,35.479663848876953
9312867,2021,2021-08-31,4006,2021-07-20,1400,1796,554,2,5,4,4006,0,0,0,,0,OHV264,"OCEANO DUNES SVRA","POST 4",225.00,S,N,A,-,N,,,,,,,,,,N,4,0,1,1,A,-,03,38305,,N,A,A,A,A,H,-,A,D,0,,,Y,,Y,,C,06,0,0,1,0,0,0,0,0,1,"- ","- ",,,"SAN LUIS OBISPO","SAN LUIS OBISPO",-118.06655883789062,33.712993621826172
9313034,2021,2021-09-15,4006,2021-07-13,1210,89870,,2,5,4,4006,0,0,0,,0,,CALIFORNIA,MONTEREY,0.00,,Y,A,-,N,,,,,,,,,,N,3,0,1,2,A,-,11,21954,A,N,G,B,D,A,H,-,A,A,0,Y,,,,Y,,N,60,0,1,0,0,1,0,0,0,0,"- ","- ",35.1708984375,-120.3916015625,"SAN LUIS OBISPO","SAN LUIS OBISPO",-120.65460968017578,35.286109924316406
9313035,2021,2021-09-15,4006,2021-07-20,1051,10938,4006,2,5,4,4006,0,0,0,,0,,MONTEREY,PEPPER,0.00,,Y,A,-,N,,,,,,,,,,N,3,0,1,2,A,-,08,22107,,N,D,G,A,A,H,-,A,D,0,,Y,,,Y,,D,22,0,1,0,0,0,0,1,0,0,"- ","- ",35.285640716552734,-120.65534210205078,"SAN LUIS OBISPO","SAN LUIS OBISPO",-120.65594482421875,35.285202026367188
9313036,2021,2021-10-08,4006,2021-08-05,0856,89870,,4,5,4,4006,0,0,0,,0,,HIGUERA,NIPOMO,201.00,W,N,B,-,N,,,,,,,,,,Y,4,0,1,2,A,-,00,22100,D,N,D,C,A,A,H,-,A,D,0,,,,,Y,,A,01,0,0,1,0,0,0,0,0,0,"- ","- ",35.163898468017578,-120.39579772949219,"SAN LUIS OBISPO","SAN LUIS OBISPO",-120.66627502441406,35.277805328369141
9313314,2021,2021-09-14,4008,2021-07-18,0118,4104,,7,5,4,4008,0,0,0,,0,,"SAN ANSELMO RD","ESTRADA AV",0.00,,Y,A,-,N,,,,,,,,,,Y,4,0,1,1,A,-,03,22350,,N,E,I,A,A,H,-,C,A,0,,,,,Y,Y,A,01,0,0,1,0,0,0,0,0,0,"- ","- ",35.510280609130859,-120.67652893066406,"SAN LUIS OBISPO",ATASCADERO,-120.67662048339844,35.510417938232422
9313678,2021,2021-09-10,4006,2021-07-22,1321,89870,,4,5,4,4006,0,0,0,,0,,HIGUERA,PACIFIC,188.00,N,N,A,-,N,,,,,,,,,,N,3,0,1,2,A,-,08,21717,,N,G,C,A,A,H,-,A,D,0,,,,,Y,,A,01,0,1,0,0,0,0,0,0,0,"- ","- ",35.162601470947266,-120.40090179443359,"SAN LUIS OBISPO","SAN LUIS OBISPO",-120.66946411132812,35.274089813232422
9313679,2021,2021-09-10,4006,2021-07-24,1511,99002,,6,5,4,4006,0,0,0,,0,210724,"S HIGUERA","S HIGUERA 3860",0.00,,N,A,-,N,,,,,,,,,,N,3,0,1,2,D,-,00,,,N,A,G,A,A,H,-,A,D,0,,Y,,,Y,,-,"- ",0,1,0,0,0,0,1,0,0,"- ","- ",,,"SAN LUIS OBISPO","SAN LUIS OBISPO",-120.67044067382812,35.263710021972656
9313680,2021,2021-09-10,4006,2021-07-28,1730,68370,,3,5,4,4006,0,0,0,,0,,MADONNA,"RT 101",6.00,W,N,A,-,N,,,,,,,,,,N,4,0,1,2,A,-,08,22107,,N,D,G,A,A,H,-,A,D,0,,Y,,,Y,,A,01,0,0,1,0,0,0,1,0,0,"- ",SF,35.264480590820312,-120.67548370361328,"SAN LUIS OBISPO","SAN LUIS OBISPO",,
9316158,2021,2021-09-20,4008,2021-08-06,2155,5155,,5,5,4,4008,0,0,0,,0,,"EL CAMINO REAL",MORRO,10.00,N,N,A,-,N,,,,,,,,,,Y,4,0,1,1,A,-,08,22107,,N,E,I,A,A,H,-,C,A,0,,,,,Y,,A,07,0,0,1,0,0,0,0,0,0,"- ","- ",35.485118865966797,-120.66352844238281,"SAN LUIS OBISPO",ATASCADERO,-120.66510009765625,35.485424041748047
9316695,2021,2021-09-11,4002,2021-07-30,2000,922,,5,5,3,4002,0,0,0,,0,,"12TH ST","EL CAMINO REAL",0.00,,Y,A,-,N,,,,,,,,,,N,4,0,2,2,A,-,09,21801,A,M,D,C,A,A,H,-,A,D,0,,,,,Y,,A,01,0,0,2,0,0,0,0,0,0,"- ","- ",,,"SAN LUIS OBISPO","GROVER BEACH",-120.6121826171875,35.130878448486328
9316705,2021,2021-09-16,4001,2021-07-24,1702,P0156,463,6,5,3,4001,0,0,0,,0,OPERAT,"EL CAMINO REAL","ROBLES RD",323.00,W,N,A,-,N,,,,,,,,,,N,4,0,1,1,A,-,08,22107,,N,E,I,A,A,H,-,A,D,0,,,Y,,Y,,C,02,0,0,1,0,0,0,0,0,1,"- ","- ",,,"SAN LUIS OBISPO","ARROYO GRANDE",-120.60276031494141,35.128627777099609
9316706,2021,2021-09-16,4001,2021-07-12,1728,P0139,463,1,5,3,4001,0,0,0,,0,OPERAT,"EAST GRAND AV","S HALCYON RD",0.00,,-,A,-,N,,,,,,,,,,N,2,0,1,2,A,-,11,21456,C,N,G,B,B,A,H,-,A,A,0,Y,,,,Y,,N,60,1,0,0,0,1,0,0,0,0,"- ","- ",,,"SAN LUIS OBISPO","ARROYO GRANDE",-120.59158325195312,35.118701934814453
9318176,2021,2021-10-02,4008,2021-08-03,0939,5151,A,2,5,4,4008,0,0,0,,0,,"TRAFFIC WY","BARRENDA AV",238.00,E,N,A,-,N,,,,,,,,,,Y,3,0,1,3,A,-,21,22106,,N,B,C,A,A,H,-,A,D,0,,,,,Y,,A,01,0,1,0,0,0,0,0,0,0,"- ","- ",35.497459411621094,-120.66699981689453,"SAN LUIS OBISPO",ATASCADERO,-120.66655731201172,35.497974395751953
9318772,2021,2021-09-18,4006,2021-08-14,1336,10938,4006,6,5,4,4006,0,0,0,,0,,JOHNSON,BISHOP,0.00,,Y,A,-,N,,,,,,,,,,Y,3,0,1,3,A,-,08,22107,,N,D,C,A,A,H,-,A,D,0,,Y,,,Y,,L,04,0,1,0,0,0,0,0,0,0,"- ","- ",35.272869110107422,-120.64494323730469,"SAN LUIS OBISPO","SAN LUIS OBISPO",-120.64633178710938,35.274295806884766
9319145,2021,2021-10-04,4006,2021-08-05,1620,1716,554,4,5,4,4006,0,0,0,,0,264,"SAND HIGHWAY #21","SAND HWY #21",600.00,W,N,A,-,N,,,,,,,,,,N,3,0,1,1,A,-,03,38305,,N,H,A,A,A,G,-,A,D,0,,,Y,,Y,,C,06,0,1,0,0,0,0,0,0,1,"- ","- ",,,"SAN LUIS OBISPO","SAN LUIS OBISPO",,
9319147,2021,2021-10-04,4006,2021-08-13,1445,1796,554,5,5,4,4006,0,0,0,,0,OHV264,"OCEANO DUNES SVRA","CXT I",600.00,S,N,A,-,N,,,,,,,,,,N,3,0,1,1,A,-,03,38305,,N,F,A,A,A,H,-,A,D,0,,,Y,,Y,,C,06,0,1,0,0,0,0,0,0,1,"- ","- ",,,"SAN LUIS OBISPO","SAN LUIS OBISPO",,
9319148,2021,2021-10-04,4006,2021-08-21,1840,1745,554,6,5,4,4006,0,0,0,,0,264,"OCEANO DUNES STATE VEHICULAR RECREATION AREA","CXT H ODSVRA",175.00,N,N,A,-,N,,,,,,,,,,N,4,0,1,1,A,-,03,38305,,N,F,A,A,A,H,-,A,D,0,,,Y,,Y,,C,06,0,0,1,0,0,0,0,0,1,"- ","- ",,,"SAN LUIS OBISPO","SAN LUIS OBISPO",,
9319149,2021,2021-10-04,4006,2021-08-09,1735,16380,,1,5,4,4006,0,0,0,,0,,HIGUERA,HIGH,45.00,S,N,A,-,N,,,,,,,,,,N,4,0,1,2,A,-,03,22350,,N,C,C,A,A,H,-,A,D,0,,,,,Y,,A,01,0,0,1,0,0,0,0,0,0,"- ","- ",,,"SAN LUIS OBISPO","SAN LUIS OBISPO",-120.66982269287109,35.272079467773438
9319150,2021,2021-10-04,4006,2021-08-03,0920,89870,,2,5,4,4006,0,0,0,,0,,"TANK FARM",BROAD,102.00,E,N,B,-,N,,,,,,,,,,N,4,0,1,2,A,-,08,22107,,N,B,G,A,A,H,-,A,A,0,,,Y,,Y,,O,05,0,0,1,0,0,0,0,0,1,"- ","- ",35.145401000976562,-120.38330078125,"SAN LUIS OBISPO","SAN LUIS OBISPO",-120.64270782470703,35.248466491699219
9319156,2021,2021-10-04,4006,2021-08-10,1623,1745,554,2,5,4,4006,0,0,0,,0,264OHV,"OCEANO DUNES STATE VEHICULAR RECREATION AREA","OPEN AREA",0.00,,Y,A,-,N,,,,,,,,,,N,3,0,1,1,A,-,03,38305,,N,A,A,A,A,H,-,A,D,0,,,Y,,Y,,C,06,0,1,0,0,0,0,0,0,1,"- ","- ",,,"SAN LUIS OBISPO","SAN LUIS OBISPO",,