CASE_ID,ACCIDENT_YEAR,PROC_DATE,JURIS,COLLISION_DATE,COLLISION_TIME,OFFICER_ID,REPORTING_DISTRICT,DAY_OF_WEEK,CHP_SHIFT,POPULATION,CNTY_CITY_LOC,SPECIAL_COND,BEAT_TYPE,CHP_BEAT_TYPE,CITY_DIVISION_LAPD,CHP_BEAT_CLASS,BEAT_NUMBER,PRIMARY_RD,SECONDARY_RD,DISTANCE,DIRECTION,INTERSECTION,WEATHER_1,WEATHER_2,STATE_HWY_IND,CALTRANS_COUNTY,CALTRANS_DISTRICT,STATE_ROUTE,ROUTE_SUFFIX,POSTMILE_PREFIX,POSTMILE,LOCATION_TYPE,RAMP_INTERSECTION,SIDE_OF_HWY,TOW_AWAY,COLLISION_SEVERITY,NUMBER_KILLED,NUMBER_INJURED,PARTY_COUNT,PRIMARY_COLL_FACTOR,PCF_CODE_OF_VIOL,PCF_VIOL_CATEGORY,PCF_VIOLATION,PCF_VIOL_SUBSECTION,HIT_AND_RUN,TYPE_OF_COLLISION,MVIW,PED_ACTION,ROAD_SURFACE,ROAD_COND_1,ROAD_COND_2,LIGHTING,CONTROL_DEVICE,CHP_ROAD_TYPE,PEDESTRIAN_ACCIDENT,BICYCLE_ACCIDENT,MOTORCYCLE_ACCIDENT,TRUCK_ACCIDENT,NOT_PRIVATE_PROPERTY,ALCOHOL_INVOLVED,STWD_VEHTYPE_AT_FAULT,CHP_VEHTYPE_AT_FAULT,COUNT_SEVERE_INJ,COUNT_VISIBLE_INJ,COUNT_COMPLAINT_PAIN,COUNT_PED_KILLED,COUNT_PED_INJURED,COUNT_BICYCLIST_KILLED,COUNT_BICYCLIST_INJURED,COUNT_MC_KILLED,COUNT_MC_INJURED,PRIMARY_RAMP,SECONDARY_RAMP,LATITUDE,LONGITUDE,COUNTY,CITY,POINT_X,POINT_Y
9319160,2021,2021-10-04,4006,2021-08-14,1015,1796,554,6,5,4,4006,0,0,0,,0,OHV264,"OCEANO DUNES SVRA","CXT B",300.00,E,N,A,-,N,,,,,,,,,,N,3,0,1,1,A,-,03,38305,,N,F,A,A,A,H,-,A,D,0,,,,,Y,,-,,0,1,0,0,0,0,0,0,0,"- ","- ",,,"SAN LUIS OBISPO","SAN LUIS OBISPO",,
9319976,2021,2021-10-12,4002,2021-08-29,1057,478,,7,5,3,4002,0,0,0,,0,,"W GRAND AV","W GRAND AV 900",0.00,,Y,A,-,N,,,,,,,,,,N,4,0,1,2,A,-,08,22107,,N,D,C,A,A,H,-,A,D,0,,,,,Y,,A,07,0,0,1,0,0,0,0,0,0,"- ","- ",,,"SAN LUIS OBISPO","GROVER BEACH",-120.60917663574219,35.120960235595703
9320038,2021,2021-11-04,4006,2021-08-06,0038,98169,,5,5,4,4006,0,0,0,,0,,FOOTHILL,BROAD,24.00,E,N,B,-,N,,,,,,,,,,Y,1,1,0,2,A,-,01,23153,A,F,C,G,A,A,D,-,C,A,0,,Y,,,Y,Y,A,01,0,0,0,0,0,1,0,0,0,"- ","- ",35.294170379638672,-120.67156219482422,"SAN LUIS OBISPO","SAN LUIS OBISPO",-120.67162322998047,35.294097900390625
9320042,2021,2023-06-17,4006,2021-09-04,2027,68099,,6,5,4,4006,0,0,0,,0,,BROAD,WOODBRIDGE,0.00,,Y,A,-,N,,,,,,,,,,Y,1,1,0,2,A,-,10,21950,A,N,G,B,B,A,H,-,C,D,0,Y,,,,Y,Y,A,01,0,0,0,1,0,0,0,0,0,"- ","- ",35.267440795898438,-120.65458679199219,"SAN LUIS OBISPO","SAN LUIS OBISPO",-120.65458679199219,35.267345428466797
9320151,2021,2023-06-20,4003,2021-07-15,1209,M96870,3,4,5,2,4003,0,0,0,,0,001,"MORRO BAY BL","BERNARDO AV",0.00,,Y,A,-,N,,,,,,,,,,Y,1,1,0,2,A,-,10,21950,A,N,G,B,B,A,H,-,A,A,0,Y,,,Y,Y,,F,87,0,0,0,1,0,0,0,0,0,"- ","- ",35.365978240966797,-120.8433837890625,"SAN LUIS OBISPO","MORRO BAY",-120.84348297119141,35.365985870361328
9323585,2021,2021-10-15,4006,2021-09-06,1701,1633,554,1,5,4,4006,0,0,0,,0,OHV264,"OCEANO DUNES SVRA","CXT B",300.00,E,N,A,-,N,,,,,,,,,,N,4,0,1,1,A,-,03,38305,,N,F,A,A,A,H,-,A,D,0,,,Y,,Y,,C,06,0,0,1,0,0,0,0,0,1,"- ","- ",,,"SAN LUIS OBISPO","SAN LUIS OBISPO",,
9323586,2021,2021-10-15,4006,2021-09-05,1147,1720,554,7,5,4,4006,0,0,0,,0,264OHV,ODSVRA,"RESTROOM I",647.00,N,N,A,-,N,,,,,,,,,,Y,4,0,1,1,A,-,03,38305,,N,E,J,A,A,H,-,A,D,0,,,,,Y,,A,42,0,0,1,0,0,0,0,0,0,"- ","- ",35.072040557861328,-120.62030792236328,"SAN LUIS OBISPO","SAN LUIS OBISPO",,
9323588,2021,2021-10-15,4006,2021-09-06,1415,1739,554,1,5,4,4006,0,0,0,,0,264OHV,"OCEANO DUNES STATE VEHICULAR RECREATION AREA","WIND TOWER",300.00,W,N,A,-,N,,,,,,,,,,Y,2,0,1,2,A,-,03,38305,,N,-,J,A,A,H,-,A,-,0,,,Y,,Y,,-,,1,0,0,0,0,0,0,0,0,"- ","- ",,,"SAN LUIS OBISPO","SAN LUIS OBISPO",,
9326622,2021,2021-10-12,4008,2021-07-21,0803,2114,,3,5,4,4008,0,0,0,,0,00A,"CALLE MILANO","ELIANO ST",0.00,,Y,A,-,N,,,,,,,,,,Y,2,0,1,2,A,-,12,22450,A,N,H,G,A,A,H,-,A,A,0,,Y,,,Y,,L,04,1,0,0,0,0,0,0,0,0,"- ","- ",35.455741882324219,-120.62805938720703,"SAN LUIS OBISPO",ATASCADERO,-120.62816619873047,35.455833435058594
9326676,2021,2021-10-22,4006,2021-09-14,0754,10938,4006,2,5,4,4006,0,0,0,,0,,BUCHON,TORO,0.00,,Y,A,-,N,,,,,,,,,,,3,0,1,2,A,-,09,21802,,N,D,G,A,A,H,-,A,D,0,,Y,,,Y,,L,04,0,1,0,0,0,0,1,0,0,"- ","- ",35.280029296875,-120.65487670898438,"SAN LUIS OBISPO","SAN LUIS OBISPO",-120.65485382080078,35.280036926269531
9326677,2021,2021-10-22,4006,2021-09-18,1352,77891,,6,5,4,4006,0,0,0,,0,,"HIGUERA ST",FONTANA,233.00,S,N,A,-,N,,,,,,,,,,Y,2,0,1,2,A,-,03,22350,,N,D,C,A,A,H,-,A,D,0,,,Y,,Y,,C,02,1,0,0,0,0,0,0,0,1,"- ","- ",35.260528564453125,-120.66908264160156,"SAN LUIS OBISPO","SAN LUIS OBISPO",-120.66910552978516,35.260704040527344
9326678,2021,2021-10-22,4006,2021-09-19,1213,10938,4006,7,5,4,4006,0,0,0,,0,,HIGHLAND,STANFORD,0.00,,Y,A,-,N,,,,,,,,,,Y,3,0,1,2,A,-,08,22107,,N,D,E,A,A,H,-,A,D,0,,,,,Y,,A,01,0,1,0,0,0,0,0,0,0,"- ","- ",35.298290252685547,-120.67826843261719,"SAN LUIS OBISPO","SAN LUIS OBISPO",-120.67847442626953,35.298271179199219
9326679,2021,2021-10-22,4006,2021-09-21,2101,68099,,2,5,4,4006,0,0,0,,0,,JOHNSON,MARSH,0.00,,Y,A,-,N,,,,,,,,,,Y,4,0,2,2,A,-,12,21453,A,N,D,C,A,A,H,-,C,A,0,,,,,Y,Y,A,07,0,0,2,0,0,0,0,0,0,"- ","- ",35.283008575439453,-120.65595245361328,"SAN LUIS OBISPO","SAN LUIS OBISPO",-120.65594482421875,35.282997131347656
9326680,2021,2021-10-22,4006,2021-09-18,1328,19810,,6,5,4,4006,0,0,0,,0,,CHORRO,PALM,0.00,,Y,A,-,N,,,,,,,,,,N,3,0,1,2,A,-,11,21954,A,N,D,B,D,A,H,-,A,A,0,Y,,,,Y,,-,"- ",0,1,0,0,1,0,0,0,0,"- ","- ",35.281471252441406,-120.66423034667969,"SAN LUIS OBISPO","SAN LUIS OBISPO",-120.66429901123047,35.281448364257812
9336969,2021,2021-10-29,4006,2021-08-18,1409,55155,,3,5,4,4006,0,0,0,,0,,HIGUERA,"HIGUERA 565",0.00,,N,A,-,N,,,,,,,,,,N,4,0,1,2,A,-,08,22100,B,N,C,C,A,A,H,-,A,D,0,,,,,Y,Y,A,01,0,0,1,0,0,0,0,0,0,"- ","- ",35.277629852294922,-120.66651153564453,"SAN LUIS OBISPO","SAN LUIS OBISPO",-120.67046356201172,35.268272399902344
9336971,2021,2021-10-11,4006,2021-08-31,1302,89870,,2,5,4,4006,0,0,0,,0,,HIGUERA,NIPOMO,0.00,,Y,A,-,N,,,,,,,,,,N,3,0,1,2,A,-,10,21950,A,N,G,B,B,A,-,-,A,A,0,Y,,,,Y,,A,07,0,1,0,0,1,0,0,0,0,"- ","- ",35.164100646972656,-120.39559936523438,"SAN LUIS OBISPO","SAN LUIS OBISPO",-120.66573333740234,35.278129577636719
9339020,2021,2021-10-22,4006,2021-09-02,0758,89870,,4,5,4,4006,0,0,0,,0,,"HIGUERA S",MARGARITA,0.00,,Y,B,-,N,,,,,,,,,,N,3,0,1,2,A,-,08,22100,A,N,D,C,A,A,H,-,A,A,0,,,Y,,Y,,A,08,0,1,0,0,0,0,0,0,1,"- ","- ",35.152500152587891,-120.40070343017578,"SAN LUIS OBISPO","SAN LUIS OBISPO",-120.66866302490234,35.257057189941406
9339041,2021,2021-10-19,4006,2021-09-02,1817,10938,4006,4,5,4,4006,0,0,0,,0,,BROAD,CAUDILL,0.00,,Y,A,-,N,,,,,,,,,,Y,3,0,2,2,A,-,03,22350,,N,D,C,A,A,H,-,A,D,0,,,,,Y,,A,01,0,1,1,0,0,0,0,0,0,"- ","- ",35.266368865966797,-120.65376281738281,"SAN LUIS OBISPO","SAN LUIS OBISPO",-120.65396118164062,35.266555786132812
9339043,2021,2021-10-19,4006,2021-09-14,1117,80908,,2,5,4,4006,0,0,0,,0,,BROAD,INDUSTRIAL,0.00,,Y,A,-,N,,,,,,,,,,Y,3,0,3,2,A,-,12,21453,A,N,D,C,A,A,H,-,A,A,0,,,,,Y,,A,08,0,2,1,0,0,0,0,0,0,"- ","- ",35.2510986328125,-120.64466857910156,"SAN LUIS OBISPO","SAN LUIS OBISPO",-120.64459228515625,35.251102447509766
9339044,2021,2021-10-19,4006,2021-09-14,1234,99002,,2,5,4,4006,0,0,0,,0,,OSOS,PACIFIC,0.00,,Y,-,-,N,,,,,,,,,,Y,4,0,1,2,A,-,09,21802,A,N,B,C,A,-,-,-,-,A,0,,,,,Y,,A,07,0,0,1,0,0,0,0,0,0,"- ","- ",35.164600372314453,-120.39340209960938,"SAN LUIS OBISPO","SAN LUIS OBISPO",-120.65946197509766,35.279640197753906
9339045,2021,2021-10-21,4006,2021-09-05,2327,27552,,7,5,4,4006,0,0,0,,0,,FOOTHILL,"TASSAJARA N",0.00,,Y,A,-,N,,,,,,,,,,Y,4,0,1,6,A,-,01,23153,A,N,D,C,A,A,H,-,C,A,0,,,,,Y,Y,A,01,0,0,1,0,0,0,0,0,0,"- ","- ",,,"SAN LUIS OBISPO","SAN LUIS OBISPO",-120.67806243896484,35.294139862060547
9340156,2021,2021-11-03,4006,2021-09-08,0446,90046,SAN,3,5,4,4006,0,0,0,,0,,"TANK FARM",ORCUTT,0.00,,Y,A,-,N,,,,,,,,,,Y,3,0,1,1,A,-,03,22350,,N,E,I,A,A,D,-,C,D,0,,,,,Y,,D,22,0,1,0,0,0,0,0,0,0,"- ","- ",35.25,-120.625,"SAN LUIS OBISPO","SAN LUIS OBISPO",-120.62509155273438,35.250328063964844
9340159,2021,2021-10-25,4006,2021-09-14,1125,60659,,2,5,4,4006,0,0,0,,0,,"MADONNA FRONTAGE RD",101,0.00,,-,A,-,N,,,,,,,,,,Y,4,0,1,3,A,-,03,22350,,N,C,D,A,A,H,-,A,A,0,,,,,Y,,E,22,0,0,1,0,0,0,0,0,0,"- ",NF,36.266799926757812,-120.67359924316406,"SAN LUIS OBISPO","SAN LUIS OBISPO",,
9341892,2021,2021-12-06,4006,2021-10-02,1341,90046,,6,5,4,4006,0,0,0,,0,,"SANTA ROSA",MONTEREY,0.00,,Y,A,-,Y,,,,,,,,,,N,3,0,1,2,A,-,08,21717,,N,G,G,A,A,H,-,A,A,0,,Y,,,Y,,A,01,0,1,0,0,0,0,1,0,0,"- ","- ",35.282001495361328,-120.66000366210938,"SAN LUIS OBISPO","SAN LUIS OBISPO",-120.65995788574219,35.282600402832031
9342311,2021,2021-10-26,4006,2021-09-27,2205,42350,,1,5,4,4006,0,0,0,,0,,MILL,OSOS,0.00,,Y,A,-,N,,,,,,,,,,N,4,0,1,2,A,-,09,21802,A,N,D,C,A,A,H,-,C,A,0,,,,,Y,,D,22,0,0,1,0,0,0,0,0,0,"- ","- ",35.170059204101562,-120.39456939697266,"SAN LUIS OBISPO","SAN LUIS OBISPO",-120.66290283203125,35.283493041992188
9344420,2021,2021-10-18,4003,2021-07-25,1218,B5598,10,7,5,2,4003,0,0,0,,0,002,"SIENNA ST","SANDALWOOD AV",0.00,,Y,A,-,N,,,,,,,,,,N,3,0,1,2,A,-,12,22450,A,N,D,G,A,A,H,-,A,D,0,,Y,,,Y,,D,22,0,1,0,0,0,0,1,0,0,"- ","- ",,,"SAN LUIS OBISPO","MORRO BAY",-120.86337280273438,35.394271850585938
9344421,2021,2021-10-18,4003,2021-07-21,1542,T4434,2,3,5,2,4003,0,0,0,,0,001,"EMBARCADERO RD","PACIFIC ST",0.00,,Y,A,-,N,,,,,,,,,,N,3,0,1,3,A,-,10,21950,A,N,G,B,B,A,H,-,A,A,0,Y,,,,Y,,A,01,0,1,0,0,1,0,0,0,0,"- ","- ",35.365501403808594,-120.85289764404297,"SAN LUIS OBISPO","MORRO BAY",-120.85292816162109,35.364940643310547
9344881,2021,2021-10-19,4001,2021-08-23,2122,P0156,"46 3",1,5,3,4001,0,0,0,,0,OPERAT,"ASH ST","ASPEN ST",0.00,,Y,A,-,N,,,,,,,,,,N,3,0,1,1,A,-,08,22107,,N,H,A,A,A,G,-,C,D,0,,,Y,,Y,,C,02,0,1,0,0,0,0,0,0,1,"- ","- ",,,"SAN LUIS OBISPO","ARROYO GRANDE",-120.60152435302734,35.114749908447266
9344882,2021,2021-10-19,4001,2021-08-31,1256,P0144,"46 3",2,5,3,4001,0,0,0,,0,OPERAT,"EAST GRAND AV","ELM ST",306.00,W,N,A,-,N,,,,,,,,,,N,4,0,2,2,A,-,09,21804,A,N,D,C,A,A,H,-,A,D,0,,,,,Y,,A,01,0,0,2,0,0,0,0,0,0,"- ","- ",,,"SAN LUIS OBISPO","ARROYO GRANDE",-120.60147094726562,35.120586395263672
9344884,2021,2021-10-19,4001,2021-08-01,2351,P0158,"46 3",7,5,3,4001,0,0,0,,0,OPERAT,"EAST GRAND AV","N ELM ST",1305.00,E,N,A,-,N,,,,,,,,,,Y,4,0,1,1,A,-,08,22107,,N,E,I,A,A,H,-,C,D,0,,,,,Y,,A,01,0,0,1,0,0,0,0,0,0,"- ","- ",,,"SAN LUIS OBISPO","ARROYO GRANDE",-120.5963134765625,35.119461059570312
9344885,2021,2021-10-19,4001,2021-08-17,1949,P0156,"46 3",2,5,3,4001,0,0,0,,0,CITY,"ASH ST","SPRUCE ST",160.00,E,N,A,-,N,,,,,,,,,,Y,3,0,3,3,A,-,01,23152,F,N,F,E,A,A,H,-,B,D,0,,,,,Y,,A,01,0,2,1,0,0,0,0,0,0,"- ","- ",,,"SAN LUIS OBISPO","ARROYO GRANDE",-120.60294342041016,35.114734649658203
9347430,2021,2021-11-17,4002,2021-09-26,1945,478,,7,5,3,4002,0,0,0,,0,,"N 4TH ST","EL CAMINO REAL RD",2284.00,S,N,B,-,N,,,,,,,,,,Y,3,0,1,1,A,-,01,23153,A,N,F,J,A,A,H,-,D,A,0,,,Y,,Y,Y,C,02,0,1,0,0,0,0,0,0,1,"- ","- ",,,"SAN LUIS OBISPO","GROVER BEACH",-120.62191772460938,35.136070251464844
9347490,2021,2021-11-18,4002,2021-10-04,1613,721,,1,5,3,4002,0,0,0,,0,,"W GRAND AV","16TH ST",247.00,E,N,A,-,N,,,,,,,,,,N,4,0,1,2,A,-,09,21804,A,N,D,C,A,A,H,-,A,D,0,,,,,Y,,A,01,0,0,1,0,0,0,0,0,0,"- ","- ",,,"SAN LUIS OBISPO","GROVER BEACH",-120.61077880859375,35.12103271484375
9351484,2021,2021-12-15,4006,2021-10-21,1422,99143,,4,5,4,4006,0,0,0,,0,,SOUTH,"KING CT",0.00,,Y,A,-,N,,,,,,,,,,Y,3,0,1,3,A,-,01,23153,A,F,C,C,A,A,H,-,A,A,0,,,,Y,Y,Y,A,07,0,1,0,0,0,0,0,0,0,"- ","- ",35.269451141357422,-120.66261291503906,"SAN LUIS OBISPO","SAN LUIS OBISPO",-120.66223907470703,35.26953125
9351492,2021,2021-12-14,4008,2021-10-15,1535,3125,,5,5,4,4008,0,0,0,,0,,"MORRO RD","ATASCADERO AV",593.00,S,N,A,-,Y,SLO,5,41,-,-,15.460,H,-,N,Y,4,0,1,3,A,-,03,22350,,N,C,C,A,A,H,-,A,D,0,,,,,Y,,A,01,0,0,1,0,0,0,0,0,0,"- ","- ",35.480758666992188,-120.66655731201172,"SAN LUIS OBISPO",ATASCADERO,-120.66690826416016,35.479091644287109
9351647,2021,2021-11-23,4006,2021-10-14,1625,20008,,4,5,4,4006,0,0,0,,0,SLO,SWEENEY,BROAD,5.00,W,N,A,-,N,,,,,,,,,,N,4,0,1,2,A,-,21,22106,,N,C,D,A,A,H,-,A,D,0,,,,,Y,,A,01,0,0,1,0,0,0,0,0,0,"- ","- ",35.262348175048828,-120.65103912353516,"SAN LUIS OBISPO","SAN LUIS OBISPO",-120.65086364746094,35.262481689453125
9351655,2021,2021-11-15,4006,2021-10-09,2206,68045,SLO,6,5,4,4006,0,0,0,,0,,"SANTA ROSA",PALM,0.00,,Y,A,-,N,,,,,,,,,,Y,2,0,1,2,A,-,09,21801,A,N,A,C,A,A,H,-,C,D,0,,,,,Y,,A,07,1,0,0,0,0,0,0,0,0,"- ","- ",35.283451080322266,-120.66081237792969,"SAN LUIS OBISPO","SAN LUIS OBISPO",-120.66075897216797,35.283538818359375
9351659,2021,2021-11-15,4006,2021-10-13,0753,89870,,3,5,4,4006,0,0,0,,0,,JOHNSON,"SAN LUIS DR",346.00,N,N,A,-,N,,,,,,,,,,N,3,0,1,2,A,-,11,21954,A,N,G,B,D,A,H,-,A,D,0,Y,,,,Y,,N,60,0,1,0,0,1,0,0,0,0,"- ","- ",35.164901733398438,-120.39099884033203,"SAN LUIS OBISPO","SAN LUIS OBISPO",-120.65319061279297,35.280536651611328
9354496,2021,2021-12-27,4008,2021-11-01,1703,5155,,1,5,4,4008,0,0,0,,0,,"EL CAMINO REAL","CURBARIL AV",330.00,N,N,A,-,N,,,,,,,,,,Y,4,0,2,2,A,-,03,22350,,N,C,C,A,A,H,-,A,D,0,,,,,Y,,D,22,0,0,2,0,0,0,0,0,0,"- ","- ",35.477569580078125,-120.65640258789062,"SAN LUIS OBISPO",ATASCADERO,-120.65679168701172,35.478317260742188
9354902,2021,2021-11-10,4006,2021-10-11,1115,89870,,1,5,4,4006,0,0,0,,0,,CALIFORNIA,FOOTHILL,676.00,S,N,A,-,N,,,,,,,,,,Y,4,0,1,8,A,-,01,23152,F,N,F,E,A,A,H,-,A,D,0,,,,,Y,,D,22,0,0,1,0,0,0,0,0,0,"- ","- ",35.173599243164062,-120.39440155029297,"SAN LUIS OBISPO","SAN LUIS OBISPO",-120.66255950927734,35.293521881103516
9354906,2021,2021-11-15,4006,2021-10-06,1728,99143,,3,5,4,4006,0,0,0,,0,,"RT 1",BOYSEN,360.00,N,N,A,-,Y,SLO,5,1,-,-,17.570,H,-,S,Y,4,0,1,3,A,-,03,22350,,N,C,C,A,A,H,-,A,A,0,,,,,Y,,A,01,0,0,1,0,0,0,0,0,0,"- ","- ",35.296409606933594,-120.67056274414062,"SAN LUIS OBISPO","SAN LUIS OBISPO",-120.6705322265625,35.296417236328125
9354913,2021,2021-11-10,4008,2021-10-18,1249,5155,,1,5,4,4008,0,0,0,,0,,"EL CAMNO REAL","WEST MALL",21.00,N,N,A,-,N,,,,,,,,,,N,4,0,1,2,A,-,03,22350,,N,C,C,A,A,H,-,A,D,0,,,,,Y,,D,22,0,0,1,0,0,0,0,0,0,"- ","- ",35.488460540771484,-120.66857147216797,"SAN LUIS OBISPO",ATASCADERO,-120.66867065429688,35.488510131835938
9354918,2021,2021-11-04,4001,2021-09-20,1710,P0156,463,1,5,3,4001,0,0,0,,0,OPERAT,"ASH ST","S COURTLAND ST",0.00,,Y,A,-,N,,,,,,,,,,Y,3,0,2,2,A,-,12,22450,A,N,A,C,A,A,H,-,A,A,0,,,,,Y,,A,01,0,2,0,0,0,0,0,0,0,"- ","- ",,,"SAN LUIS OBISPO","ARROYO GRANDE",-120.60704803466797,35.114734649658203
9355053,2021,2021-11-15,4006,2021-10-08,2252,19810,,5,5,4,4006,0,0,0,,0,,"SANTA ROSA",MURRAY,0.00,,Y,A,-,N,,,,,,,,,,N,2,0,2,3,A,-,11,21453,D,N,G,B,B,A,H,-,C,A,0,Y,,,,Y,Y,-,"- ",2,0,0,0,1,0,0,0,0,"- ","- ",35.290908813476562,-120.66703033447266,"SAN LUIS OBISPO","SAN LUIS OBISPO",-120.66703033447266,35.290943145751953
9355054,2021,2021-11-15,4006,2021-10-19,2340,20008,,2,5,4,4006,0,0,0,,0,SLO,"SANTA ROSA","OAK ST",103.00,S,N,A,-,N,,,,,,,,,,Y,2,0,1,2,A,-,01,23153,A,N,A,B,D,A,H,-,C,D,0,Y,,,,Y,Y,-,"- ",1,0,0,0,1,0,0,0,0,"- ","- ",35.171901702880859,-120.39550018310547,"SAN LUIS OBISPO","SAN LUIS OBISPO",-120.66545867919922,35.288887023925781
9355948,2021,2021-11-15,4006,2021-10-13,1238,89870,,3,5,4,4006,0,0,0,,0,,"SANTA ROSA",OAK,0.00,,Y,A,-,Y,SLO,5,1,-,-,16.990,I,5,S,N,3,0,1,2,A,-,00,21651,1,N,D,G,A,A,H,-,A,A,0,,Y,,,Y,,L,04,0,1,0,0,0,0,1,0,0,"- ","- ",35.172100067138672,-120.39559936523438,"SAN LUIS OBISPO","SAN LUIS OBISPO",-120.66573333740234,35.289081573486328
9356028,2021,2021-10-29,4006,2021-10-05,0845,89870,,2,5,4,4006,0,0,0,,0,,"LOS OSOS VALLEY",ROYAL,0.00,,Y,A,-,N,,,,,,,,,,N,3,0,1,2,A,-,09,21801,A,N,D,G,A,A,H,-,A,A,0,,Y,,,Y,,A,07,0,1,0,0,0,0,1,0,0,"- ","- ",35.153099060058594,-120,"SAN LUIS OBISPO","SAN LUIS OBISPO",-120.69255828857422,35.25860595703125
9356029,2021,2021-10-29,4006,2021-10-05,1313,89870,,2,5,4,4006,0,0,0,,0,,NIPOMO,HIGUERA,118.00,N,N,A,-,N,,,,,,,,,,N,3,0,1,2,A,-,17,22517,,N,H,G,A,A,H,-,A,D,0,,Y,,,Y,,A,07,0,1,0,0,0,0,1,0,0,"- ","- ",35.164199829101562,-120.39579772949219,"SAN LUIS OBISPO","SAN LUIS OBISPO",-120.66596984863281,35.278388977050781
9356280,2021,2021-11-02,4006,2021-09-29,1753,80908,,3,5,4,4006,0,0,0,,0,,"TANK FARM","INNOVATION WY",451.00,E,N,A,-,N,,,,,,,,,,N,2,0,1,1,A,-,03,22350,,N,E,J,A,A,H,-,A,A,0,,Y,,,Y,,L,04,1,0,0,0,0,0,1,0,0,"- ","- ",35.246868133544922,-120.66378784179688,"SAN LUIS OBISPO","SAN LUIS OBISPO",-120.66362762451172,35.246818542480469
9359065,2021,2021-11-15,4001,2021-09-26,1935,0154,46-2,7,5,3,4001,0,0,0,,0,,"N OAK PARK BL","EL CAMINO REAL",0.00,,Y,A,-,N,,,,,,,,,,Y,4,0,1,2,A,-,12,21453,A,M,D,C,A,A,H,-,C,A,0,,,,,Y,,-,,0,0,1,0,0,0,0,0,0,"- ","- ",,,"SAN LUIS OBISPO","ARROYO GRANDE",-120.60685729980469,35.129501342773438
9359066,2021,2021-11-15,4001,2021-09-04,1356,0158,46-2,6,5,3,4001,0,0,0,,0,OPERAT,"W BRANCH","CAMINO MERCADO",0.00,,-,A,-,N,,,,,,,,,,N,4,0,1,2,A,-,03,22350,,N,C,C,A,A,H,-,A,A,0,,,,,Y,,A,01,0,0,1,0,0,0,0,0,0,"- ","- ",,,"SAN LUIS OBISPO","ARROYO GRANDE",-120.60098266601562,35.128952026367188
9359067,2021,2021-11-15,4001,2021-09-02,1520,0154,46-3,4,5,3,4001,0,0,0,,0,,"FAIR OAKS AV","VALLEY RD",350.00,W,N,A,-,N,,,,,,,,,,N,3,0,1,2,A,-,08,22107,,N,C,G,A,A,H,-,A,D,0,,Y,,,Y,,-,,0,1,0,0,0,0,1,0,0,"- ","- ",,,"SAN LUIS OBISPO","ARROYO GRANDE",-120.58350372314453,35.115676879882812
9364082,2021,2021-12-13,4001,2021-10-22,2113,P0154,46-2,5,5,3,4001,0,0,0,,0,OPERAT,"N OAK PARK BL","WEST BRANCH ST",0.00,,Y,A,-,N,,,,,,,,,,N,4,0,1,2,A,-,03,22350,,N,C,C,A,A,H,-,C,A,0,,,,,Y,,A,01,0,0,1,0,0,0,0,0,0,"- ","- ",,,"SAN LUIS OBISPO","ARROYO GRANDE",-120.60652923583984,35.130592346191406
9364294,2021,2021-12-01,4001,2021-10-28,1053,P0101679,463,4,5,3,4001,0,0,0,,0,OPERAT,"EAST GRAND AV","JUNIPER ST",280.00,W,N,A,-,N,,,,,,,,,,N,4,0,1,2,A,-,09,21804,A,N,D,C,A,A,H,-,A,A,0,,,,,Y,,D,22,0,0,1,0,0,0,0,0,0,"- ","- ",,,"SAN LUIS OBISPO","ARROYO GRANDE",-120.60502624511719,35.120765686035156
9364362,2021,2021-12-28,4008,2021-11-15,1817,3153,,1,5,4,4008,0,0,0,,0,,"SAN JACINTO AV","PALMA AV",111.00,W,N,A,-,N,,,,,,,,,,Y,3,0,2,2,A,-,04,21703,,N,C,C,A,A,H,-,C,D,0,,,,,Y,,A,01,0,1,1,0,0,0,0,0,0,"- ","- ",35.496009826660156,-120.67855834960938,"SAN LUIS OBISPO",ATASCADERO,-120.67890930175781,35.495868682861328
9364415,2021,2021-12-02,4006,2021-10-25,1918,67850,,1,5,4,4006,0,0,0,,0,,"SANTA ROSA","N MONTEREY",0.00,,Y,A,-,N,,,,,,,,,,Y,3,0,3,2,A,-,12,21453,A,N,D,C,A,A,H,-,C,A,0,,,,,Y,,A,01,0,1,2,0,0,0,0,0,0,"- ","- ",35.282630920410156,-120.65995025634766,"SAN LUIS OBISPO","SAN LUIS OBISPO",-120.65995788574219,35.282600402832031
9364521,2021,2021-12-08,4006,2021-10-27,1634,68099,,3,5,4,4006,0,0,0,,0,,MARSH,MORRO,0.00,,Y,A,-,N,,,,,,,,,,N,4,0,1,2,A,-,07,21658,A,M,B,C,A,A,H,-,A,A,0,,,,,Y,,D,22,0,0,1,0,0,0,0,0,0,"- ","- ",35.279918670654297,-120.66091156005859,"SAN LUIS OBISPO","SAN LUIS OBISPO",-120.66101837158203,35.279811859130859
9365208,2021,2021-12-20,4002,2021-11-11,1534,339,,4,5,3,4002,0,0,0,,0,,"S 13TH ST","FARROLL RD",0.00,,Y,A,-,N,,,,,,,,,,N,4,0,1,2,A,-,09,21800,,N,D,G,A,A,H,-,A,A,0,,Y,,,Y,,L,04,0,0,1,0,0,0,1,0,0,"- ","- ",,,"SAN LUIS OBISPO","GROVER BEACH",-120.61605072021484,35.111869812011719