CASE_ID,ACCIDENT_YEAR,PROC_DATE,JURIS,COLLISION_DATE,COLLISION_TIME,OFFICER_ID,REPORTING_DISTRICT,DAY_OF_WEEK,CHP_SHIFT,POPULATION,CNTY_CITY_LOC,SPECIAL_COND,BEAT_TYPE,CHP_BEAT_TYPE,CITY_DIVISION_LAPD,CHP_BEAT_CLASS,BEAT_NUMBER,PRIMARY_RD,SECONDARY_RD,DISTANCE,DIRECTION,INTERSECTION,WEATHER_1,WEATHER_2,STATE_HWY_IND,CALTRANS_COUNTY,CALTRANS_DISTRICT,STATE_ROUTE,ROUTE_SUFFIX,POSTMILE_PREFIX,POSTMILE,LOCATION_TYPE,RAMP_INTERSECTION,SIDE_OF_HWY,TOW_AWAY,COLLISION_SEVERITY,NUMBER_KILLED,NUMBER_INJURED,PARTY_COUNT,PRIMARY_COLL_FACTOR,PCF_CODE_OF_VIOL,PCF_VIOL_CATEGORY,PCF_VIOLATION,PCF_VIOL_SUBSECTION,HIT_AND_RUN,TYPE_OF_COLLISION,MVIW,PED_ACTION,ROAD_SURFACE,ROAD_COND_1,ROAD_COND_2,LIGHTING,CONTROL_DEVICE,CHP_ROAD_TYPE,PEDESTRIAN_ACCIDENT,BICYCLE_ACCIDENT,MOTORCYCLE_ACCIDENT,TRUCK_ACCIDENT,NOT_PRIVATE_PROPERTY,ALCOHOL_INVOLVED,STWD_VEHTYPE_AT_FAULT,CHP_VEHTYPE_AT_FAULT,COUNT_SEVERE_INJ,COUNT_VISIBLE_INJ,COUNT_COMPLAINT_PAIN,COUNT_PED_KILLED,COUNT_PED_INJURED,COUNT_BICYCLIST_KILLED,COUNT_BICYCLIST_INJURED,COUNT_MC_KILLED,COUNT_MC_INJURED,PRIMARY_RAMP,SECONDARY_RAMP,LATITUDE,LONGITUDE,COUNTY,CITY,POINT_X,POINT_Y
9367642,2021,2022-01-27,4008,2021-11-11,0020,2114,B,4,5,4,4008,0,0,0,,0,,"MORRO RD","SANTA YNEZ AV",200.00,W,N,A,-,N,,,41,,,,,,,Y,4,0,1,1,A,-,03,22350,,N,E,J,A,A,H,-,D,D,0,,,,,Y,,A,01,0,0,1,0,0,0,0,0,0,"- ","- ",35.471000671386719,-120.66938018798828,"SAN LUIS OBISPO",ATASCADERO,-120.66925811767578,35.470966339111328
9367676,2021,2021-12-17,4006,2021-11-15,1738,99143,,1,5,4,4006,0,0,0,,0,,HIGUERA,ELKS,0.00,,Y,A,-,N,,,,,,,,,,N,4,0,1,2,A,-,01,23153,A,F,B,C,A,A,H,-,C,A,0,,,Y,,Y,Y,A,01,0,0,1,0,0,0,0,0,1,"- ","- ",35.263599395751953,-120.67040252685547,"SAN LUIS OBISPO","SAN LUIS OBISPO",-120.67044067382812,35.263710021972656
9369246,2021,2021-12-23,4008,2021-11-05,2020,3134,B,5,5,4,4008,0,0,0,,0,,"EL CAMINO REAL","SAN GABRIEL RD",0.00,,Y,A,-,N,,,,,,,,,,Y,4,0,2,2,A,-,09,21801,A,N,D,C,A,A,H,-,C,D,0,,,,,Y,,A,01,0,0,2,0,0,0,0,0,0,"- ","- ",35.463558197021484,-120.64643096923828,"SAN LUIS OBISPO",ATASCADERO,-120.64649963378906,35.463527679443359
9371705,2021,2022-04-05,4006,2021-12-17,1312,89870,,5,5,4,4006,0,0,0,,0,,"NIPOMO ST","PISMO ST",0.00,,Y,-,-,N,,,,,,,,,,N,4,0,2,2,A,-,09,21802,A,N,D,C,A,A,H,-,A,A,0,,,,,Y,,J,41,0,0,2,0,0,0,0,0,0,"- ","- ",35.275798797607422,-120.66378784179688,"SAN LUIS OBISPO","SAN LUIS OBISPO",-120.66371154785156,35.27587890625
9376657,2021,2022-01-27,4006,2021-10-15,0620,20008,,5,5,4,4006,0,0,0,,0,SLO,"FROOM RANCH","LOS OSOS VALLEY RD",4.00,E,N,A,-,N,,,,,,,,,,N,3,0,1,2,A,-,08,22107,,N,B,G,A,A,H,-,A,A,0,,Y,,,Y,Y,A,07,0,1,0,0,0,0,1,0,0,"- ","- ",35.252460479736328,-120.68769073486328,"SAN LUIS OBISPO","SAN LUIS OBISPO",-120.68762969970703,35.252536773681641
9376658,2021,2021-12-22,4006,2021-10-15,1049,80908,,5,5,4,4006,0,0,0,,0,,"SANTA ROSA",MONTALBAN,66.00,N,N,A,-,N,,,,,,,,,,N,3,0,1,2,A,-,11,21954,A,N,G,B,D,A,-,-,A,A,0,Y,,,,Y,,N,60,0,1,0,0,1,0,0,0,0,"- ","- ",35.288589477539062,-120.66522216796875,"SAN LUIS OBISPO","SAN LUIS OBISPO",-120.66510772705078,35.288478851318359
9377317,2021,2021-12-23,4006,2021-10-22,1153,98539,,5,5,4,4006,0,0,0,,0,,"FOOTHILL W","SANTA ROSA",150.00,W,N,A,-,N,,,,,,,,,,N,2,0,1,2,A,-,08,22107,,N,H,G,A,A,D,-,A,D,0,,Y,,,Y,,A,01,1,0,0,0,0,0,1,0,0,"- ","- ",35.294109344482422,-120.66813659667969,"SAN LUIS OBISPO","SAN LUIS OBISPO",-120.66856384277344,35.294071197509766
9377318,2021,2021-12-23,4006,2021-10-21,1420,67850,,4,5,4,4006,0,0,0,,0,,"SANTA ROSA N","BOYSEN AV",0.00,,Y,A,-,N,,,,,,,,,,N,4,0,1,2,A,-,09,21801,A,N,D,C,A,A,H,-,A,D,0,,,Y,,Y,,A,01,0,0,1,0,0,0,0,0,1,"- ","- ",37.173999786376953,-120.4010009765625,"SAN LUIS OBISPO","SAN LUIS OBISPO",-120.66957092285156,35.295787811279297
9377320,2021,2021-12-30,4006,2021-10-24,1331,80908,,7,5,4,4006,0,0,0,,0,,MADONNA,"RT 101",0.00,,Y,C,-,Y,SLO,5,101,-,-,27.180,R,4,S,N,3,0,1,2,A,-,08,21717,,N,C,G,A,B,H,-,A,A,0,,Y,,,Y,,A,01,0,1,0,0,0,0,1,0,0,"- ",SO,35.264308929443359,-120.67575836181641,"SAN LUIS OBISPO","SAN LUIS OBISPO",-120.67359924316406,35.261360168457031
9378545,2021,2021-12-14,4008,2021-11-21,1203,2133,C,7,5,4,4008,0,0,0,,0,,"MORRO RD","SERENA CT",962.00,E,N,A,-,Y,SLO,5,41,-,R,16.620,H,-,S,Y,4,0,2,2,A,-,08,22107,,N,D,C,A,A,H,-,A,D,0,,,,,Y,,D,22,0,0,2,0,0,0,0,0,0,"- ","- ",,,"SAN LUIS OBISPO",ATASCADERO,-120.66175842285156,35.495468139648438
9378833,2021,2021-12-23,4008,2021-11-12,1728,2054,C,5,5,4,4008,0,0,0,,0,,"MORRO RD","RT 101",200.00,W,N,A,-,Y,SLO,5,41,-,-,15.820,H,-,N,N,4,0,1,2,A,-,08,22107,,N,H,G,A,A,H,-,C,A,0,,Y,,,Y,,A,01,0,0,1,0,0,0,1,0,0,"- ","- ",35.485160827636719,-120.66513061523438,"SAN LUIS OBISPO",ATASCADERO,-120.66541290283203,35.484241485595703
9378994,2021,2022-01-04,4003,2021-09-26,0602,P114700,9,7,5,2,4003,0,0,0,,0,002,"RT 1","SAN JACINTO ST",680.00,N,N,A,-,Y,SLO,5,1,-,-,31.260,H,-,S,Y,4,0,1,1,A,-,01,23152,A,N,F,I,A,A,H,-,C,A,0,,,,,Y,Y,A,01,0,0,1,0,0,0,0,0,0,"- ","- ",,,"SAN LUIS OBISPO","MORRO BAY",-120.861328125,35.395606994628906
9379024,2021,2021-12-31,4001,2021-11-05,1127,P0147,46-1,5,5,3,4001,0,0,0,,0,OPERAT,"EAST GRAND AV","WEST BRANCH ST",19.00,W,N,A,-,N,,,,,,,,,,Y,3,0,1,1,C,-,18,,,N,E,I,A,A,H,-,A,D,0,,,,,Y,,-,"- ",0,1,0,0,0,0,0,0,0,"- ","- ",,,"SAN LUIS OBISPO","ARROYO GRANDE",-120.58187103271484,35.1221923828125
9379026,2021,2022-01-04,4006,2021-11-21,1436,16380,,7,5,4,4006,0,0,0,,0,,GRAND,LOOMIS,0.00,,Y,A,-,Y,SLO,5,101,-,-,29.650,R,4,S,Y,4,0,2,2,A,-,09,21802,A,N,F,C,A,A,H,-,A,A,0,,,,,Y,,A,01,0,0,2,0,0,0,0,0,0,"- ","- ",35.292388916015625,-120.65326690673828,"SAN LUIS OBISPO","SAN LUIS OBISPO",-120.65533447265625,35.291946411132812
9379328,2021,2022-01-13,4008,2021-12-19,0200,2032,,7,5,4,4008,0,0,0,,0,,"MORRO RD","OLD MORRO RD EAST",0.00,,Y,A,-,Y,SLO,5,41,-,-,13.740,I,5,N,Y,3,0,1,1,A,-,03,22350,,N,E,I,A,A,H,-,D,D,0,,,,,Y,Y,A,01,0,1,0,0,0,0,0,0,0,"- ","- ",35.461971282958984,-120.67674255371094,"SAN LUIS OBISPO",ATASCADERO,-120.68199157714844,35.459297180175781
9379418,2021,2022-01-21,4008,2021-12-31,1415,2133,,5,5,4,4008,0,0,0,,0,,"MORRO RD","EL CAMINO REAL",29.00,W,N,A,-,Y,SLO,5,41,-,-,15.940,H,-,N,N,4,0,1,2,A,-,03,22350,,N,C,C,A,A,H,-,A,A,0,,,,,Y,,A,07,0,0,1,0,0,0,0,0,0,"- ","- ",35.486099243164062,-120.66845703125,"SAN LUIS OBISPO",ATASCADERO,-120.66490936279297,35.485965728759766
9379657,2021,2022-01-28,4008,2021-12-26,1002,2133,,7,5,4,4008,0,0,0,,0,,"SAN GABRIEL RD","MORRO RD",71.00,N,N,A,-,Y,SLO,5,41,-,-,14.210,I,6,S,Y,4,0,1,1,A,-,03,22350,,N,E,I,A,A,H,-,A,A,0,,,,,Y,,A,01,0,0,1,0,0,0,0,0,0,"- ","- ",35.462760925292969,-120.675048828125,"SAN LUIS OBISPO",ATASCADERO,-120.67534637451172,35.462612152099609
9379674,2021,2022-02-09,4005,2021-10-14,2021,P110,5,4,5,2,4005,0,0,0,,0,,DOLLIVER,WADSWORTH,0.00,,Y,A,-,Y,SLO,5,1,-,-,15.790,I,5,N,Y,4,0,2,2,A,-,12,22450,,N,D,C,A,A,H,-,C,D,0,,,,,Y,,A,01,0,0,2,0,0,0,0,0,0,"- ","- ",,,"SAN LUIS OBISPO","PISMO BEACH",-120.64353942871094,35.143115997314453
9380725,2021,2022-02-01,4006,2021-12-30,1030,1796,554,4,5,4,4006,0,0,0,,0,OHV264,"OCEANO DUNES SVRA","CXT K",800.00,S,N,A,-,N,,,,,,,,,,N,3,0,1,1,A,-,03,38305,,N,A,A,A,A,H,-,A,D,0,,,Y,,Y,,C,06,0,1,0,0,0,0,0,0,1,"- ","- ",,,"SAN LUIS OBISPO","SAN LUIS OBISPO",,
9381140,2021,2022-01-26,4005,2021-11-23,1859,P118,7,2,5,2,4005,0,0,0,,0,,"FIVE CITIES DR","FIVE CITIES DR 300",0.00,,Y,A,-,N,,,,,,,,,,N,4,0,1,2,A,-,08,22107,,N,B,C,A,A,H,-,C,A,0,,,,,Y,,A,01,0,0,1,0,0,0,0,0,0,"- ","- ",,,"SAN LUIS OBISPO","PISMO BEACH",,
9381912,2021,2022-02-18,4005,2021-07-30,1940,P109,6,5,5,2,4005,0,0,0,,0,,"PARK ST","CYPRESS ST",0.00,,Y,A,-,N,,,,,,,,,,N,4,0,1,2,A,-,09,21802,A,N,D,C,A,A,H,-,A,D,0,,,,Y,Y,,A,01,0,0,1,0,0,0,0,0,0,"- ","- ",,,"SAN LUIS OBISPO","PISMO BEACH",-120.63954162597656,35.137584686279297
9382067,2021,2022-02-03,4005,2021-10-25,1614,P081,2,1,5,2,4005,0,0,0,,0,,"SHELL BEACH RD","SHELL BEACH RD 2700",0.00,W,Y,A,-,N,,,,,,,,,,N,4,0,1,2,A,-,09,21801,A,N,A,C,A,A,H,-,A,D,0,,,Y,,Y,,A,01,0,0,1,0,0,0,0,0,1,"- ","- ",,,"SAN LUIS OBISPO","PISMO BEACH",,
9382074,2021,2022-02-02,4005,2021-08-13,1643,P115,1,5,5,2,4005,0,0,0,,0,,"EL PORTAL","SHELL BEACH RD",879.00,W,N,A,-,N,,,,,,,,,,Y,3,0,2,2,A,-,01,23152,F,N,A,I,A,A,H,-,A,A,0,,,,,Y,,A,01,0,1,1,0,0,0,0,0,0,"- ","- ",,,"SAN LUIS OBISPO","PISMO BEACH",-120.70123291015625,35.17584228515625
9383167,2021,2021-12-31,4006,2021-11-10,0919,16380,,3,5,4,4006,0,0,0,,0,,"CALLE JOAQUIN","LOS OSOS VALLEY",0.00,,Y,A,-,N,,,,,,,,,,Y,4,0,1,2,A,-,12,21453,A,N,F,C,A,A,H,-,A,A,0,,,,,Y,,A,01,0,0,1,0,0,0,0,0,0,"- ","- ",35.246749877929688,-120.68311309814453,"SAN LUIS OBISPO","SAN LUIS OBISPO",-120.68264007568359,35.244895935058594
9383168,2021,2021-12-31,4006,2021-11-12,1231,98539,,5,5,4,4006,0,0,0,,0,,"LOS OSOS VALLEY",ROYAL,0.00,,N,A,-,N,,,,,,,,,,N,3,0,1,2,A,-,00,21858,A,N,B,G,A,A,H,-,A,D,0,,Y,,,Y,,L,04,0,1,0,0,0,0,1,0,0,"- ","- ",35.258018493652344,-120.69207763671875,"SAN LUIS OBISPO","SAN LUIS OBISPO",-120.69255828857422,35.25860595703125
9384281,2021,2022-01-10,4006,2021-11-05,1507,98539,,5,5,4,4006,0,0,0,,0,,FOOTHILL,CHORRO,0.00,,Y,A,-,N,,,,,,,,,,Y,3,0,1,2,A,-,08,22107,,F,G,B,B,A,H,-,D,A,0,Y,,,,Y,,-,,0,1,0,0,1,0,0,0,0,"- ","- ",35.294040679931641,-120.67105865478516,"SAN LUIS OBISPO","SAN LUIS OBISPO",-120.67095947265625,35.294094085693359
9384283,2021,2022-01-10,4006,2021-11-09,1800,99143,,2,5,4,4006,0,0,0,,0,,CALIFORNIA,"RT 101",0.00,N,N,B,-,N,,,,,,,,,,N,4,0,1,2,A,-,10,21950,A,F,G,B,C,B,H,-,C,A,0,Y,,,,Y,,-,,0,0,1,0,1,0,0,0,0,"- ",NF,35.289398193359375,-120.658203125,"SAN LUIS OBISPO","SAN LUIS OBISPO",-122.79540252685547,38.252620697021484
9384284,2021,2022-01-07,4006,2021-11-14,1939,19810,,7,5,4,4006,0,0,0,,0,,"SANTA ROSA",OLIVE,0.00,,Y,A,-,N,,,,,,,,,,N,3,0,1,2,A,-,05,21650,1,N,D,A,A,A,H,-,C,-,0,,Y,,,Y,,-,"- ",0,1,0,0,0,0,1,0,0,"- ","- ",35.287609100341797,-120.66448974609375,"SAN LUIS OBISPO","SAN LUIS OBISPO",-120.66426086425781,35.287525177001953
9384285,2021,2022-01-07,4006,2021-11-20,1854,80908,,6,5,4,4006,0,0,0,,0,,CALIFORNIA,"RT 101",0.00,,Y,A,-,N,,,,,,,,,,Y,4,0,1,2,A,-,09,21802,A,N,D,C,A,A,H,-,C,A,0,,,,,Y,,A,01,0,0,1,0,0,0,0,0,0,"- ",NF,35.289291381835938,-120.65811920166016,"SAN LUIS OBISPO","SAN LUIS OBISPO",-122.79540252685547,38.252620697021484
9384297,2021,2022-01-07,4006,2021-11-04,0746,98970,,4,5,4,4006,0,0,0,,0,,"LOS OSOS VALLEY",MADONNA,164.00,W,N,A,-,N,,,,,,,,,,Y,4,0,1,2,A,-,09,21804,A,N,D,C,A,A,H,-,A,A,0,,,Y,,Y,,A,01,0,0,1,0,0,0,0,0,1,"- ","- ",35.152500152587891,-120.41269683837891,"SAN LUIS OBISPO","SAN LUIS OBISPO",-120.69108581542969,35.256999969482422
9384298,2021,2022-01-07,4006,2021-11-17,1741,68099,,3,5,4,4006,0,0,0,,0,,"LOS OSOS VALLEY","AUTO PARK",0.00,,Y,A,-,N,,,,,,,,,,Y,4,0,1,2,A,-,03,22350,,N,C,C,A,A,H,-,C,D,0,,,Y,,Y,,C,02,0,0,1,0,0,0,0,0,1,"- ","- ",35.249900817871094,-120.685302734375,"SAN LUIS OBISPO","SAN LUIS OBISPO",-120.68514251708984,35.249858856201172
9384347,2021,2022-01-11,4003,2021-12-05,1813,T4434,2,7,5,2,4003,0,0,0,,0,001,"EMBARCADERO RD","EMBARCADERO RD 1000 BLOCK",0.00,,-,A,-,N,,,,,,,,,,N,3,0,1,2,A,-,10,21950,A,N,G,B,D,A,H,-,C,D,0,Y,,,,Y,Y,A,01,0,1,0,0,1,0,0,0,0,"- ","- ",,,"SAN LUIS OBISPO","MORRO BAY",,
9384348,2021,2022-01-11,4003,2021-12-11,1742,T4434,6,6,5,2,4003,0,0,0,,0,002,"MAIN ST","HILL ST",0.00,,Y,A,-,N,,,,,,,,,,Y,4,0,1,2,A,-,01,23153,A,N,C,C,A,A,H,-,C,D,0,,,,,Y,Y,A,07,0,0,1,0,0,0,0,0,0,"- ","- ",,,"SAN LUIS OBISPO","MORRO BAY",-120.85601806640625,35.382484436035156
9384644,2021,2021-12-28,4008,2021-07-27,1033,3134,A,2,5,4,4008,0,0,0,,0,,"EL CAMINO REAL","CURBARIL AV",475.00,N,N,A,-,N,,,,,,,,,,Y,4,0,1,2,A,-,09,21804,A,N,D,C,A,A,H,-,A,D,0,,,,,Y,,A,01,0,0,1,0,0,0,0,0,0,"- ","- ",35.477569580078125,-120.65640258789062,"SAN LUIS OBISPO",ATASCADERO,-120.65702056884766,35.478672027587891
9384768,2021,2021-12-31,4008,2021-11-29,1733,5155,,1,5,4,4008,0,0,0,,0,,"MORRO RD","CURBARIL AV",203.00,E,N,A,-,Y,SLO,5,41,-,-,15.150,H,-,S,Y,2,0,1,2,A,-,03,22350,,N,F,A,A,A,H,-,D,D,0,,,Y,,Y,,C,02,1,0,0,0,0,0,0,0,1,"- ","- ",35.474220275878906,-120.66832733154297,"SAN LUIS OBISPO",ATASCADERO,-120.66819000244141,35.474658966064453
9384772,2021,2021-12-30,4006,2021-11-05,1735,68099,,5,5,4,4006,0,0,0,,0,,MONTEREY,JOHNSON,0.00,,Y,A,-,N,,,,,,,,,,N,2,0,1,2,A,-,10,21950,A,N,G,B,B,A,H,-,A,A,0,Y,,,,Y,,D,22,1,0,0,0,1,0,0,0,0,"- ","- ",35.284358978271484,-120.65712738037109,"SAN LUIS OBISPO","SAN LUIS OBISPO",-120.65727233886719,35.284294128417969
9385602,2021,2022-02-07,4002,2021-12-24,1258,749,,5,5,3,4002,0,0,0,,0,,"W GRAND AV","W GRAND AV 1500",0.00,,N,A,-,N,,,,,,,,,,Y,4,0,1,2,A,-,08,22107,,N,D,C,A,A,H,-,A,A,0,,,,,Y,,A,01,0,0,1,0,0,0,0,0,0,"- ","- ",,,"SAN LUIS OBISPO","GROVER BEACH",-120.60917663574219,35.120960235595703
9385603,2021,2022-02-07,4002,2021-12-21,1045,216,,2,5,3,4002,0,0,0,,0,,"N 2ND ST","GRAND AV",0.00,,N,A,-,N,,,,,,,,,,N,4,0,1,1,A,-,03,22350,,N,F,A,A,A,H,-,A,A,0,,,Y,,Y,,C,02,0,0,1,0,0,0,0,0,1,"- ","- ",,,"SAN LUIS OBISPO","GROVER BEACH",-120.62895202636719,35.121906280517578
9387563,2021,2022-01-05,4001,2021-11-29,1319,P0144,463,1,5,3,4001,0,0,0,,0,OPERAT,"S HALCYON RD","FARROLL AV",13.00,E,N,A,-,N,,,,,,,,,,Y,4,0,2,2,A,-,09,21802,A,N,A,C,A,A,H,-,A,A,0,,,,,Y,,A,01,0,0,2,0,0,0,0,0,0,"- ","- ",,,"SAN LUIS OBISPO","ARROYO GRANDE",-120.59162139892578,35.110561370849609
9387564,2021,2022-02-07,4001,2021-11-26,1928,P0158,461,5,5,3,4001,0,0,0,,0,OPERAT,"WEST BRANCH ST","TRAFFIC WY",0.00,,Y,A,-,N,,,,,,,,,,N,4,0,1,2,A,-,12,21453,A,N,A,C,A,A,H,-,C,A,0,,,,,Y,,-,"- ",0,0,1,0,0,0,0,0,0,"- ","- ",,,"SAN LUIS OBISPO","ARROYO GRANDE",-120.58126831054688,35.122528076171875
9387566,2021,2022-01-12,4001,2021-11-22,1810,P0150,461,1,5,3,4001,0,0,0,,0,OPERAT,"EAST GRAND AV","RT 101",25.00,W,N,A,-,Y,SLO,5,101,-,-,29.660,R,4,N,N,3,0,2,1,A,-,03,22350,,N,F,A,A,A,H,-,C,A,0,,,Y,,Y,,C,02,0,1,1,0,0,0,0,0,2,"- ",NF,,,"SAN LUIS OBISPO","ARROYO GRANDE",-120.65510559082031,35.291793823242188
9387567,2021,2022-01-05,4001,2021-11-18,1238,P0131,463,4,5,3,4001,0,0,0,,0,OPERAT,"EAST GRAND AV","EL CAMINO REAL",0.00,,Y,A,-,N,,,,,,,,,,N,4,0,1,2,A,-,09,21802,A,N,D,C,A,A,H,-,A,A,0,,,,,Y,,A,01,0,0,1,0,0,0,0,0,0,"- ","- ",,,"SAN LUIS OBISPO","ARROYO GRANDE",-120.58357238769531,35.121429443359375
9387569,2021,2022-01-06,4001,2021-11-08,1745,P0150,463,1,5,3,4001,0,0,0,,0,OPERAT,"ASH ST","JASMINE PL",72.00,E,N,A,-,N,,,,,,,,,,N,4,0,1,2,A,-,03,22350,,N,D,C,A,A,H,-,C,D,0,,,,,Y,,A,01,0,0,1,0,0,0,0,0,0,"- ","- ",,,"SAN LUIS OBISPO","ARROYO GRANDE",-120.60731506347656,35.114955902099609
9387901,2021,2022-02-01,4006,2021-12-09,1855,19810,,4,5,4,4006,0,0,0,,0,,FOOTHILL,"LA ENTRADA",0.00,,Y,A,-,N,,,,,,,,,,Y,4,0,2,2,A,-,01,23153,A,F,B,C,A,A,H,-,C,D,0,,,,,Y,Y,A,01,0,0,2,0,0,0,0,0,0,"- ","- ",35.294078826904297,-120.68305969238281,"SAN LUIS OBISPO","SAN LUIS OBISPO",-120.68312835693359,35.294139862060547
9387916,2021,2022-01-10,4002,2021-12-16,1308,478,,4,5,3,4002,0,0,0,,0,,"W GRAND AV","N 13TH ST",0.00,,Y,A,-,N,,,,,,,,,,N,4,0,1,2,A,-,12,21453,A,N,D,C,A,A,H,-,A,A,0,,,,,Y,,A,07,0,0,1,0,0,0,0,0,0,"- ","- ",,,"SAN LUIS OBISPO","GROVER BEACH",-120.61531066894531,35.121250152587891
9389672,2021,2022-01-13,4008,2021-12-29,0939,5011,,3,5,4,4008,0,0,0,,0,,"SAN ANDRES AV","SANTA YNEZ AV",102.00,N,N,C,-,N,,,,,,,,,,N,3,0,1,2,A,-,21,22106,,N,G,B,E,B,H,-,A,D,0,Y,,,,Y,,A,01,0,1,0,0,1,0,0,0,0,"- ","- ",35.481060028076172,-120.66966247558594,"SAN LUIS OBISPO",ATASCADERO,-120.66953277587891,35.480979919433594
9389673,2021,2022-01-13,4002,2021-12-17,1813,478,,5,5,3,4002,0,0,0,,0,,"W GRAND AV","11TH ST",111.00,E,N,A,-,N,,,,,,,,,,N,3,0,1,2,A,-,03,22350,,F,D,B,D,A,H,-,C,D,0,Y,,,,Y,Y,-,,0,1,0,0,1,0,0,0,0,"- ","- ",,,"SAN LUIS OBISPO","GROVER BEACH",-120.61739349365234,35.121345520019531
9389966,2021,2022-01-21,4006,2021-12-10,1651,20008,,5,5,4,4006,0,0,0,,0,,CALIFORNIA,TAFT,0.00,,Y,A,-,N,,,,,,,,,,N,3,0,1,2,A,-,08,22107,,N,B,G,A,A,H,-,A,A,0,,Y,,,Y,,L,04,0,1,0,0,0,0,1,0,0,"- ","- ",35.290988922119141,-120.66046142578125,"SAN LUIS OBISPO","SAN LUIS OBISPO",-120.66030120849609,35.290897369384766
9389982,2021,2022-02-03,4006,2021-12-02,1357,82350,,4,5,4,4006,0,0,0,,0,,HIGUERA,SUBURBAN,0.00,,Y,A,-,N,,,,,,,,,,Y,4,0,1,2,A,-,03,22350,,N,C,C,A,A,H,-,A,A,0,,,,,Y,,D,22,0,0,1,0,0,0,0,0,0,"- ","- ",,,"SAN LUIS OBISPO","SAN LUIS OBISPO",-120.67539978027344,35.244026184082031
9390291,2021,2022-01-24,4008,2021-12-04,1645,2054,C,6,5,4,4008,0,0,0,,0,,"EL CAMINO REAL","SAN ANSELMO RD",0.00,,Y,A,-,N,,,,,,,,,,N,4,0,1,2,A,-,09,21802,B,N,H,G,A,A,H,-,A,A,0,,Y,,,Y,,A,01,0,0,1,0,0,0,1,0,0,"- ","- ",35.498119354248047,-120.68196105957031,"SAN LUIS OBISPO",ATASCADERO,-120.68321990966797,35.499492645263672
9390330,2021,2022-01-24,4006,2021-12-04,1438,80908,,6,5,4,4006,0,0,0,,0,,BROAD,"CAUDILL ST",615.00,S,N,A,-,N,,,,,,,,,,Y,3,0,2,2,A,-,09,21804,A,N,D,C,A,A,H,-,A,D,0,,,,,Y,,A,01,0,2,0,0,0,0,0,0,0,"- ","- ",35.285991668701172,-120.65366363525391,"SAN LUIS OBISPO","SAN LUIS OBISPO",-120.65286254882812,35.265121459960938
9392758,2021,2022-02-08,4001,2021-12-24,1721,P0157,462,5,5,3,4001,0,0,0,,0,OPERAT,"E BRANCH ST","N MAIN ST",0.00,,Y,B,-,N,,,,,,,,,,N,4,0,2,2,A,-,03,22350,,N,C,D,A,A,H,-,B,D,0,,,,,Y,,A,01,0,0,2,0,0,0,0,0,0,"- ","- ",,,"SAN LUIS OBISPO","ARROYO GRANDE",,
9392759,2021,2022-02-08,4001,2021-12-01,2134,P0148,461,3,5,3,4001,0,0,0,,0,OPERAT,"121 ALLEN ST","ALLEN ST 121",0.00,,N,A,-,N,,,,,,,,,,N,4,0,1,2,A,-,21,22106,,N,D,C,A,A,H,-,C,D,0,,,Y,,Y,,A,01,0,0,1,0,0,0,0,0,1,"- ","- ",,,"SAN LUIS OBISPO","ARROYO GRANDE",-119.14553070068359,35.388702392578125
9396215,2021,2022-02-25,4002,2021-12-28,1744,498,,2,5,3,4002,0,0,0,,0,,"OAK PARK BL","SEABRIGHT AV",0.00,,Y,A,-,N,,,,,,,,,,Y,4,0,2,2,A,-,08,22107,,N,D,C,A,A,H,-,C,A,0,,,,,Y,,A,07,0,0,2,0,0,0,0,0,0,"- ","- ",,,"SAN LUIS OBISPO","GROVER BEACH",-120.60950469970703,35.116855621337891
9396508,2021,2022-02-04,4001,2021-12-26,1310,P0147,463,7,5,3,4001,0,0,0,,0,OPERAT,"EAST GRAND AV","EL CAMINO REAL",387.00,E,N,A,-,N,,,,,,,,,,Y,3,0,1,2,A,-,12,21453,A,N,D,C,A,A,H,-,A,A,0,,,,,Y,,A,01,0,1,0,0,0,0,0,0,0,"- ","- ",,,"SAN LUIS OBISPO","ARROYO GRANDE",-120.5823974609375,35.121871948242188
9396509,2021,2022-02-04,4001,2021-12-26,0936,P0158,463,7,5,3,4001,0,0,0,,0,OPERAT,"S HALCYON RD","DODSON WY",350.00,N,N,A,-,N,,,,,,,,,,Y,4,0,6,2,A,-,01,23153,F,N,A,C,A,A,H,-,C,D,0,,,,,Y,,A,01,0,0,6,0,0,0,0,0,0,"- ","- ",,,"SAN LUIS OBISPO","ARROYO GRANDE",-120.59159088134766,35.116470336914062
9396512,2021,2022-02-04,4001,2021-12-05,1901,P0156,461,7,5,3,4001,0,0,0,,0,OPERAT,"TRAFFIC WY","WEST BRANCH ST",0.00,,Y,A,-,N,,,,,,,,,,N,3,0,2,2,A,-,01,23153,A,F,C,C,A,A,H,-,C,A,0,,,,,Y,Y,A,01,0,1,1,0,0,0,0,0,0,"- ","- ",,,"SAN LUIS OBISPO","ARROYO GRANDE",-120.58126831054688,35.122528076171875
9402432,2021,2022-02-16,4008,2021-12-29,0439,3113,B,3,5,4,4008,0,0,0,,0,,"MORRO RD","SANTA YNEZ AV",31.00,S,N,C,-,Y,SLO,5,41,-,-,14.890,H,-,N,Y,4,0,1,2,A,-,03,22350,,N,B,E,A,B,H,-,D,D,0,,,,,Y,,D,22,0,0,1,0,0,0,0,0,0,"- ","- ",35.471000671386719,-120.66938018798828,"SAN LUIS OBISPO",ATASCADERO,-120.66926574707031,35.470939636230469